Name,Rating,Short_Description,Features,SKU,Final_Price,MRP_Price,Included_Items,Product_Link,Processor,Operating_System,Display,Graphics,RAM,Storage,Microsoft_Office,Accessories,RAM_GB,Storage_Value,Storage_Type,Storage_GB,Discount,Processor_Brand,Processor_Level,Laptop_Type,Graphics_Type,Price_Category,Has_Backpack,Has_Mouse,Has_Office,Upsell_Score,Cross_Sell_Items,Brand
"HP Laptop 35.6 cm (14) 14-ep0342TU, Silver",3.5,Powerfully and responsibly made to get things done everyday,"13th Generation Intel® Core™ i5 processor | Windows 11 Home | 35.6 cm (14) diagonal, FHD display | Intel® Iris® Xᵉ Graphics | 16 GB DDR4 RAM | 512 GB SSD Hard Drive",BG6D5PA,58499.0,67811.0,HP X Entry Backpack worth  ₹1999.00 | Microsoft Office Home 2024 Lifetime Subscription worth ₹9199.00,https://www.hp.com/in-en/shop/hp-laptop-14-ep0342tu-bg6d5pa.html,13th Generation Intel® Core™ i5 processor,Windows 11 Home,"35.6 cm (14) diagonal, FHD display",Intel® Iris® Xᵉ Graphics,16 GB DDR4 RAM,512 GB SSD Hard Drive,Microsoft Office Home 2024 Lifetime Subscription worth ₹9199.00,hp x entry backpack ,16.0,512,SSD,512,9312.0,Intel,i5,Normal,Integrated,Mid-Range,1,0,True,50.5,Mouse,
"HP Laptop 39.6 cm (15.6) 15-fc0500AU, Silver",4.5,Reliable computing yet stylish laptop that makes the wallet happy,"AMD Ryzen™ 3-7320U processor | Windows 11 Home | 39.6 cm (15.6) diagonal, FHD display | AMD Radeon™ Graphics | 8 GB 5500 LPDDR5 (on-board) RAM | 512 GB SSD Hard Drive",BV2W0PA,39999.0,44783.0,HP X Entry Backpack worth  ₹1999.00 | Microsoft Office Home 2024 Lifetime Subscription worth ₹9199.00 | 1 year Microsoft 365 basic subscription,https://www.hp.com/in-en/shop/hp-laptop-15-fc0500au-bv2w0pa.html,AMD Ryzen™ 3-7320U processor,Windows 11 Home,"39.6 cm (15.6) diagonal, FHD display",AMD Radeon™ Graphics,8 GB 5500 LPDDR5 (on-board) RAM,512 GB SSD Hard Drive,1 year Microsoft 365 basic subscription,hp x entry backpack ,8.0,512,SSD,512,4784.0,AMD,Other,Normal,Integrated,Budget,1,0,False,39.5,"Mouse, MS Office",
"HP OMEN Gaming Laptop 16-am0277TX, Black",0.0,Bold performance without the burnout,"Intel® Core™ 7 processor | Windows 11 Home | 40.6 cm (16) diagonal, 2K, IPS, anti-glare, Low Blue Light, 165 Hz, 400 nits display | NVIDIA® GeForce RTX™ 5050 8GB | 24 GB DDR5-5600 RAM (Upgradeable) | 1 TB SSD Hard Drive",C5BW1PA,129499.0,146134.0,Microsoft Office Home 2024 Lifetime Subscription worth ₹9199.00 | 1 year Microsoft 365 basic subscription,https://www.hp.com/in-en/shop/hp-omen-gaming-laptop-16-am0277tx-c5bw1pa.html,Intel® Core™ 7 processor,Windows 11 Home,"40.6 cm (16) diagonal, 2K, IPS, anti-glare, Low Blue Light, 165 Hz, 400 nits display",Integrated,24 GB DDR5-5600 RAM (Upgradeable),1 TB SSD Hard Drive,1 year Microsoft 365 basic subscription,none,24.0,1,SSD,1024,16635.0,Intel,Other,Premium,Integrated,Premium,0,0,False,50.0,"Backpack, Mouse, MS Office",
"HP Victus 39.6 cm (15.6) Gaming Laptop 15-fb3118AX, Blue",4.6667,Fulfill your gaming destiny,"AMD Ryzen™ 7-7445HS processor | Windows 11 Home | 39.6 cm (15.6) diagonal FHD 144 Hz, IPS, 300 nits display | NVIDIA® GeForce RTX™ 4050 6GB | 16 GB DDR5-5600 RAM | 512 GB SSD Hard Drive",BT6D0PA,86499.0,95745.0,Microsoft Office Home 2024 Lifetime Subscription worth ₹9199.00 | 1 year Microsoft 365 basic subscription,https://www.hp.com/in-en/shop/hp-victus-gaming-laptop-15-fb3118ax-bt6d0pa.html,AMD Ryzen™ 7-7445HS processor,Windows 11 Home,"39.6 cm (15.6) diagonal FHD 144 Hz, IPS, 300 nits display",Integrated,16 GB DDR5-5600 RAM,512 GB SSD Hard Drive,1 year Microsoft 365 basic subscription,none,16.0,512,SSD,512,9246.0,AMD,Other,Premium,Integrated,Premium,0,0,False,56.3335,"Backpack, Mouse, MS Office",
"HP OmniBook 7 AI Laptop 14-fr0116TU, Silver",5.0,An AI PC built for durability and designed to excel,"Intel® Core™ Ultra 7 processor | Windows 11 Home | 35.6 cm (14) diagonal, 3K, OLED, 120 Hz, SDR 400 nits, HDR 500 nits display | Intel® Arc™ 140T GPU | 32 GB LPDDR5-5200 RAM | 1 TB SSD Hard Drive",BK6N6PA,118499.0,127781.0,"HP 310 15.6 Laptop Backpack worth ₹2,999.00 | Microsoft Office Home 2024 Lifetime Subscription worth ₹9199.00 | 1 year Microsoft 365 basic subscription",https://www.hp.com/in-en/shop/hp-omnibook-7-ai-14-fr0116tu-bk6n6pa.html,Intel® Core™ Ultra 7 processor,Windows 11 Home,"35.6 cm (14) diagonal, 3K, OLED, 120 Hz, SDR 400 nits, HDR 500 nits display",Integrated,32 GB LPDDR5-5200 RAM,1 TB SSD Hard Drive,1 year Microsoft 365 basic subscription,hp 310 15.6 laptop backpack ,32.0,1,SSD,1024,9282.0,Intel,Other,Premium,Integrated,Premium,1,0,False,91.0,"Mouse, MS Office",
"HP OmniBook X Flip 14-fm0100TU Next Gen AI PC, Blue",4.4286,"Copilot+ PC.Unleash your creativity with supercharged performance wrapped in a thin and light design. Meet OmniBook X, the AI-enhanced evolution of HP Envy.","Intel® Core™ Ultra 7 processor (47 TOPS) | Next-Gen Windows | 35.6 cm (14) diagonal 3K OLED, UWVA touch display | Intel® Arc™ Graphics | 16 GB LPDDR5x RAM | 1 TB SSD Hard Drive",C1RB2PA,127999.0,139330.0,"MPP 2.0 pen worth ₹ 3,999 | HP Creator 13.3 Laptop Sling worth ₹5,500.00 | Microsoft Office Home 2024 Lifetime Subscription worth ₹9199.00 | 1 year Microsoft 365 basic subscription",https://www.hp.com/in-en/shop/hp-omnibook-x-flipngai-14-fm0100tu-c1rb2pa.html,Intel® Core™ Ultra 7 processor (47 TOPS),Next-Gen Windows,"35.6 cm (14) diagonal 3K OLED, UWVA touch display",Intel® Arc™ Graphics,16 GB LPDDR5x RAM,1 TB SSD Hard Drive,1 year Microsoft 365 basic subscription,mpp 2.0 pen ,16.0,1,SSD,1024,11331.0,Intel,Other,Premium,Integrated,Premium,0,0,False,56.143,"Backpack, Mouse, MS Office",
"HP OmniBook 5 Laptop 16-ba1124TU, Blue",3.5556,"Create content, work on the go, and stay connected.",13th Generation Intel® Core™ i5 processor | Windows 11 Home | 40.6 cm (16) diagonal 2K IPS display | Intel® Iris® Xᵉ Graphics | 16 GB LPDDR5x-4800 RAM | 1 TB SSD Hard Drive,BH4K6PA,73999.0,78855.0,"HP 310 15.6 Laptop Backpack worth ₹2,999.00 | Microsoft Office Home 2024 Lifetime Subscription worth ₹9199.00 | 1 year Microsoft 365 basic subscription",https://www.hp.com/in-en/shop/hp-omnibook-5-laptop-16-ba1124tu-bh4k6pa.html,13th Generation Intel® Core™ i5 processor,Windows 11 Home,40.6 cm (16) diagonal 2K IPS display,Intel® Iris® Xᵉ Graphics,16 GB LPDDR5x-4800 RAM,1 TB SSD Hard Drive,1 year Microsoft 365 basic subscription,hp 310 15.6 laptop backpack ,16.0,1,SSD,1024,4856.0,Intel,i5,Normal,Integrated,Mid-Range,1,0,False,51.778,"Mouse, MS Office",
"HP Victus 39.6 cm (15.6) Gaming Laptop 15-fa2309TX, Silver",4.4,Follow your gaming destiny,"13th Generation Intel® Core™ i7 processor | Windows 11 Home | 39.6 cm (15.6) diagonal, FHD, 144 Hz, IPS display | NVIDIA® GeForce RTX™ 5050 8 GB | 24 GB DDR5-5600 RAM | 1 TB SSD Hard Drive",C25MSPA,112499.0,124318.0,Microsoft Office Home 2024 Lifetime Subscription worth ₹9199.00 | 1 year Microsoft 365 basic subscription,https://www.hp.com/in-en/shop/hp-victus-gaming-laptop-15-fa2309tx-c25mspa.html,13th Generation Intel® Core™ i7 processor,Windows 11 Home,"39.6 cm (15.6) diagonal, FHD, 144 Hz, IPS display",Integrated,24 GB DDR5-5600 RAM,1 TB SSD Hard Drive,1 year Microsoft 365 basic subscription,none,24.0,1,SSD,1024,11819.0,Intel,i7,Premium,Integrated,Premium,0,0,False,72.0,"Backpack, Mouse, MS Office",
"HP Laptop 39.6 cm (15.6) 15-fd1254TU, Silver",3.25,Reliable computing yet stylish laptop that makes the wallet happy,"Intel® Core™ Ultra 5 processor | Windows 11 Home | 39.6 cm (15.6) diagonal, FHD IPS display | Intel® Arc™ Graphics | 16 GB DDR5-5600 RAM | 512 GB SSD Hard Drive",BG6E6PA,67999.0,83033.0,HP X Entry Backpack worth  ₹1999.00 | Microsoft Office Home 2024 Lifetime Subscription worth ₹9199.00 | 1 year Microsoft 365 basic subscription,https://www.hp.com/in-en/shop/hp-laptop-15-fd1254tu-bg6e6pa.html,Intel® Core™ Ultra 5 processor,Windows 11 Home,"39.6 cm (15.6) diagonal, FHD IPS display",Intel® Arc™ Graphics,16 GB DDR5-5600 RAM,512 GB SSD Hard Drive,1 year Microsoft 365 basic subscription,hp x entry backpack ,16.0,512,SSD,512,15034.0,Intel,Other,Normal,Integrated,Mid-Range,1,0,False,49.25,"Mouse, MS Office",
"HP Laptop 39.6 cm (15.6) 15-fr0046TU, Silver",0.0,Reliable computing yet stylish laptop that makes the wallet happy,"13th Generation Intel® Core™ i7-13620H processor | Windows 11 Home | 39.6 cm (15.6) diagonal, FHD display | Intel® Graphics | 16 GB DDR4-3200 RAM | 512 GB SSD Hard Drive",C27GLPA,72700.0,77506.0,HP X Entry Backpack worth  ₹1999.00 | Microsoft Office Home 2024 Lifetime Subscription worth ₹9199.00,https://www.hp.com/in-en/shop/hp-laptop-15-fr0046tu-c27glpa.html,13th Generation Intel® Core™ i7-13620H processor,Windows 11 Home,"39.6 cm (15.6) diagonal, FHD display",Intel® Graphics,16 GB DDR4-3200 RAM,512 GB SSD Hard Drive,Microsoft Office Home 2024 Lifetime Subscription worth ₹9199.00,hp x entry backpack ,16.0,512,SSD,512,4806.0,Intel,i7,Normal,Integrated,Mid-Range,1,0,True,33.0,Mouse,
"HP Victus 39.6cm (15.6) Gaming Laptop 15-fa2700TX, Silver",3.3333,Follow your gaming destiny,"13th Generation Intel® Core™ i5 processor | Windows 11 Home | 39.6 cm (15.6) diagonal FHD IPS 144 Hz, 300 nits display | RTX 3050 6GB | 16 GB DDR4 RAM | 512 GB SSD Hard Drive",B7GP4PA,78170.0,88473.0,Microsoft Office Home 2024 Lifetime Subscription worth ₹9199.00 | Microsoft Xbox Game Pass 3 month | 1 year Microsoft 365 basic subscription,https://www.hp.com/in-en/shop/victus-gaming-laptop-15-fa2700tx-b7gp4pa.html,13th Generation Intel® Core™ i5 processor,Windows 11 Home,"39.6 cm (15.6) diagonal FHD IPS 144 Hz, 300 nits display",Integrated,16 GB DDR4 RAM,512 GB SSD Hard Drive,1 year Microsoft 365 basic subscription,none,16.0,512,SSD,512,10303.0,Intel,i5,Gaming,Integrated,Mid-Range,0,0,False,49.6665,"Backpack, Mouse, MS Office",
"HP OmniBook 5 Next Gen AI 16-ag1046AU, Silver",5.0,Copilot+ PC.The upgrade you need from HP Pavilion. Excellent for students and families.,AMD Ryzen™ AI 7 processor | Windows 11 Home | 40.5 cm (16) diagonal 2K IPS touch display | AMD Radeon™ 860M Graphics | 16 GB LPDDR5x-7500 RAM | 1 TB SSD Hard Drive,C20W1PA,86499.0,99526.0,"HP 310 15.6 Laptop Backpack worth ₹2,999.00 | Microsoft Office Home 2024 Lifetime Subscription worth ₹9199.00",https://www.hp.com/in-en/shop/hp-omnibook-5-ngai-16-ag1046au-c20w1pa.html,AMD Ryzen™ AI 7 processor,Windows 11 Home,40.5 cm (16) diagonal 2K IPS touch display,AMD Radeon™ 860M Graphics,16 GB LPDDR5x-7500 RAM,1 TB SSD Hard Drive,Microsoft Office Home 2024 Lifetime Subscription worth ₹9199.00,hp 310 15.6 laptop backpack ,16.0,1,SSD,1024,13027.0,AMD,Other,Premium,Integrated,Premium,1,0,True,59.0,Mouse,
"HP OmniBook 5 40.6 cm (16) Laptop 16-ba1789TU, Silver",0.0,The upgrade you need from HP Pavilion. Excellent for students and families.,"13th Generation Intel® Core™ i5 processor | Windows 11 Home | 40.6 cm (16) diagonal, 2K, Anti glare, IPS display with Intel® Iris® Xᵉ Graphics | 16 GB LPDDR5x-4800 RAM | 512 GB SSD Hard Drive | Full-size backlit keyboard, Touchscreen, HP True Vision 1080p FHD IR camera, Mic mute key, Camera privacy shutter",BG1P2PA,68999.0,77642.0,"HP 310 15.6 Laptop Backpack worth ₹2,999.00 | Microsoft Office Home 2024 Lifetime Subscription worth ₹9199.00",https://www.hp.com/in-en/shop/hp-omnibook-5-laptop-16-ba1789tu-bg1p2pa.html,13th Generation Intel® Core™ i5 processor,Windows 11 Home,"40.6 cm (16) diagonal, 2K, Anti glare, IPS display with Intel® Iris® Xᵉ Graphics",Integrated,16 GB LPDDR5x-4800 RAM,512 GB SSD Hard Drive,Microsoft Office Home 2024 Lifetime Subscription worth ₹9199.00,hp 310 15.6 laptop backpack ,16.0,512,SSD,512,8643.0,Intel,i5,Normal,Integrated,Mid-Range,1,0,True,33.0,Mouse,
"HP Laptop 35.6 cm (14) 14-ep0343TU, Silver",0.0,Powerfully and responsibly made to get things done everyday,"13th Generation Intel® Core™ i3-1315U processor | Windows 11 Home | 35.6 cm (14) diagonal, FHD display | Intel® Graphics | 8 GB DDR4 RAM | 512 GB SSD Hard Drive",BG6D6PA,40799.0,49631.0,HP X Entry Backpack worth  ₹1999.00 | Microsoft Office Home 2024 Lifetime Subscription worth ₹9199.00,https://www.hp.com/in-en/shop/hp-laptop-14-ep0343tu-bg6d6pa.html,13th Generation Intel® Core™ i3-1315U processor,Windows 11 Home,"35.6 cm (14) diagonal, FHD display",Intel® Graphics,8 GB DDR4 RAM,512 GB SSD Hard Drive,Microsoft Office Home 2024 Lifetime Subscription worth ₹9199.00,hp x entry backpack ,8.0,512,SSD,512,8832.0,Intel,i3,Normal,Integrated,Budget,1,0,True,17.0,Mouse,
"HP Victus 39.6 cm (15.6) Gaming Laptop 15-fb3185AX, Silver",3.4,Step up the fun with our most affordable gaming laptop range that doesn't shy on performance.,"AMD Ryzen™ 7 processor | Windows 11 Home | 39.6 cm (15.6) diagonal, FHD, 144 Hz, IPS display | NVIDIA® GeForce RTX™ 5050 8GB | 24 GB DDR5-5600 RAM | 1 TB SSD Hard Drive",C28DWPA,107499.0,120928.0,Microsoft Office Home 2024 Lifetime Subscription worth ₹9199.00 | 1 year Microsoft 365 basic subscription,https://www.hp.com/in-en/shop/hp-victus-gaming-laptop-15-fb3185ax-c28dwpa.html,AMD Ryzen™ 7 processor,Windows 11 Home,"39.6 cm (15.6) diagonal, FHD, 144 Hz, IPS display",Integrated,24 GB DDR5-5600 RAM,1 TB SSD Hard Drive,1 year Microsoft 365 basic subscription,none,24.0,1,SSD,1024,13429.0,AMD,Other,Premium,Integrated,Premium,0,0,False,67.0,"Backpack, Mouse, MS Office",
"HP OmniBook X Flip 14-fm0058TU Next Gen AI PC, Silver",3.0,"Copilot+ PC.Unleash your creativity with supercharged performance wrapped in a thin and light design. Meet OmniBook X, the AI-enhanced evolution of HP Envy.","Intel® Core™ Ultra 5 processor | Windows 11 Home Single Language | 35.6 cm (14) diagonal 3K OLED, UWVA touch display | Intel® Arc™ Graphics | 16 GB LPDDR5x-8533 RAM | 512 GB SSD Hard Drive",BH7C0PA,109999.0,125841.0,"MPP 2.0 pen worth ₹ 3,999 | HP Creator 13.3 Laptop Sling worth ₹5,500.00 | Microsoft Office Home 2024 Lifetime Subscription worth ₹9199.00 | 1 year Microsoft 365 basic subscription",https://www.hp.com/in-en/shop/hp-omnibook-x-flipngai-14-fm0058tu-bh7c0pa.html,Intel® Core™ Ultra 5 processor,Windows 11 Home Single Language,"35.6 cm (14) diagonal 3K OLED, UWVA touch display",Intel® Arc™ Graphics,16 GB LPDDR5x-8533 RAM,512 GB SSD Hard Drive,1 year Microsoft 365 basic subscription,mpp 2.0 pen ,16.0,512,SSD,512,15842.0,Intel,Other,Premium,Integrated,Premium,0,0,False,48.0,"Backpack, Mouse, MS Office",
"HP Pavilion Plus 35.6 cm (14) Laptop 14-ew0107TU, Silver",4.1176,Unleash your potential with the HP Pavilion Plus 14 Laptop,13th Generation Intel® Core™ i5 processor | Windows 11 Home | 35.6 cm (14) diagonal 2K display | Intel® Iris® Xᵉ Graphics | 16 GB LPDDR5x RAM | 512 GB SSD Hard Drive,B6MK7PA,75999.0,93876.0,"HP 310 15.6 Laptop Backpack worth ₹2,999.00 | Microsoft Office Home 2024 Lifetime Subscription worth ₹9199.00 | 1 year Microsoft 365 basic subscription",https://www.hp.com/in-en/shop/hp-pavilion-plus-laptop-14-ew0107tu-b6mk7pa.html,13th Generation Intel® Core™ i5 processor,Windows 11 Home,35.6 cm (14) diagonal 2K display,Intel® Iris® Xᵉ Graphics,16 GB LPDDR5x RAM,512 GB SSD Hard Drive,1 year Microsoft 365 basic subscription,hp 310 15.6 laptop backpack ,16.0,512,SSD,512,17877.0,Intel,i5,Normal,Integrated,Mid-Range,1,0,False,53.588,"Mouse, MS Office",
"HP OMEN 40.6 cm (16.1) Gaming Laptop 16-am0241TX, Black",5.0,Bold performance without the burnout,"14th Generation Intel® Core™ i7 processor | Windows 11 Home | 40.6 cm (16) diagonal, 2K, 165Hz, IPS, anti-glare, Low Blue Light, 400 nits display | NVIDIA® GeForce RTX™ 5050 8 GB | 24 GB DDR5-5600 RAM | 1 TB SSD Hard Drive",C25MXPA,141999.0,162996.0,Microsoft Office Home 2024 Lifetime Subscription worth ₹9199.00 | 1 year Microsoft 365 basic subscription,https://www.hp.com/in-en/shop/hp-omen-gaming-laptop-16-am0241tx-c25mxpa.html,14th Generation Intel® Core™ i7 processor,Windows 11 Home,"40.6 cm (16) diagonal, 2K, 165Hz, IPS, anti-glare, Low Blue Light, 400 nits display",Integrated,24 GB DDR5-5600 RAM,1 TB SSD Hard Drive,1 year Microsoft 365 basic subscription,none,24.0,1,SSD,1024,20997.0,Intel,i7,Premium,Integrated,Premium,0,0,False,75.0,"Backpack, Mouse, MS Office",
"HP OmniBook 5 Laptop 16-ba1008TU, Silver",3.5,The upgrade you need from HP Pavilion. Excellent for students and families.,13th Generation Intel® Core™ i5-1334U processor | Windows 11 Home | 40.5 cm (16) diagonal 2K IPS display | Intel® Iris® Xᵉ Graphic | 16 GB LPDDR5x-4800 RAM | 512 GB SSD Hard Drive,BP0J9PA,66999.0,76434.0,"HP 310 15.6 Laptop Backpack worth ₹2,999.00 | Microsoft Office Home 2024 Lifetime Subscription worth ₹9199.00 | 1 year Microsoft 365 basic subscription",https://www.hp.com/in-en/shop/hp-omnibook-5-laptop-16-ba1008tu-bp0j9pa.html,13th Generation Intel® Core™ i5-1334U processor,Windows 11 Home,40.5 cm (16) diagonal 2K IPS display,Integrated,16 GB LPDDR5x-4800 RAM,512 GB SSD Hard Drive,1 year Microsoft 365 basic subscription,hp 310 15.6 laptop backpack ,16.0,512,SSD,512,9435.0,Intel,i5,Normal,Integrated,Mid-Range,1,0,False,50.5,"Mouse, MS Office",
"HP Victus 39.6cm (15.6) Gaming Laptop 15-fb3120AX, Blue",2.0,Fulfill your gaming destiny,"AMD Ryzen™ 7-7445HS processor | Windows 11 Home | 39.6 cm (15.6) diagonal FHD 144 Hz, IPS, 300 nits display | NVIDIA® GeForce RTX™ 3050 6GB | 16 GB DDR5-5600 RAM | 512 GB SSD Hard Drive",BT6E1PA,75499.0,84838.0,Microsoft Office Home 2024 Lifetime Subscription worth ₹9199.00 | 1 year Microsoft 365 basic subscription,https://www.hp.com/in-en/shop/hp-victus-gaming-laptop-15-fb3120ax-bt6e1pa.html,AMD Ryzen™ 7-7445HS processor,Windows 11 Home,"39.6 cm (15.6) diagonal FHD 144 Hz, IPS, 300 nits display",Integrated,16 GB DDR5-5600 RAM,512 GB SSD Hard Drive,1 year Microsoft 365 basic subscription,none,16.0,512,SSD,512,9339.0,AMD,Other,Gaming,Integrated,Mid-Range,0,0,False,43.0,"Backpack, Mouse, MS Office",
"HP OMEN Gaming Laptop 16-am0239TX, Black",4.0,Bold performance without the burnout,"14th generation Intel® Core™ i7 processor | Windows 11 Home | 40.6 cm (16) diagonal, 2K, IPS, anti-glare, Low Blue Light, 165 Hz, 400 nits display | NVIDIA® GeForce RTX™ 5060 8GB | 24 GB DDR5-5600 RAM (Upgradeable) | 1 TB SSD Hard Drive",C25MVPA,150999.0,174237.0,Microsoft Office Home 2024 Lifetime Subscription worth ₹9199.00 | 1 year Microsoft 365 basic subscription,https://www.hp.com/in-en/shop/hp-omen-gaming-laptop-16-am0239tx-c25mvpa.html,14th generation Intel® Core™ i7 processor,Windows 11 Home,"40.6 cm (16) diagonal, 2K, IPS, anti-glare, Low Blue Light, 165 Hz, 400 nits display",Integrated,24 GB DDR5-5600 RAM (Upgradeable),1 TB SSD Hard Drive,1 year Microsoft 365 basic subscription,none,24.0,1,SSD,1024,23238.0,Intel,i7,Premium,Integrated,Premium,0,0,False,70.0,"Backpack, Mouse, MS Office",
"HP Pavilion Plus 35.6 cm (14) Laptop 14-ew0108TU, Blue",4.8333,"Unleash your potential with the HP Pavilion Plus 14"" Laptop",13th Generation Intel® Core™ i5 processor | Windows 11 Home | 35.6 cm (14) diagonal 2K display | Intel® Iris® Xᵉ Graphics | 16 GB LPDDR5x-5200 RAM | 512 GB SSD Hard Drive,B6PA5PA,78499.0,95006.0,"HP 310 15.6 Laptop Backpack worth ₹2,999.00 | Microsoft Office Home 2024 Lifetime Subscription worth ₹9199.00 | 1 year Microsoft 365 basic subscription",https://www.hp.com/in-en/shop/hp-pavilion-plus-laptop-14-ew0108tu-b6pa5pa.html,13th Generation Intel® Core™ i5 processor,Windows 11 Home,35.6 cm (14) diagonal 2K display,Intel® Iris® Xᵉ Graphics,16 GB LPDDR5x-5200 RAM,512 GB SSD Hard Drive,1 year Microsoft 365 basic subscription,hp 310 15.6 laptop backpack ,16.0,512,SSD,512,16507.0,Intel,i5,Normal,Integrated,Mid-Range,1,0,False,57.1665,"Mouse, MS Office",
"HP OMEN Gaming Laptop 16-am0279TX, Black",5.0,Bold performance without the burnout,"14th generation Intel® Core™ i9 processor | Windows 11 Home | 40.6 cm (16) diagonal, 2K, IPS, anti-glare, Low Blue Light, 165 Hz, 400 nits display | NVIDIA® GeForce RTX™ 5060 8GB | 24 GB DDR5-5600 RAM (Upgradeable) | 1 TB SSD Hard Drive",C57F3PA,165999.0,191099.0,Microsoft Office Home 2024 Lifetime Subscription worth ₹9199.00 | 1 year Microsoft 365 basic subscription,https://www.hp.com/in-en/shop/hp-omen-gaming-laptop-16-am0279tx-c57f3pa.html,14th generation Intel® Core™ i9 processor,Windows 11 Home,"40.6 cm (16) diagonal, 2K, IPS, anti-glare, Low Blue Light, 165 Hz, 400 nits display",Integrated,24 GB DDR5-5600 RAM (Upgradeable),1 TB SSD Hard Drive,1 year Microsoft 365 basic subscription,none,24.0,1,SSD,1024,25100.0,Intel,i9,Premium,Integrated,Premium,0,0,False,75.0,"Backpack, Mouse, MS Office",
"HP OmniBook 5 Flip 35.6 cm (14) 14-fp0790TU, Silver",1.0,The upgrade you need from HP Pavilion. Excellent for students and families.,13th Generation Intel® Core™ i5 processor | Windows 11 Home Single Language | 35.6 cm (14) diagonal 2K IPS display | Intel® Iris® Xᵉ Graphics | 16 GB LPDDR5-5200 RAM | 1 TB SSD Hard Drive,BX9Q8PA,80999.0,90485.0,"HP 310 15.6 Laptop Backpack worth ₹2,999.00 | Microsoft Office Home 2024 Lifetime Subscription worth ₹9199.00",https://www.hp.com/in-en/shop/hp-omnibook-5-flip-14-fp0790tu-bx9q8pa.html,13th Generation Intel® Core™ i5 processor,Windows 11 Home Single Language,35.6 cm (14) diagonal 2K IPS display,Intel® Iris® Xᵉ Graphics,16 GB LPDDR5-5200 RAM,1 TB SSD Hard Drive,Microsoft Office Home 2024 Lifetime Subscription worth ₹9199.00,hp 310 15.6 laptop backpack ,16.0,1,SSD,1024,9486.0,Intel,i5,Premium,Integrated,Premium,1,0,True,39.0,Mouse,
"HP OmniBook 5 Next Gen AI 14-he0014QU, Silver",5.0,Copilot+ PC.The upgrade you need from HP Pavilion. Excellent for students and families.,Snapdragon® X processor | Windows 11 Home | 35.6 cm (14) diagonal 2K OLED display | Qualcomm® Adreno™ GPU | 16 GB LPDDR5x-8448 RAM | 512 GB SSD Hard Drive,C08Q6PA,75499.0,83704.0,"HP 310 15.6 Laptop Backpack worth ₹2,999.00 | Microsoft Office Home 2024 Lifetime Subscription worth ₹9199.00 | 1 year Microsoft 365 basic subscription",https://www.hp.com/in-en/shop/hp-omnibook-5-next-gen-ai-14-he0014qu-c08q6pa.html,Snapdragon® X processor,Windows 11 Home,35.6 cm (14) diagonal 2K OLED display,Integrated,16 GB LPDDR5x-8448 RAM,512 GB SSD Hard Drive,1 year Microsoft 365 basic subscription,hp 310 15.6 laptop backpack ,16.0,512,SSD,512,8205.0,Other,Other,Normal,Integrated,Mid-Range,1,0,False,58.0,"Mouse, MS Office",
"HP OMEN 40.6 cm (16) Gaming Laptop 16-ap0165AX, Black",4.5,Copilot+ PC.Pro Gaming. Built for unbelievable speed and immersive gameplay.,"AMD Ryzen™ AI 7 processor | Windows 11 Home | 40.6 cm (16) diagonal, 2K, 165Hz, IPS, anti-glare, Low Blue Light, 400 nits display | NVIDIA® GeForce RTX™ 5050 8 GB | 24 GB DDR5-5600 RAM | 1 TB SSD Hard Drive",C2XD2PA,138999.0,162996.0,Microsoft Office Home 2024 Lifetime Subscription worth ₹9199.00 | 1 year Microsoft 365 basic subscription,https://www.hp.com/in-en/shop/hp-omen-gaming-laptop-16-ap0165ax-c2xd2pa.html,AMD Ryzen™ AI 7 processor,Windows 11 Home,"40.6 cm (16) diagonal, 2K, 165Hz, IPS, anti-glare, Low Blue Light, 400 nits display",Integrated,24 GB DDR5-5600 RAM,1 TB SSD Hard Drive,1 year Microsoft 365 basic subscription,none,24.0,1,SSD,1024,23997.0,AMD,Other,Premium,Integrated,Premium,0,0,False,72.5,"Backpack, Mouse, MS Office",
"HP OmniBook 5 Next Gen AI 16-ag1037AU, Silver",4.5,Copilot+ PC.The upgrade you need from HP Pavilion. Excellent for students and families.,"AMD Ryzen™ AI 5 processor | Windows 11 Home | 40.6 cm (16) diagonal, 2K IPS, 300 nits display | AMD Radeon™ 840M Graphics | 16 GB LPDDR5x-7500 RAM | 512 GB SSD Hard Drive",BP0J7PA,76999.0,85965.0,Trendsetter Backpack | Microsoft Office Home 2024 Lifetime Subscription worth ₹9199.00 | 1 year Microsoft 365 basic subscription,https://www.hp.com/in-en/shop/hp-omnibook-5-ngai-16-ag1037au-bp0j7pa.html,AMD Ryzen™ AI 5 processor,Windows 11 Home,"40.6 cm (16) diagonal, 2K IPS, 300 nits display",AMD Radeon™ 840M Graphics,16 GB LPDDR5x-7500 RAM,512 GB SSD Hard Drive,1 year Microsoft 365 basic subscription,trendsetter backpack,16.0,512,SSD,512,8966.0,AMD,Other,Normal,Integrated,Mid-Range,1,0,False,55.5,"Mouse, MS Office",
"HP OMEN Gaming Laptop 16-ap0181AX, Black",0.0,Copilot+ PC.Pro Gaming. Built for unbelievable speed and immersive gameplay.,"AMD Ryzen™ 9 processor | Windows 11 Home | 40.6 cm (16) diagonal, 2K, IPS, anti-glare, Low Blue Light, 165 Hz, 400 nits display | NVIDIA® GeForce RTX™ 5060 8GB | 24 GB DDR5-5200 RAM (Upgradeable) | 1 TB SSD Hard Drive",C74VNPA,157999.0,185478.0,Microsoft Office Home 2024 Lifetime Subscription worth ₹9199.00 | 1 year Microsoft 365 basic subscription,https://www.hp.com/in-en/shop/hp-omen-gaming-laptop-16-ap0181ax-c74vnpa.html,AMD Ryzen™ 9 processor,Windows 11 Home,"40.6 cm (16) diagonal, 2K, IPS, anti-glare, Low Blue Light, 165 Hz, 400 nits display",Integrated,24 GB DDR5-5200 RAM (Upgradeable),1 TB SSD Hard Drive,1 year Microsoft 365 basic subscription,none,24.0,1,SSD,1024,27479.0,AMD,Other,Premium,Integrated,Premium,0,0,False,50.0,"Backpack, Mouse, MS Office",
"HP OmniBook X Laptop 35.6 cm (14) 14-fe1011QU Next Gen AI PC, Silver",4.0,"Copilot+ PC.Unleash your creativity with supercharged performance wrapped in a thin and light design. Meet OmniBook X, the AI-enhanced evolution of HP Envy.","Snapdragon® X (8 core) Plus processor (45 TOPS) | Next-Gen Windows | 35.6 cm (14) diagonal, 2.2K (2240 x 1400), touch display | Qualcomm® Adreno™ GPU | 16 GB DDR5 OB RAM | 512 GB SSD Hard Drive",B17S7PA,106499.0,131462.0,"Microsoft Office Home & Student 2021 Lifetime Subscription worth ₹9199.00 | HP Creator 13.3 Laptop Sling worth ₹5,500.00",https://www.hp.com/in-en/shop/hp-omnibook-x-laptop-14-fe1011qu-b17s7pa.html,Snapdragon® X (8 core) Plus processor (45 TOPS),Next-Gen Windows,"35.6 cm (14) diagonal, 2.2K (2240 x 1400), touch display",Integrated,16 GB DDR5 OB RAM,512 GB SSD Hard Drive,Microsoft Office Home & Student 2021 Lifetime Subscription worth ₹9199.00,hp creator 13.3 laptop sling ,16.0,512,SSD,512,24963.0,Other,Other,Premium,Integrated,Premium,0,0,True,53.0,"Backpack, Mouse",
"HP OMEN MAX Gaming Laptop 16, Black, Ryzen AI 7 350 (8C), RTX 5070 8GB, 32 GB",0.0,Copilot+ PC.Pro Gaming. Built for unbelievable speed and immersive gameplay.,"AMD Ryzen™ AI 7 350 (8C) processor | Windows 11 Home | 40.6 cm (16) diagonal, 2K, IPS, anti-glare, Low Blue Light, 165 Hz, 400 nits display | NVIDIA® GeForce RTX™ 5070 8 GB | 32 GB DDR5 RAM | 1 TB SSD Hard Drive",BE6Z6PA,189999.0,213581.0,Microsoft Office Home 2024 Lifetime Subscription worth ₹9199.00 | Microsoft Xbox Game Pass 3 month,https://www.hp.com/in-en/shop/hp-omen-max-gaming-laptop-16-ak0021ax-be6z6pa.html,AMD Ryzen™ AI 7 350 (8C) processor,Windows 11 Home,"40.6 cm (16) diagonal, 2K, IPS, anti-glare, Low Blue Light, 165 Hz, 400 nits display",Integrated,32 GB DDR5 RAM,1 TB SSD Hard Drive,Microsoft Xbox Game Pass 3 month,none,32.0,1,SSD,1024,23582.0,AMD,Other,Premium,Integrated,Premium,0,0,False,66.0,"Backpack, Mouse, MS Office",
"HP ProBook 4 G1q 35.6 cm (14) Notebook Next Gen AI PC, Silver",0.0,Copilot+ PC.Power your business with next-gen AI performance,"Snapdragon® X processor | Windows 11 Pro | 35.6 cm (14) diagonal, WUXGA, IPS, 300 nits display | Qualcomm® Adreno™ GPU | 16 GB LPDDR5x-8533 RAM | 512 GB SSD Hard Drive",C22NGAT,87599.0,96777.0,,https://www.hp.com/in-en/shop/hp-probook-4-g1q-14-notebook-next-gen-ai-pc-c22ngat.html,Snapdragon® X processor,Windows 11 Pro,"35.6 cm (14) diagonal, WUXGA, IPS, 300 nits display",Integrated,16 GB LPDDR5x-8533 RAM,512 GB SSD Hard Drive,No,none,16.0,512,SSD,512,9178.0,Other,Other,Premium,Integrated,Premium,0,0,False,33.0,"Backpack, Mouse, MS Office",
"HP ProBook 4 G1q 35.6 cm (14) Notebook Next Gen AI PC, Silver",0.0,Copilot+ PC.Power your business with next-gen AI performance,"Snapdragon® X processor | Windows 11 Pro | 35.6 cm (14) diagonal, WUXGA, IPS, 300 nits display | Qualcomm® Adreno™ GPU | 32 GB LPDDR5x-8533 RAM | 1 TB SSD Hard Drive",C22NHAT,98499.0,111222.0,,https://www.hp.com/in-en/shop/hp-probook-4-g1q-14-notebook-next-gen-ai-pc-c22nhat.html,Snapdragon® X processor,Windows 11 Pro,"35.6 cm (14) diagonal, WUXGA, IPS, 300 nits display",Integrated,32 GB LPDDR5x-8533 RAM,1 TB SSD Hard Drive,No,none,32.0,1,SSD,1024,12723.0,Other,Other,Premium,Integrated,Premium,0,0,False,66.0,"Backpack, Mouse, MS Office",
"HP ProBook 4 G1i 35.6 cm (14) Laptop AI PC, Silver",0.0,Affordable devices designed with business in mind; commercial grade features with durable design,"Intel® Core™ Ultra 5 processor | Windows 11 Pro | 35.6 cm (14) diagonal, WUXGA, IPS display | Intel® Graphics | 16 GB DDR5-5600 RAM | 512 GB SSD Hard Drive",C37CJPA,115299.0,116599.0,,https://www.hp.com/in-en/shop/hp-probook-4-g1i-14-notebook-ai-pc-c37cjpa.html,Intel® Core™ Ultra 5 processor,Windows 11 Pro,"35.6 cm (14) diagonal, WUXGA, IPS display",Intel® Graphics,16 GB DDR5-5600 RAM,512 GB SSD Hard Drive,No,none,16.0,512,SSD,512,1300.0,Intel,Other,Premium,Integrated,Premium,0,0,False,33.0,"Backpack, Mouse, MS Office",
"HP ProBook 4 G1i 35.6 cm (14) Laptop AI PC, Silver",0.0,Affordable devices designed with business in mind; commercial grade features with durable design,"Intel® Core™ Ultra 5 processor | Windows 11 Pro | 35.6 cm (14) diagonal, WUXGA, IPS display | Intel® Graphics | 16 GB DDR5-5600 RAM | 512 GB SSD Hard Drive",CM4Y5PA,128299.0,129551.0,,https://www.hp.com/in-en/shop/hp-probook-4-g1i-14-notebook-ai-pc-cm4y5pa.html,Intel® Core™ Ultra 5 processor,Windows 11 Pro,"35.6 cm (14) diagonal, WUXGA, IPS display",Intel® Graphics,16 GB DDR5-5600 RAM,512 GB SSD Hard Drive,No,none,16.0,512,SSD,512,1252.0,Intel,Other,Premium,Integrated,Premium,0,0,False,33.0,"Mouse, MS Office",
"HP ProBook 4 G1i 35.6 cm (14) Laptop AI PC, Silver",0.0,Affordable devices designed with business in mind; commercial grade features with durable design,"Intel® Core™ Ultra 7 processor | Windows 11 Pro | 35.6 cm (14) diagonal, WUXGA, IPS display | Intel® Graphics | 16 GB DDR5-5600 RAM | 1 TB SSD Hard Drive",CG1Z9PA,140499.0,141954.0,,https://www.hp.com/in-en/shop/hp-probook-4-g1i-14-notebook-ai-pc-cg1z9pa.html,Intel® Core™ Ultra 7 processor,Windows 11 Pro,"35.6 cm (14) diagonal, WUXGA, IPS display",Intel® Graphics,16 GB DDR5-5600 RAM,1 TB SSD Hard Drive,No,none,16.0,1,SSD,1024,1455.0,Intel,Other,Premium,Integrated,Premium,0,0,False,34.0,"Backpack, Mouse, MS Office",
"HP EliteBook X G1a 35.6 cm (14) Notebook Next Gen AI PC, Silver",0.0,Copilot+ PC.The game-changing AI PC tech experts dream about,AMD Ryzen™ AI 7 PRO processor | Windows 11 Pro | 35.6 cm (14) diagonal 2.8K OLED touch display | AMD Radeon™ 880M Graphics | 32 GB LPDDR5x-8533 RAM | 1 TB SSD Hard Drive,B85TQPT,188899.0,202223.0,"HP 215 39.6 cm (15.6) Laptop Backpack worth ₹ 1,785",https://www.hp.com/in-en/shop/hp-elitebook-x-g1a-14-inch-notebook-next-gen-ai-pc-b85tqpt.html,AMD Ryzen™ AI 7 PRO processor,Windows 11 Pro,35.6 cm (14) diagonal 2.8K OLED touch display,AMD Radeon™ 880M Graphics,32 GB LPDDR5x-8533 RAM,1 TB SSD Hard Drive,No,hp 215 39.6 cm (15.6) laptop backpack ,32.0,1,SSD,1024,13324.0,AMD,Other,Premium,Integrated,Premium,1,0,False,66.0,"Mouse, MS Office",
"HP EliteBook X G1i 35.6 cm (14) Notebook Next Gen AI PC, Blue",0.0,Copilot+ PC.The game-changing AI PC tech experts dream about,Intel® Core™ Ultra 7 processor | Windows 11 Pro | 35.6 cm (14) diagonal WUXGA touch display | Intel® Arc™ Graphics | 32 GB LPDDR5x RAM | 1 TB SSD Hard Drive,B8QX7PT,199999.0,223456.0,,https://www.hp.com/in-en/shop/hp-elitebook-x-g1i-14-inch-notebook-next-gen-ai-pc-b8qx7pt.html,Intel® Core™ Ultra 7 processor,Windows 11 Pro,35.6 cm (14) diagonal WUXGA touch display,Intel® Arc™ Graphics,32 GB LPDDR5x RAM,1 TB SSD Hard Drive,No,none,32.0,1,SSD,1024,23457.0,Intel,Other,Premium,Integrated,Premium,0,0,False,66.0,"Mouse, MS Office",
"HP EliteBook Ultra G1i 35.6 cm (14) Notebook Next Gen AI PC, Blue",4.0,Copilot+ PC.Lead the way with this sophisticated next-gen AI PC,Intel® Core™ Ultra 7 processor | Windows 11 Pro | 35.6 cm (14) diagonal OLED IPS touch display | Intel® Arc™ Graphics | 32 GB LPDDR5x RAM | 1 TB SSD Hard Drive,B7TQ8PT,204999.0,228223.0,"HP 215 39.6 cm (15.6) Laptop Backpack worth ₹ 1,785",https://www.hp.com/in-en/shop/hp-elitebook-ultra-g1i-14-inch-notebook-next-gen-ai-pc-b7tq8pt.html,Intel® Core™ Ultra 7 processor,Windows 11 Pro,35.6 cm (14) diagonal OLED IPS touch display,Intel® Arc™ Graphics,32 GB LPDDR5x RAM,1 TB SSD Hard Drive,No,hp 215 39.6 cm (15.6) laptop backpack ,32.0,1,SSD,1024,23224.0,Intel,Other,Premium,Integrated,Premium,1,0,False,86.0,"Mouse, MS Office",
"HP EliteBook X G1a 35.6 cm (14) Notebook Next Gen AI PC, Silver",0.0,Copilot+ PC.The game-changing AI PC tech experts dream about,AMD Ryzen™ AI 9 processor | Windows 11 Pro | 35.6 cm (14) diagonal 2.8K OLED touch display | AMD Radeon™ 890M Graphics | 64 GB LPDDR5x RAM | 1 TB SSD Hard Drive,B85W7PT,220999.0,246667.0,"HP 215 39.6 cm (15.6) Laptop Backpack worth ₹ 1,785",https://www.hp.com/in-en/shop/hp-elitebook-x-g1a-14-inch-notebook-next-gen-ai-pc-b85w7pt.html,AMD Ryzen™ AI 9 processor,Windows 11 Pro,35.6 cm (14) diagonal 2.8K OLED touch display,AMD Radeon™ 890M Graphics,64 GB LPDDR5x RAM,1 TB SSD Hard Drive,No,hp 215 39.6 cm (15.6) laptop backpack ,64.0,1,SSD,1024,25668.0,AMD,Other,Premium,Integrated,Premium,1,0,False,130.0,"Backpack, Mouse, MS Office",
"HP EliteBook X G1a 35.6 cm (14) Notebook Next Gen AI PC, Silver",0.0,Copilot+ PC.The game-changing AI PC tech experts dream about,AMD Ryzen™ AI 9 processor | Windows 11 Pro | 35.6 cm (14) diagonal 2.8K OLED touch display | AMD Radeon™ 890M Graphics | 32 GB LPDDR5x RAM | 1 TB SSD Hard Drive,B85W6PT,224499.0,,"HP 215 39.6 cm (15.6) Laptop Backpack worth ₹ 1,785",https://www.hp.com/in-en/shop/hp-elitebook-x-g1a-14-inch-notebook-next-gen-ai-pc-b85w6pt.html,AMD Ryzen™ AI 9 processor,Windows 11 Pro,35.6 cm (14) diagonal 2.8K OLED touch display,AMD Radeon™ 890M Graphics,32 GB LPDDR5x RAM,1 TB SSD Hard Drive,No,hp 215 39.6 cm (15.6) laptop backpack ,32.0,1,SSD,1024,,AMD,Other,Premium,Integrated,Premium,1,0,False,66.0,"Backpack, Mouse, MS Office",
"HP EliteBook X G1i 35.6 cm (14) Notebook Next Gen AI PC, Blue",0.0,Copilot+ PC.The game-changing AI PC tech experts dream about,Intel® Core™ Ultra 7 processor | Windows 11 Pro | 35.6 cm (14) diagonal WUXGA touch display | Intel® Arc™ Graphics | 32 GB LPDDR5x RAM | 1 TB SSD Hard Drive,B8QX0PT,228999.0,252778.0,,https://www.hp.com/in-en/shop/hp-elitebook-x-g1i-14-inch-notebook-next-gen-ai-pc-b8qx0pt.html,Intel® Core™ Ultra 7 processor,Windows 11 Pro,35.6 cm (14) diagonal WUXGA touch display,Intel® Arc™ Graphics,32 GB LPDDR5x RAM,1 TB SSD Hard Drive,No,none,32.0,1,SSD,1024,23779.0,Intel,Other,Premium,Integrated,Premium,0,0,False,66.0,"Mouse, MS Office",
HP ZBook Studio 40.6 cm (16) G11,1.950016958,,"up to Intel® Core™ Ultra 9 processor | up to Windows 11 Pro | up to NVIDIA® GeForce RTX™ 4070 Laptop GPU | up to 64GB DDR5 5600 RAM | up to 2 TB SSD Solid State Drive | Fingerprint reader, Spill-resistant, full-size, backlit keyboard, Audio by Poly Studio",zbookstudiog11,274114.0,,,https://www.hp.com/in-en/shop/hp-zbook-studio-40-6-cm-16-g11.html,up to Intel® Core™ Ultra 9 processor,up to Windows 11 Pro,,Integrated,up to 64GB DDR5 5600 RAM,up to 2 TB SSD Solid State Drive,No,none,64.0,2,SSD,2048,,Intel,Other,Premium,Integrated,Premium,0,0,False,141.7500848,"Backpack, Mouse, MS Office",
"HP ProBook 4 35.6 cm (14) G1iR Business Laptop PC, Silver",0.0,Affordable devices designed with business in mind; commercial grade features with durable design,"13th Generation Intel® Core™ i5 processor | FreeDOS | 35.6 cm (14) diagonal, WUXGA IPS display | Intel® Iris® Xᵉ Graphics | 8 GB DDR5-5600 RAM | 512 GB SSD Hard Drive",C22NLAT,79499.0,82445.0,"HP 215 39.6 cm (15.6) Laptop Backpack worth ₹ 1,785",https://www.hp.com/in-en/shop/hp-probook-4-g1ir-14-inch-notebook-pc-c22nlat.html,13th Generation Intel® Core™ i5 processor,Unknown,"35.6 cm (14) diagonal, WUXGA IPS display",Intel® Iris® Xᵉ Graphics,8 GB DDR5-5600 RAM,512 GB SSD Hard Drive,No,hp 215 39.6 cm (15.6) laptop backpack ,8.0,512,SSD,512,2946.0,Intel,i5,Normal,Integrated,Mid-Range,1,0,False,17.0,"Backpack, Mouse, MS Office",
HP ZBook Firefly 35.6 cm (14) G11,1.950016958,,up to Intel® Core™ Ultra 7 processor | up to Windows 11 Pro | up to NVIDIA RTX™ A500 Laptop GPU | up to 32 GB DDR5-5600 RAM | up to 1 TB SSD Solid State Drive,zbookfirefly14,81499.0,,,https://www.hp.com/in-en/shop/hp-zbook-firefly-35-6-cm-14-g11.html,up to Intel® Core™ Ultra 7 processor,up to Windows 11 Pro,,Integrated,up to 32 GB DDR5-5600 RAM,up to 1 TB SSD Solid State Drive,No,none,32.0,1,SSD,1024,,Intel,Other,Premium,Integrated,Premium,0,0,False,75.75008479,"Backpack, Mouse, MS Office",
"HP ZBook Firefly 35.6 cm (14) G11 Mobile Workstation PC, Silver",3.0,"Recommended for  2D and light 3D workflows, photography, and for running multiple large Microsoft Office files.",AMD Ryzen™ 5 processor | Windows 11 Pro | 35.6 cm (14) diagonal WUXGA display | Intel® UMA Graphics | 16 GB DDR5-5600 RAM | 512 GB SSD Solid State Drive,B7ER3PT,90105.0,186397.0,"FREE Bag (35L98AA) worth ₹ 1,785",https://www.hp.com/in-en/shop/hp-zbook-firefly-14-g11-a-mobile-workstation-pc-b7er3pt.html,AMD Ryzen™ 5 processor,Windows 11 Pro,35.6 cm (14) diagonal WUXGA display,Intel® UMA Graphics,16 GB DDR5-5600 RAM,512 GB SSD Solid State Drive,No,free bag (35l98aa) ,16.0,512,SSD,512,96292.0,AMD,Other,Premium,Integrated,Premium,0,0,False,48.0,"Backpack, Mouse",
"HP ZBook Firefly 35.6 cm (14) G11 Mobile Workstation PC, Silver",3.0,"Recommended for  2D and light 3D workflows, photography, and for running multiple large Microsoft Office files.",AMD Ryzen™ 7 processor | FreeDOS | 35.6 cm (14) diagonal WUXGA display | Intel® UMA Graphics | 16 GB DDR5-5600 RAM | 512 GB SSD Solid State Drive,B7EQ5PT,95533.0,182490.0,"FREE Bag (35L98AA) worth ₹ 1,785",https://www.hp.com/in-en/shop/hp-zbook-firefly-14-g11-a-mobile-workstation-pc-b7eq5pt.html,AMD Ryzen™ 7 processor,Unknown,35.6 cm (14) diagonal WUXGA display,Intel® UMA Graphics,16 GB DDR5-5600 RAM,512 GB SSD Solid State Drive,No,free bag (35l98aa) ,16.0,512,SSD,512,86957.0,AMD,Other,Premium,Integrated,Premium,0,0,False,48.0,"Backpack, Mouse, MS Office",
HP ZBook Firefly 35.6 cm (14) G11 Mobile Workstation PC,3.9375,"Recommended for  2D and light 3D workflows, photography, and for running multiple large Microsoft Office files.",Intel® Core™ Ultra 7 processor | FreeDOS | 35.6 cm (14) diagonal WUXGA  display | Intel® Graphics | 16 GB DDR5-5600 RAM | 512 GB SSD Solid State Drive,A92U3PT,102999.0,184837.0,,https://www.hp.com/in-en/shop/hp-zbook-firefly-14-g11-mobile-workstation-pc-a92u3pt.html,Intel® Core™ Ultra 7 processor,Unknown,35.6 cm (14) diagonal WUXGA  display,Intel® Graphics,16 GB DDR5-5600 RAM,512 GB SSD Solid State Drive,No,none,16.0,512,SSD,512,81838.0,Intel,Other,Premium,Integrated,Premium,0,0,False,52.6875,"Backpack, Mouse, MS Office",
"HP EliteBook 640 35.6 cm (14) G10 Notebook PC, Silver",0.0,Empowering the hybrid workforce,13th Generation Intel® Core™ i5 processor | Windows 11 Pro | 35.6 cm (14) diagonal FHD display | Intel® Iris® Xᵉ Graphics | 16 GB DDR4 RAM | 1 TB SSD Hard Drive,B81V2AT,107199.0,120968.0,"HP 215 39.6 cm (15.6) Laptop Backpack worth ₹ 1,785",https://www.hp.com/in-en/shop/hp-elitebook-640-14-g10-notebook-pc-b81v2at.html,13th Generation Intel® Core™ i5 processor,Windows 11 Pro,35.6 cm (14) diagonal FHD display,Intel® Iris® Xᵉ Graphics,16 GB DDR4 RAM,1 TB SSD Hard Drive,No,hp 215 39.6 cm (15.6) laptop backpack ,16.0,1,SSD,1024,13769.0,Intel,i5,Premium,Integrated,Premium,1,0,False,34.0,"Backpack, Mouse, MS Office",
"HP ZBook Firefly 35.6 cm (14) G11 Mobile Workstation PC, Silver",3.0,"Recommended for  2D and light 3D workflows, photography, and for running multiple large Microsoft Office files.",AMD Ryzen™ 7 processor | Windows 11 Pro | 35.6 cm (14) diagonal WUXGA display | Intel® UMA Graphics | 16 GB DDR5-5600 RAM | 512 GB SSD Solid State Drive,B7ER2PT,109103.0,210174.0,"FREE Bag (35L98AA) worth ₹ 1,785",https://www.hp.com/in-en/shop/hp-zbook-firefly-14-inch-g11-a-mobile-workstation-pc-b7er2pt.html,AMD Ryzen™ 7 processor,Windows 11 Pro,35.6 cm (14) diagonal WUXGA display,Intel® UMA Graphics,16 GB DDR5-5600 RAM,512 GB SSD Solid State Drive,No,free bag (35l98aa) ,16.0,512,SSD,512,101071.0,AMD,Other,Premium,Integrated,Premium,0,0,False,48.0,"Backpack, Mouse, MS Office",
"HP ZBook Firefly 35.6 cm (14) G11 Mobile Workstation PC, Silver",3.9375,"Recommended for  2D and light 3D workflows, photography, and for running multiple large Microsoft Office files.",Intel® Core™ Ultra 7 processor | Windows 11 Pro | 35.6 cm (14) diagonal WUXGA display | Intel® Graphics | 16 GB DDR5-5600 RAM | 1 TB PCIe® NVMe™ SSD Solid State Drive,A1VR2PT,140999.0,224666.0,,https://www.hp.com/in-en/shop/hp-zbook-firefly-14-inch-g11-mobile-workstation-pc-a1vr2pt.html,Intel® Core™ Ultra 7 processor,Windows 11 Pro,35.6 cm (14) diagonal WUXGA display,Intel® Graphics,16 GB DDR5-5600 RAM,1 TB PCIe® NVMe™ SSD Solid State Drive,No,none,16.0,1,SSD,1024,83667.0,Intel,Other,Premium,Integrated,Premium,0,0,False,53.6875,"Backpack, Mouse, MS Office",
"HP EliteBook 1040 35.6 cm (14) G11 Business Laptop PC, Silver",4.3333,Innovative design and real power for real work,Intel® Core™ Ultra 7 processor | Windows 11 Pro | 35.6 cm (14) diagonal WUXGA display | Intel® Arc™ Graphics | 32 GB LPDDR5x RAM | 1 TB SSD Hard Drive,B85XDAT,180699.0,205085.0,"HP 215 39.6 cm (15.6) Laptop Backpack worth ₹ 1,785",https://www.hp.com/in-en/shop/hp-elitebook-1040-14-inch-g11-notebook-pc-b85xdat.html,Intel® Core™ Ultra 7 processor,Windows 11 Pro,35.6 cm (14) diagonal WUXGA display,Intel® Arc™ Graphics,32 GB LPDDR5x RAM,1 TB SSD Hard Drive,No,hp 215 39.6 cm (15.6) laptop backpack ,32.0,1,SSD,1024,24386.0,Intel,Other,Premium,Integrated,Premium,1,0,False,87.6665,"Backpack, Mouse, MS Office",
"HP Elite x360 1040 35.6 cm (14) G11 2-in-1 Business Laptop PC, Silver",5.0,Innovative design and real power for real work,Intel® Core™ Ultra 7 processor | Windows 11 Pro | 35.6 cm (14) diagonal WUXGA touch display | Intel® Arc™ Graphics | 16 GB LPDDR5x RAM | 1 TB SSD Hard Drive,B85XGPT,186199.0,211494.0,"HP 215 39.6 cm (15.6) Laptop Backpack worth ₹ 1,785",https://www.hp.com/in-en/shop/hp-elite-x360-1040-14-inch-g11-2-in-1-notebook-pc-b85xgpt.html,Intel® Core™ Ultra 7 processor,Windows 11 Pro,35.6 cm (14) diagonal WUXGA touch display,Intel® Arc™ Graphics,16 GB LPDDR5x RAM,1 TB SSD Hard Drive,No,hp 215 39.6 cm (15.6) laptop backpack ,16.0,1,SSD,1024,25295.0,Intel,Other,Premium,Integrated,Premium,1,0,False,59.0,"Backpack, Mouse, MS Office",
"HP ZBook Power 40.6 cm (16) G11 Mobile Workstation PC, Silver",3.8,Step up performance. Not size,Intel® Core™ Ultra 7 processor | Windows 11 Pro | 40.6 cm (16) diagonal WUXGA IPS display | NVIDIA RTX™ A500 Graphics | 16 GB DDR5-5600 RAM | 1 TB SSD Solid State Drive,B6SA0PT,208300.0,284592.0,"FREE Bag (35L98AA) worth ₹ 1,785",https://www.hp.com/in-en/shop/hp-zbook-power-16-inch-g11-mobile-workstation-pc-b6sa0pt.html,Intel® Core™ Ultra 7 processor,Windows 11 Pro,40.6 cm (16) diagonal WUXGA IPS display,NVIDIA RTX™ A500 Graphics,16 GB DDR5-5600 RAM,1 TB SSD Solid State Drive,No,free bag (35l98aa) ,16.0,1,SSD,1024,76292.0,Intel,Other,Premium,Dedicated,Premium,0,0,False,53.0,"Backpack, Mouse, MS Office",
"HP EliteBook 1040 14 35.6 cm (14) G11 Notebook PC, Silver",4.3333,Innovative design and real power for real work,"Intel® Core™ Ultra 5 processor | Windows 11 Pro | 35.6 cm (14) diagonal, 2.8K OLED, IPS | Intel® Arc™ Graphics | 32 GB LPDDR5x-7500 RAM | 1 TB SSD Hard Drive",AP1K8AT,220999.0,233033.0,"HP 215 39.6 cm (15.6) Laptop Backpack worth ₹ 1,785",https://www.hp.com/in-en/shop/hp-elitebook-1040-14-inch-g11-notebook-pc-ap1k8at.html,Intel® Core™ Ultra 5 processor,Windows 11 Pro,"35.6 cm (14) diagonal, 2.8K OLED, IPS",Intel® Arc™ Graphics,32 GB LPDDR5x-7500 RAM,1 TB SSD Hard Drive,No,hp 215 39.6 cm (15.6) laptop backpack ,32.0,1,SSD,1024,12034.0,Intel,Other,Premium,Integrated,Premium,1,0,False,87.6665,"Backpack, Mouse, MS Office",
"HP ZBook X G1i 40.6 cm (16) Mobile Workstation PC, Silver",0.0,Pro-certified power within reach.,"Intel® Core™ Ultra 7 processor | Windows 11 Pro | 40.6 cm (16) diagonal, WUXGA IPS display | NVIDIA RTX™ Pro 2000 Blackwell Generation Laptop GPU | 32 GB DDR5-5600 RAM | 1 TB SSD Solid State Drive",C1JT6PT,231999.0,352120.0,"HP 215 39.6 cm (15.6) Laptop Backpack worth ₹ 1,785",https://www.hp.com/in-en/shop/hp-zbook-x-g1i-16-inch-mobile-workstation-pc-data-science-c1jt6pt.html,Intel® Core™ Ultra 7 processor,Windows 11 Pro,"40.6 cm (16) diagonal, WUXGA IPS display",Integrated,32 GB DDR5-5600 RAM,1 TB SSD Solid State Drive,No,hp 215 39.6 cm (15.6) laptop backpack ,32.0,1,SSD,1024,120121.0,Intel,Other,Premium,Integrated,Premium,1,0,False,66.0,"Backpack, Mouse",
"HP ZBook Ultra 35.6 cm (14) G1a Mobile Workstation PC, Silver",0.0,Copilot+ PC. Transformative AI performance. Redefining workflows.,"AMD Ryzen™ AI Max PRO processor | Windows 11 Pro | 35.6 cm (14) diagonal, WUXGA, IPS display | AMD Radeon™ 8050S Graphics | 32 GB LPDDR5x-8533 RAM | 1 TB SSD Hard Drive",BZ6H1PT,236599.0,355792.0,"HP 215 39.6 cm (15.6) Laptop Backpack worth ₹ 1,785",https://www.hp.com/in-en/shop/hp-zbook-ultra-14-inch-g1a-mobile-workstation-pc-bz6h1pt.html,AMD Ryzen™ AI Max PRO processor,Windows 11 Pro,"35.6 cm (14) diagonal, WUXGA, IPS display",AMD Radeon™ 8050S Graphics,32 GB LPDDR5x-8533 RAM,1 TB SSD Hard Drive,No,hp 215 39.6 cm (15.6) laptop backpack ,32.0,1,SSD,1024,119193.0,AMD,Other,Premium,Integrated,Premium,1,0,False,66.0,"Backpack, Mouse",
HP ZBook Ultra 35.6 cm (14) G1a Mobile Workstation PC,0.0,Copilot+ PC. Transformative AI performance. Redefining workflows.,"AMD Ryzen™ AI Max PRO processor | Windows 11 Pro | 35.6 cm (14) diagonal, WUXGA, IPS display | AMD Radeon™ 8050S Graphics | 32 GB LPDDR5x-8533 RAM | 1 TB SSD Hard Drive",BZ6H7PT,238599.0,377376.0,"HP 215 39.6 cm (15.6) Laptop Backpack worth ₹ 1,785",https://www.hp.com/in-en/shop/hp-zbook-ultra-14-inch-g1a-mobile-workstation-pc-bz6h7pt.html,AMD Ryzen™ AI Max PRO processor,Windows 11 Pro,"35.6 cm (14) diagonal, WUXGA, IPS display",AMD Radeon™ 8050S Graphics,32 GB LPDDR5x-8533 RAM,1 TB SSD Hard Drive,No,hp 215 39.6 cm (15.6) laptop backpack ,32.0,1,SSD,1024,138777.0,AMD,Other,Premium,Integrated,Premium,1,0,False,66.0,"Mouse, MS Office",
HP ZBook Power 40.6 cm (16) G11 Mobile Workstation PC,3.8,"Recommended for  2D and light 3D workflows, photography, and for running multiple large Microsoft Office files.",Intel® Core™ Ultra 7 processor | Windows 11 Pro | 40.6 cm (16) diagonal WUXGA IPS display | NVIDIA RTX™ 2000 Ada Generation Graphics | 16 GB DDR5-5600 RAM | 1 TB SSD Solid State Drive,B6SA4PT,244260.0,337445.0,"FREE Bag (35L98AA) worth ₹ 1,785",https://www.hp.com/in-en/shop/hp-zbook-power-16-inch-g11-mobile-workstation-pc-b6sa4pt.html,Intel® Core™ Ultra 7 processor,Windows 11 Pro,40.6 cm (16) diagonal WUXGA IPS display,NVIDIA RTX™ 2000 Ada Generation Graphics,16 GB DDR5-5600 RAM,1 TB SSD Solid State Drive,No,free bag (35l98aa) ,16.0,1,SSD,1024,93185.0,Intel,Other,Premium,Dedicated,Premium,0,0,False,53.0,"Backpack, Mouse, MS Office",
HP ZBook Power 40.6 cm (16) G11,1.950016958,,"up to Intel® Core™ Ultra 9 processor | Windows 11 Pro | up to NVIDIA RTX™ A1000 Laptop GPU | up to 64 GB DDR5-5600 RAM | up to 1 TB SSD Solid State Drive | Fingerprint reader, Spill resistant and Backlit keyboard",zbookpower,262999.0,,,https://www.hp.com/in-en/shop/hp-zbook-power-40-6-cm-16-g11.html,up to Intel® Core™ Ultra 9 processor,Windows 11 Pro,,Integrated,up to 64 GB DDR5-5600 RAM,up to 1 TB SSD Solid State Drive,No,none,64.0,1,SSD,1024,,Intel,Other,Premium,Integrated,Premium,0,0,False,139.7500848,"Mouse, MS Office",
HP ZBook Fury 40.6 cm (16) G11,1.950016958,,"up to 14th Generation Intel® Core™ i9 processor | Windows 11 Pro | up to NVIDIA RTX™ 5000 Ada Generation Laptop GPU | up to 128GB RAM | up to 2 TB SSD Solid State Drive | Fingerprint reader, Audio by Poly Studio, Spill resistant and backlit keyboard",zbookfuryg11,280899.0,,,https://www.hp.com/in-en/shop/hp-zbook-fury-40-6-cm-16-g11.html,up to 14th Generation Intel® Core™ i9 processor,Windows 11 Pro,,Integrated,up to 128GB RAM,up to 2 TB SSD Solid State Drive,No,none,128.0,2,SSD,2048,,Intel,i9,Premium,Integrated,Premium,0,0,False,269.7500848,"Backpack, Mouse, MS Office",
HP ZBook Power 40.6 cm (16) G11 Mobile Workstation PC,3.8,"Recommended for  2D and light 3D workflows, photography, and for running multiple large Microsoft Office files.",Intel® Core™ Ultra 7 processor | Windows 11 Pro | 40.6 cm (16) diagonal WUXGA IPS display | NVIDIA RTX™ 3000 Ada Generation Graphics | 32 GB DDR5-5600 RAM | 1 TB SSD Solid State Drive,B6SA5PT,284970.0,402375.0,"FREE Bag (35L98AA) worth ₹ 1,785",https://www.hp.com/in-en/shop/hp-zbook-power-16-inch-g11-mobile-workstation-pc-b6sa5pt.html,Intel® Core™ Ultra 7 processor,Windows 11 Pro,40.6 cm (16) diagonal WUXGA IPS display,NVIDIA RTX™ 3000 Ada Generation Graphics,32 GB DDR5-5600 RAM,1 TB SSD Solid State Drive,No,free bag (35l98aa) ,32.0,1,SSD,1024,117405.0,Intel,Other,Premium,Dedicated,Premium,0,0,False,85.0,"Mouse, MS Office",
"HP OMEN MAX Gaming Laptop 16, Black, Ryzen AI 7 350 (8C), RTX 5070 Ti 12GB, 16 GB",5.0,Copilot+ PC.Pro Gaming. Built for unbelievable speed and immersive gameplay.,"AMD Ryzen™ AI 7 350 (8C) processor | Windows 11 Home | 40.6 cm (16) diagonal, 2K, IPS, anti-glare, Low Blue Light, 165 Hz, 400 nits display | NVIDIA® GeForce RTX™ 5070 Ti | 16 GB DDR5 RAM | 1 TB SSD Hard Drive",C1NZ7PA,194999.0,219202.0,Microsoft Office Home 2024 Lifetime Subscription worth ₹9199.00 | Microsoft Xbox Game Pass 3 month,https://www.hp.com/in-en/shop/hp-omen-max-gaming-laptop-16-ak0074ax-c1nz7pa.html,AMD Ryzen™ AI 7 350 (8C) processor,Windows 11 Home,"40.6 cm (16) diagonal, 2K, IPS, anti-glare, Low Blue Light, 165 Hz, 400 nits display",Integrated,16 GB DDR5 RAM,1 TB SSD Hard Drive,Microsoft Xbox Game Pass 3 month,none,16.0,1,SSD,1024,24203.0,AMD,Other,Premium,Integrated,Premium,0,0,False,59.0,"Mouse, MS Office",
"HP OMEN Gaming Laptop 16, Black, Core 7 - 240H (10C), RTX 5060 8GB, 24 GB",0.0,Bold performance without the burnout,"Intel® Core™ 7 240H (10C) processor | Windows 11 Home | 40.6 cm (16) diagonal, 2K, IPS, anti-glare, Low Blue Light, 165 Hz, 400 nits display | NVIDIA® GeForce RTX™ 5060 8GB | 24 GB DDR5 RAM | 1 TB SSD Hard Drive",C91T4PA,139999.0,157375.0,Microsoft Office Home 2024 Lifetime Subscription worth ₹9199.00,https://www.hp.com/in-en/shop/hp-omen-gaming-laptop-16-am0301tx-c91t4pa.html,Intel® Core™ 7 240H (10C) processor,Windows 11 Home,"40.6 cm (16) diagonal, 2K, IPS, anti-glare, Low Blue Light, 165 Hz, 400 nits display",Integrated,24 GB DDR5 RAM,1 TB SSD Hard Drive,Microsoft Office Home 2024 Lifetime Subscription worth ₹9199.00,none,24.0,1,SSD,1024,17376.0,Intel,Other,Premium,Integrated,Premium,0,0,True,50.0,"Backpack, Mouse, MS Office",
"HP OMEN Gaming Laptop 16, Black, Ryzen AI 9 365 (10C), RTX 5070 8GB, 32 GB",0.0,Copilot+ PC.Pro Gaming. Built for unbelievable speed and immersive gameplay.,"AMD Ryzen™ AI 9 365 (10C) processor | Windows 11 Home | 40.6 cm (16) diagonal, 2K, IPS, anti-glare, Low Blue Light, 165 Hz, 400 nits display | NVIDIA® GeForce RTX™ 5070 8GB | 32 GB DDR5 RAM | 1 TB SSD Hard Drive",C1NV7PA,179999.0,202340.0,Microsoft Office Home 2024 Lifetime Subscription worth ₹9199.00 | Microsoft Xbox Game Pass 3 month,https://www.hp.com/in-en/shop/hp-omen-gaming-laptop-16-ap0039ax-c1nv7pa.html,AMD Ryzen™ AI 9 365 (10C) processor,Windows 11 Home,"40.6 cm (16) diagonal, 2K, IPS, anti-glare, Low Blue Light, 165 Hz, 400 nits display",Integrated,32 GB DDR5 RAM,1 TB SSD Hard Drive,Microsoft Xbox Game Pass 3 month,none,32.0,1,SSD,1024,22341.0,AMD,Other,Premium,Integrated,Premium,0,0,False,66.0,Mouse,
"OMEN Gaming Laptop 16, Black, Ultra 7-255H (16C), RTX 5050 8GB, 32 GB",0.0,Bold performance without the burnout,"Intel® Core™ Ultra 7 processor | Windows 11 Home | 40.6 cm (16), diagonal,2K (1920 x 1200),165 Hz, 3 ms response time, IPS | NVIDIA® GeForce RTX™ 5050 8GB | 32 GB DDR5-5600 MT/s (2 x 16 GB) RAM | 1TB SSD Hard Drive",C27E3PA,154999.0,174237.0,,https://www.hp.com/in-en/shop/omen-gaming-laptop-16-am0248tx-c27e3pa.html,Intel® Core™ Ultra 7 processor,Windows 11 Home,"40.6 cm (16), diagonal,2K (1920 x 1200),165 Hz, 3 ms response time, IPS",Integrated,32 GB DDR5-5600 MT/s (2 x 16 GB) RAM,1TB SSD Hard Drive,No,none,32.0,1,SSD,1024,19238.0,Intel,Other,Premium,Integrated,Premium,0,0,False,66.0,Mouse,
"HP OMEN Gaming Laptop 16, Black, Core Ultra 5-225H (14C), RTX 5060 8GB, 16 GB",0.0,Bold performance without the burnout,"Intel® Core™ Ultra 5 225H (14C) processor | Windows 11 Home | 40.6 cm (16) diagonal, 2K, IPS, anti-glare, Low Blue Light, 165 Hz, 400 nits display | NVIDIA® GeForce RTX™ 5060 8GB | 16 GB DDR5 RAM | 1 TB SSD Hard Drive",C1PF5PA,146999.0,165244.0,Microsoft Office Home 2024 Lifetime Subscription worth ₹9199.00 | Microsoft Xbox Game Pass 3 month | 1 year Microsoft 365 basic subscription,https://www.hp.com/in-en/shop/hp-omen-gaming-laptop-16-am0172tx-c1pf5pa.html,Intel® Core™ Ultra 5 225H (14C) processor,Windows 11 Home,"40.6 cm (16) diagonal, 2K, IPS, anti-glare, Low Blue Light, 165 Hz, 400 nits display",Integrated,16 GB DDR5 RAM,1 TB SSD Hard Drive,1 year Microsoft 365 basic subscription,none,16.0,1,SSD,1024,18245.0,Intel,Other,Premium,Integrated,Premium,0,0,False,34.0,"Backpack, Mouse",
"OMEN Transcend Laptop 14, Black, Ultra 7-255H (16C), RTX 5060 8GB, 32 GB",5.0,"Built to Game, Made to Create","Intel® Core™ Ultra 7 processor | Windows 11 Home | 35.6 cm (14) diagonal 3K OLED display, 48-120 Hz refresh rate, 0.2 ms response time display | NVIDIA® GeForce RTX™ 5060 8GB | 32 GB LPDDR5x-7500 MT/s RAM | 1 TB SSD Hard Drive",C27DSPA,181999.0,204588.0,,https://www.hp.com/in-en/shop/omen-transcend-laptop-14-fb1029tx-c27dspa.html,Intel® Core™ Ultra 7 processor,Windows 11 Home,"35.6 cm (14) diagonal 3K OLED display, 48-120 Hz refresh rate, 0.2 ms response time display",Integrated,32 GB LPDDR5x-7500 MT/s RAM,1 TB SSD Hard Drive,No,none,32.0,1,SSD,1024,22589.0,Intel,Other,Premium,Integrated,Premium,0,0,False,91.0,"Backpack, Mouse, MS Office",
"HP OMEN MAX Gaming Laptop 16, Black, Ryzen AI 7 350 (8C), RTX 5070 8GB, 24 GB",0.0,Copilot+ PC.Pro Gaming. Built for unbelievable speed and immersive gameplay.,"AMD Ryzen™ AI 7 processor | Windows 11 Home | 40.6 cm (16) diagonal, 2K, IPS, anti-glare, Low Blue Light, 165 Hz, 400 nits display | NVIDIA® GeForce RTX™ 5070 8 GB | 24 GB DDR5 RAM | 1 TB SSD Hard Drive",C91THPA,182999.0,205712.0,,https://www.hp.com/in-en/shop/hp-omen-max-gaming-laptop-16-ak0101ax-c91thpa.html,AMD Ryzen™ AI 7 processor,Windows 11 Home,"40.6 cm (16) diagonal, 2K, IPS, anti-glare, Low Blue Light, 165 Hz, 400 nits display",Integrated,24 GB DDR5 RAM,1 TB SSD Hard Drive,No,none,24.0,1,SSD,1024,22713.0,AMD,Other,Premium,Integrated,Premium,0,0,False,50.0,Mouse,
"OMEN Transcend Laptop 14, Black, Ultra 9-285H (16C), RTX 5070 8GB, 32 GB DDR5",0.0,"Built to Game, Made to Create","Intel® Core™ Ultra 9 processor | Windows 11 Home | 35.6 cm (14) diagonal 3K OLED display, 48-120 Hz refresh rate, 0.2 ms response time display | NVIDIA® GeForce RTX™ 5070 8GB | 32 GB LPDDR5x-7500 MT/s  RAM | 1 TB SSD Hard Drive",C27DRPA,209999.0,236063.0,,https://www.hp.com/in-en/shop/omen-transcend-laptop-14-fb1028tx-c27drpa.html,Intel® Core™ Ultra 9 processor,Windows 11 Home,"35.6 cm (14) diagonal 3K OLED display, 48-120 Hz refresh rate, 0.2 ms response time display",Integrated,32 GB LPDDR5x-7500 MT/s  RAM,1 TB SSD Hard Drive,No,none,32.0,1,SSD,1024,26064.0,Intel,Other,Premium,Integrated,Premium,0,0,False,66.0,"Backpack, Mouse",
"HP OMEN MAX Gaming Laptop 16, Black, Ryzen AI 7 350 (8C), RTX 5070 Ti 12GB, 24 GB",0.0,Copilot+ PC.Pro Gaming. Built for unbelievable speed and immersive gameplay.,"AMD Ryzen™ AI 7 processor | Windows 11 Home | 40.6 cm (16) diagonal, 2K, IPS, anti-glare, Low Blue Light, 165 Hz, 400 nits display | NVIDIA® GeForce RTX™ 5070 Ti 12 GB | 24 GB DDR5 RAM | 1 TB SSD Hard Drive",C91TKPA,212999.0,239436.0,,https://www.hp.com/in-en/shop/hp-omen-max-gaming-laptop-16-ak0103ax-c91tkpa.html,AMD Ryzen™ AI 7 processor,Windows 11 Home,"40.6 cm (16) diagonal, 2K, IPS, anti-glare, Low Blue Light, 165 Hz, 400 nits display",Integrated,24 GB DDR5 RAM,1 TB SSD Hard Drive,No,none,24.0,1,SSD,1024,26437.0,AMD,Other,Premium,Integrated,Premium,0,0,False,50.0,"Backpack, Mouse",
"OMEN MAX Gaming Laptop 16, Black, Ultra 9 - 275HX (24C), RTX 5090 24GB, 64 GB DDR5",0.0,Built to break limits,"Intel® Core™ Ultra 9 275HX processor | Windows 11 Home | 40.6 cm (16) diagonal WQXGA OLED display,240 Hz, 0.2 ms response time, | NVIDIA® GeForce RTX™ 5090 24GB | 64 GB DDR5-5600 MT/s (2 x 16 GB) RAM | 2TB SSD Hard Drive",C27DWPA,399999.0,449646.0,,https://www.hp.com/in-en/shop/omen-max-gaming-laptop-16-ah0217tx-c27dwpa.html,Intel® Core™ Ultra 9 275HX processor,Windows 11 Home,"40.6 cm (16) diagonal WQXGA OLED display,240 Hz, 0.2 ms response time,",Integrated,64 GB DDR5-5600 MT/s (2 x 16 GB) RAM,2TB SSD Hard Drive,No,none,64.0,2,SSD,2048,49647.0,Intel,Other,Premium,Integrated,Premium,0,0,False,132.0,Mouse,
"HP OMEN Gaming Laptop 16, Black, Core 7 - 240H (10C), RTX 5070 8GB, 16 GB",0.0,Bold performance without the burnout,"Intel® Core™ 7 240H (10C) processor | Windows 11 Home | 40.6 cm (16) diagonal, 2K, IPS, anti-glare, Low Blue Light, 165 Hz, 400 nits display | NVIDIA® GeForce RTX™ 5070 8GB | 16 GB DDR5 RAM | 1 TB SSD Hard Drive",BP3Y8PA,151999.0,170865.0,Microsoft Office Home 2024 Lifetime Subscription worth ₹9199.00 | Microsoft Xbox Game Pass 3 month,https://www.hp.com/in-en/shop/hp-omen-gaming-laptop-16-am0084tx-bp3y8pa.html,Intel® Core™ 7 240H (10C) processor,Windows 11 Home,"40.6 cm (16) diagonal, 2K, IPS, anti-glare, Low Blue Light, 165 Hz, 400 nits display",Integrated,16 GB DDR5 RAM,1 TB SSD Hard Drive,Microsoft Xbox Game Pass 3 month,none,16.0,1,SSD,1024,18866.0,Intel,Other,Premium,Integrated,Premium,0,0,False,34.0,"Backpack, Mouse, MS Office",
"HP Victus 39.6 cm (15.6) Gaming Laptop 15-fa2303TX, Silver",0.0,Step up the fun with our most affordable gaming laptop range that doesn't shy on performance.,"14th generation Intel® Core™ i5-14450HX processor | Windows 11 Home | 39.6 cm (15.6) diagonal, FHD, IPS, anti-glare display | NVIDIA® GeForce RTX™ 3050 Laptop GPU (6 GB) | 24 GB DDR5-5600 RAM (upgradeable) | 512 GB SSD Hard Drive",C2JQ3PA,83999.0,96000.0,Microsoft Office Home 2024 Lifetime Subscription worth ₹9199.00,https://www.hp.com/in-en/shop/victus-gaming-laptop-15-fa2303tx-c2jq3pa.html,14th generation Intel® Core™ i5-14450HX processor,Windows 11 Home,"39.6 cm (15.6) diagonal, FHD, IPS, anti-glare display",Integrated,24 GB DDR5-5600 RAM (upgradeable),512 GB SSD Hard Drive,Microsoft Office Home 2024 Lifetime Subscription worth ₹9199.00,none,24.0,512,SSD,512,12001.0,Intel,i5,Premium,Integrated,Premium,0,0,True,49.0,"Backpack, Mouse, MS Office",
"HP Victus 39.6cm (15.6) Gaming Laptop 15-fb3122AX, Blue",0.0,Fulfill your gaming destiny,"AMD Ryzen™ 7-7445HS processor | Windows 11 Home | 39.6 cm (15.6) diagonal FHD 144 Hz, IPS, 300 nits display | NVIDIA® GeForce RTX™ 2050 4GB | 16 GB DDR5-5600 RAM(Upgradeable) | 512 GB SSD Hard Drive",BV0R4PA,67400.0,76354.0,Microsoft Office Home 2024 Lifetime Subscription worth ₹9199.00,https://www.hp.com/in-en/shop/hp-victus-gaming-laptop-15-fb3122ax-bv0r4pa.html,AMD Ryzen™ 7-7445HS processor,Windows 11 Home,"39.6 cm (15.6) diagonal FHD 144 Hz, IPS, 300 nits display",Integrated,16 GB DDR5-5600 RAM(Upgradeable),512 GB SSD Hard Drive,Microsoft Office Home 2024 Lifetime Subscription worth ₹9199.00,none,16.0,512,SSD,512,8954.0,AMD,Other,Gaming,Integrated,Mid-Range,0,0,True,33.0,"Backpack, Mouse, MS Office",
"HP Laptop 35.6 cm (14) 14-ep1152TU, Silver",0.0,Reliable computing yet stylish laptop that makes the wallet happy,"Intel® Core™ Ultra 7-155H processor | Windows 11 Home | 35.6 cm (14) diagonal FHD, anti-glare display | Intel® Arc™ Graphics | 16 GB DDR5-5600 RAM | 1 TB SSD Hard Drive",C72QJPA,79999.0,85990.0,HP X Entry Backpack worth  ₹1999.00 | Microsoft Office Home 2024 Lifetime Subscription worth ₹9199.00 | 1 year Microsoft 365 basic subscription,https://www.hp.com/in-en/shop/hp-laptop-14-ep1152tu-c72qjpa.html,Intel® Core™ Ultra 7-155H processor,Windows 11 Home,"35.6 cm (14) diagonal FHD, anti-glare display",Intel® Arc™ Graphics,16 GB DDR5-5600 RAM,1 TB SSD Hard Drive,1 year Microsoft 365 basic subscription,hp x entry backpack ,16.0,1,SSD,1024,5991.0,Intel,Other,Normal,Integrated,Mid-Range,1,0,False,34.0,"Backpack, Mouse, MS Office",
"HP OMEN Slim Gaming Laptop 16-an0015TX, Black",3.6667,Bold Performance Without the Burnout,"Intel® Core™ Ultra 7 processor | Windows 11 Home | 40.6 cm (16) diagonal, 2K, IPS, anti-glare, Low Blue Light, 165 Hz, 400 nits display | NVIDIA® GeForce RTX™ 5060 8GB | 24 GB DDR5-5600 RAM (Upgradeable) | 1 TB SSD Hard Drive",C78GNPA,150999.0,174237.0,Microsoft Office Home 2024 Lifetime Subscription worth ₹9199.00 | 1 year Microsoft 365 basic subscription,https://www.hp.com/in-en/shop/hp-omen-slim-gaming-laptop-16-an0015tx-c78gnpa.html,Intel® Core™ Ultra 7 processor,Windows 11 Home,"40.6 cm (16) diagonal, 2K, IPS, anti-glare, Low Blue Light, 165 Hz, 400 nits display",Integrated,24 GB DDR5-5600 RAM (Upgradeable),1 TB SSD Hard Drive,1 year Microsoft 365 basic subscription,none,24.0,1,SSD,1024,23238.0,Intel,Other,Premium,Integrated,Premium,0,0,False,68.3335,"Backpack, Mouse, MS Office",
"HP Laptop 35.6 cm (14) 14-ep0385TU, Silver",0.0,Reliable computing yet stylish laptop that makes the wallet happy,"Intel® Core™ 5-120U processor | Windows 11 Home | 35.6 cm (14) diagonal, FHD display | Intel® UHD Graphics | 16 GB DDR4-3200 RAM | 512 GB SSD Hard Drive",C21ZCPA,61499.0,73265.0,HP X Entry Backpack worth  ₹1999.00 | Microsoft Office Home 2024 Lifetime Subscription worth ₹9199.00 | 1 year Microsoft 365 basic subscription,https://www.hp.com/in-en/shop/hp-laptop-14-ep0385tu-c21zcpa.html,Intel® Core™ 5-120U processor,Windows 11 Home,"35.6 cm (14) diagonal, FHD display",Intel® UHD Graphics,16 GB DDR4-3200 RAM,512 GB SSD Hard Drive,1 year Microsoft 365 basic subscription,hp x entry backpack ,16.0,512,SSD,512,11766.0,Intel,Other,Normal,Integrated,Mid-Range,1,0,False,33.0,"Backpack, Mouse, MS Office",
"HP OMEN Gaming Laptop 16-ap0183AX , Black",5.0,Bold performance that doesn't burn out,"AMD Ryzen™ AI 7 processor | Windows 11 Home | 40.6 cm (16) diagonal, 2K, 165Hz, IPS, anti-glare, Low Blue Light, 400 nits display | NVIDIA® GeForce RTX™ 5060 8 GB | 24 GB DDR5-5600 RAM (Upgradeable) | 1 TB SSD Hard Drive",C7LU0PA,151499.0,174237.0,Microsoft Office Home 2024 Lifetime Subscription worth ₹9199.00 | 1 year Microsoft 365 basic subscription,https://www.hp.com/in-en/shop/hp-omen-gaming-laptop-16-ap0183ax-c7lu0pa.html,AMD Ryzen™ AI 7 processor,Windows 11 Home,"40.6 cm (16) diagonal, 2K, 165Hz, IPS, anti-glare, Low Blue Light, 400 nits display",Integrated,24 GB DDR5-5600 RAM (Upgradeable),1 TB SSD Hard Drive,1 year Microsoft 365 basic subscription,none,24.0,1,SSD,1024,22738.0,AMD,Other,Premium,Integrated,Premium,0,0,False,75.0,"Mouse, MS Office",
"HP Laptop 39.6 cm (15.6) 15-fd0667TU, Silver",1.0,Reliable computing yet stylish laptop that makes the wallet happy,"Intel® Core™ 5-120U processor | Windows 11 Home | 39.6 cm (15.6) diagonal, FHD display | Intel® Graphics | 16 GB DDR4-3200 RAM | 1 TB SSD Hard Drive",C27F8PA,63999.0,78112.0,HP X Entry Backpack worth  ₹1999.00 | Microsoft Office Home 2024 Lifetime Subscription worth ₹9199.00 | 1 year Microsoft 365 basic subscription,https://www.hp.com/in-en/shop/hp-laptop-15-fd0667tu-c27f8pa.html,Intel® Core™ 5-120U processor,Windows 11 Home,"39.6 cm (15.6) diagonal, FHD display",Intel® Graphics,16 GB DDR4-3200 RAM,1 TB SSD Hard Drive,1 year Microsoft 365 basic subscription,hp x entry backpack ,16.0,1,SSD,1024,14113.0,Intel,Other,Normal,Integrated,Mid-Range,1,0,False,39.0,"Mouse, MS Office",
"HP Laptop 39.6 cm (15.6) 15-hr1000TU, Silver",2.0,Reliable computing yet stylish laptop that makes the wallet happy,"Intel® Core™ Ultra 5 processor | Windows 11 Home | 39.6 cm (15.6) diagonal, FHD IPS display | Intel® Arc™ Graphics | 16 GB DDR5-5600 RAM | 512 GB SSD Hard Drive",BK9T8PA,73999.0,83033.0,HP X Entry Backpack worth  ₹1999.00,https://www.hp.com/in-en/shop/hp-laptop-15-hr1000tu-bk9t8pa.html,Intel® Core™ Ultra 5 processor,Windows 11 Home,"39.6 cm (15.6) diagonal, FHD IPS display",Intel® Arc™ Graphics,16 GB DDR5-5600 RAM,512 GB SSD Hard Drive,No,hp x entry backpack ,16.0,512,SSD,512,9034.0,Intel,Other,Normal,Integrated,Mid-Range,1,0,False,43.0,"Backpack, Mouse, MS Office",
"HP Laptop 39.6 cm (15.6) 15-fd0568TU, Silver",0.0,A reliably built laptop to keep you in the zone,13th Generation Intel® Core™ i3 processor | Windows 11 Home Single Language | 39.6 cm (15.6) diagonal FHD display | Intel® Graphics | 8 GB DDR4-3200 RAM | 512 GB SSD Hard Drive,BG6D7PA,39999.0,50902.0,,https://www.hp.com/in-en/shop/hp-laptop-15-fd0568tu-bg6d7pa.html,13th Generation Intel® Core™ i3 processor,Windows 11 Home Single Language,39.6 cm (15.6) diagonal FHD display,Intel® Graphics,8 GB DDR4-3200 RAM,512 GB SSD Hard Drive,No,none,8.0,512,SSD,512,10903.0,Intel,i3,Normal,Integrated,Budget,0,0,False,17.0,"Backpack, Mouse",
"HP Laptop 39.6 cm (15.6) 15-fd0637TU, Silver",0.0,A reliably built laptop to keep you in the zone,13th Generation Intel® Core™ i3 processor | Windows 11 Home | 39.6 cm (15.6) diagonal FHD display | Intel® UHD Graphics | 8 GB DDR4 RAM | 512 GB SSD Hard Drive,BV5L3PA,44700.0,49630.0,HP X Entry Backpack worth  ₹1999.00 | Microsoft Office Home 2024 Lifetime Subscription worth ₹9199.00,https://www.hp.com/in-en/shop/hp-laptop-15-fd0637tu-bv5l3pa.html,13th Generation Intel® Core™ i3 processor,Windows 11 Home,39.6 cm (15.6) diagonal FHD display,Intel® UHD Graphics,8 GB DDR4 RAM,512 GB SSD Hard Drive,Microsoft Office Home 2024 Lifetime Subscription worth ₹9199.00,hp x entry backpack ,8.0,512,SSD,512,4930.0,Intel,i3,Normal,Integrated,Budget,1,0,True,17.0,"Backpack, Mouse, MS Office",
"HP Laptop 15-fd1225TU , Silver",0.0,A reliably built laptop to keep you in the zone,Intel® Core™ 3 processor | Windows 11 Home Single Language | 39.6 cm (15.6) diagonal FHD display | Intel® Graphics | 8 GB DDR4-3200 RAM | 512 GB SSD Hard Drive,BJ3W4PA,47499.0,50843.0,HP X Entry Backpack worth  ₹1999.00 | Microsoft Office Home 2024 Lifetime Subscription worth ₹9199.00,https://www.hp.com/in-en/shop/hp-laptop-15-fd1225tu-bj3w4pa.html,Intel® Core™ 3 processor,Windows 11 Home Single Language,39.6 cm (15.6) diagonal FHD display,Intel® Graphics,8 GB DDR4-3200 RAM,512 GB SSD Hard Drive,Microsoft Office Home 2024 Lifetime Subscription worth ₹9199.00,hp x entry backpack ,8.0,512,SSD,512,3344.0,Intel,Other,Normal,Integrated,Budget,1,0,True,17.0,"Mouse, MS Office",
"HP Laptop 39.6 cm (15.6) 15-fd0576TU, Silver",0.0,A reliably built laptop to keep you in the zone,13th Generation Intel® Core™ i5 processor | Windows 11 Home | 39.6 cm (15.6) diagonal FHD display | Intel® Iris® Xᵉ Graphics | 16 GB DDR4 RAM | 512 GB SSD Hard Drive,BG6E3PA,64999.0,73324.0,Microsoft Office Home 2024 Lifetime Subscription worth ₹9199.00,https://www.hp.com/in-en/shop/hp-laptop-15-fd0576tu-bg6e3pa.html,13th Generation Intel® Core™ i5 processor,Windows 11 Home,39.6 cm (15.6) diagonal FHD display,Intel® Iris® Xᵉ Graphics,16 GB DDR4 RAM,512 GB SSD Hard Drive,Microsoft Office Home 2024 Lifetime Subscription worth ₹9199.00,none,16.0,512,SSD,512,8325.0,Intel,i5,Normal,Integrated,Mid-Range,0,0,True,33.0,"Mouse, MS Office",
HP Laptop 39.6 cm (15.6) 15-fd0572TU,0.0,A reliably built laptop to keep you in the zone,13th Generation Intel® Core™ i3 processor | Windows 11 Home Single Language | 39.6 cm (15.6) diagonal FHD display | Intel® UHD Graphics | 8 GB DDR4-3200 RAM | 512 GB SSD Hard Drive,BG6D9PA,45999.0,52114.0,,https://www.hp.com/in-en/shop/hp-laptop-15-fd0572tu-bg6d9pa.html,13th Generation Intel® Core™ i3 processor,Windows 11 Home Single Language,39.6 cm (15.6) diagonal FHD display,Intel® UHD Graphics,8 GB DDR4-3200 RAM,512 GB SSD Hard Drive,No,none,8.0,512,SSD,512,6115.0,Intel,i3,Normal,Integrated,Budget,0,0,False,17.0,"Mouse, MS Office",
"HP Laptop 35.6 cm (14) 14-ep1181TU, Silver",0.0,Reliable computing yet stylish laptop that makes the wallet happy,"Intel® Core™ Ultra 7-155H processor | Windows 11 Home | 35.6 cm (14) diagonal, FHD, anti-glare display | Intel® Arc™ Graphics | 24 GB DDR5-5600 RAM | 1 TB SSD Hard Drive",CJ9E0PA,83499.0,93262.0,HP X Entry Backpack worth  ₹1999.00 | Microsoft Office Home 2024 Lifetime Subscription worth ₹9199.00,https://www.hp.com/in-en/shop/hp-laptop-14-ep1181tu-cj9e0pa.html,Intel® Core™ Ultra 7-155H processor,Windows 11 Home,"35.6 cm (14) diagonal, FHD, anti-glare display",Intel® Arc™ Graphics,24 GB DDR5-5600 RAM,1 TB SSD Hard Drive,Microsoft Office Home 2024 Lifetime Subscription worth ₹9199.00,hp x entry backpack ,24.0,1,SSD,1024,9763.0,Intel,Other,Premium,Integrated,Premium,1,0,True,50.0,"Mouse, MS Office",
"HP OmniBook Ultra Flip 35.6 cm (14) Next Gen AI 14-fh0368TU, Blue",0.0,"Copilot+ PC.Beautifully crafted, our fast and powerful OmniBook is perfect for freelancers and creators. Meet the AI-enhanced evolution of HP Spectre.","Intel® Core™ Ultra 9 processor with 48 TOPs | Next-Gen Windows | 35.6 cm (14) diagonal, 2.8K, OLED, UWVA, Corning® Gorilla® Glass 5, Low Blue Light display, 120Hz VRR and 400 nits brightness | Intel® Arc™ Graphics | 32 GB LPDDR5x-8533 RAM | 1 TB SSD Hard Drive",C88U8PA,197999.0,213581.0,Microsoft Office Home 2024 Lifetime Subscription worth ₹9199.00,https://www.hp.com/in-en/shop/hp-omnibook-ultra-flip-laptop-14-fh0368tu-c88u8pa.html,Intel® Core™ Ultra 9 processor with 48 TOPs,Next-Gen Windows,"35.6 cm (14) diagonal, 2.8K, OLED, UWVA, Corning® Gorilla® Glass 5, Low Blue Light display, 120Hz VRR and 400 nits brightness",Intel® Arc™ Graphics,32 GB LPDDR5x-8533 RAM,1 TB SSD Hard Drive,Microsoft Office Home 2024 Lifetime Subscription worth ₹9199.00,none,32.0,1,SSD,1024,15582.0,Intel,Other,Premium,Integrated,Premium,0,0,True,66.0,"Backpack, Mouse, MS Office",
"HP OmniBook Ultra Flip 35.6 cm (14) Next Gen AI 14-fh0369TU, Blue",0.0,"Copilot+ PC.Beautifully crafted, our fast and powerful OmniBook is perfect for freelancers and creators. Meet the AI-enhanced evolution of HP Spectre.","Intel® Core™ Ultra 9 processor with 48 TOPs | Next-Gen Windows | 35.6 cm (14) diagonal, 2.8K, OLED, UWVA, Corning® Gorilla® Glass 5, Low Blue Light display, 120Hz VRR and 400 nits brightness | Intel® Arc™ Graphics | 32 GB LPDDR5x-8533 RAM | 2 TB SSD Hard Drive",C88TPPA,212999.0,230443.0,Microsoft Office Home 2024 Lifetime Subscription worth ₹9199.00,https://www.hp.com/in-en/shop/hp-omnibook-ultra-flip-laptop-14-fh0369tu-c88tppa.html,Intel® Core™ Ultra 9 processor with 48 TOPs,Next-Gen Windows,"35.6 cm (14) diagonal, 2.8K, OLED, UWVA, Corning® Gorilla® Glass 5, Low Blue Light display, 120Hz VRR and 400 nits brightness",Intel® Arc™ Graphics,32 GB LPDDR5x-8533 RAM,2 TB SSD Hard Drive,Microsoft Office Home 2024 Lifetime Subscription worth ₹9199.00,none,32.0,2,SSD,2048,17444.0,Intel,Other,Premium,Integrated,Premium,0,0,True,68.0,"Backpack, Mouse",
"HP Laptop 35.6 cm (14) 14-ep1150TU, Silver",0.0,Reliable computing yet stylish laptop that makes the wallet happy,"Intel® Core™ Ultra 5-125H processor | Windows 11 Home | 35.6 cm (14) diagonal, FHD, anti-glare display | Intel® Arc™ Graphics | 16 GB DDR5-5600 RAM | 512 GB SSD Hard Drive",C72QGPA,68999.0,73870.0,HP X Entry Backpack worth  ₹1999.00 | Microsoft Office Home 2024 Lifetime Subscription worth ₹9199.00,https://www.hp.com/in-en/shop/hp-laptop-14-ep1150tu-c72qgpa.html,Intel® Core™ Ultra 5-125H processor,Windows 11 Home,"35.6 cm (14) diagonal, FHD, anti-glare display",Intel® Arc™ Graphics,16 GB DDR5-5600 RAM,512 GB SSD Hard Drive,Microsoft Office Home 2024 Lifetime Subscription worth ₹9199.00,hp x entry backpack ,16.0,512,SSD,512,4871.0,Intel,Other,Normal,Integrated,Mid-Range,1,0,True,33.0,"Mouse, MS Office",
"HP OMEN Gaming Laptop 16-am0238TX, Black",0.0,Bold performance without the burnout,"Intel® Core™ Ultra 7 processor | Windows 11 Home | 40.6 cm (16) diagonal, 2K, 165 Hz, IPS, anti-glare, 400 nits | NVIDIA® GeForce RTX™ 5060 8GB | 24 GB DDR5 RAM (Upgradeable) | 1 TB SSD Hard Drive",C25MTPA,152999.0,179857.0,Microsoft Office Home 2024 Lifetime Subscription worth ₹9199.00 | 1 year Microsoft 365 basic subscription,https://www.hp.com/in-en/shop/hp-omen-gaming-laptop-16-am0238tx-c25mtpa.html,Intel® Core™ Ultra 7 processor,Windows 11 Home,"40.6 cm (16) diagonal, 2K, 165 Hz, IPS, anti-glare, 400 nits",Integrated,24 GB DDR5 RAM (Upgradeable),1 TB SSD Hard Drive,1 year Microsoft 365 basic subscription,none,24.0,1,SSD,1024,26858.0,Intel,Other,Premium,Integrated,Premium,0,0,False,50.0,"Mouse, MS Office",
"HP OMEN Slim Gaming Laptop 16-an0012TX, Black",4.6667,Bold Performance Without the Burnout,"Intel® Core™ Ultra 9 processor | Windows 11 Home | 40.6 cm (16) diagonal, 2K, IPS, anti-glare, Low Blue Light, 165 Hz, 400 nits display | NVIDIA® GeForce RTX™ 5070 8GB | 32 GB DDR5-5600 RAM | 1 TB SSD Hard Drive",C78GKPA,175999.0,196719.0,Microsoft Office Home 2024 Lifetime Subscription worth ₹9199.00 | 1 year Microsoft 365 basic subscription,https://www.hp.com/in-en/shop/hp-omen-slim-gaming-laptop-16-an0012tx-c78gkpa.html,Intel® Core™ Ultra 9 processor,Windows 11 Home,"40.6 cm (16) diagonal, 2K, IPS, anti-glare, Low Blue Light, 165 Hz, 400 nits display",Integrated,32 GB DDR5-5600 RAM,1 TB SSD Hard Drive,1 year Microsoft 365 basic subscription,none,32.0,1,SSD,1024,20720.0,Intel,Other,Premium,Integrated,Premium,0,0,False,89.3335,"Backpack, Mouse, MS Office",
"HP OMEN MAX 40.6 cm (16) Gaming Laptop 16-ah0190TX, Black",0.0,Built to break limits,"Intel® Core™ Ultra 9 processor | Windows 11 Home | 40.6 cm (16) diagonal, WQXGA, 60-240 Hz, 3 ms response time, IPS, 500 nits | NVIDIA GeForce RTX™ 5070 Ti 12GB | 32 GB DDR5-5600 RAM | 1 TB SSD Hard Drive",BX9S5PA,279999.0,314751.0,,https://www.hp.com/in-en/shop/hp-omen-max-gaming-laptop-16-ah0190tx-bx9s5pa.html,Intel® Core™ Ultra 9 processor,Windows 11 Home,"40.6 cm (16) diagonal, WQXGA, 60-240 Hz, 3 ms response time, IPS, 500 nits",Integrated,32 GB DDR5-5600 RAM,1 TB SSD Hard Drive,No,none,32.0,1,SSD,1024,34752.0,Intel,Other,Premium,Integrated,Premium,0,0,False,66.0,"Backpack, Mouse",
"HP OMEN Gaming Laptop 16-am0240TX, Black",0.0,Bold performance without the burnout,"Intel® Core™ Ultra 7 processor | Windows 11 Home | 40.6 cm (16) diagonal, 2K, 165 Hz, IPS, anti-glare, 400 nits | NVIDIA® GeForce RTX™ 5050 8GB | 24 GB DDR5 RAM (Upgradeable) | 1 TB SSD Hard Drive",C25MWPA,143499.0,168616.0,Microsoft Office Home 2024 Lifetime Subscription worth ₹9199.00 | 1 year Microsoft 365 basic subscription,https://www.hp.com/in-en/shop/hp-omen-gaming-laptop-16-am0240tx-c25mwpa.html,Intel® Core™ Ultra 7 processor,Windows 11 Home,"40.6 cm (16) diagonal, 2K, 165 Hz, IPS, anti-glare, 400 nits",Integrated,24 GB DDR5 RAM (Upgradeable),1 TB SSD Hard Drive,1 year Microsoft 365 basic subscription,none,24.0,1,SSD,1024,25117.0,Intel,Other,Premium,Integrated,Premium,0,0,False,50.0,"Mouse, MS Office",
"HP OMEN MAX 40.6 cm (16) Gaming Laptop 16-ah0152TX, Black",0.0,Maximize gaming power with the OMEN range featuring a large display for the most immersive gaming experience.,"Intel® Core™ Ultra 7 processor | Windows 11 Home | 40.6 cm (16) diagonal, 2K (1920 x 1200) Antiglare Low Blue Light 400 nits [A4NT5AV], 60-165 Hz, 3 ms response time, IPS | NVIDIA® GeForce RTX™ 5080 (16 GB) | 64 GB DDR5-5600 RAM | 1 TB SSD Hard Drive",BQ6N9PA,279999.0,314751.0,,https://www.hp.com/in-en/shop/omen-max-gaming-laptop-16-ah0152tx-bq6n9pa.html,Intel® Core™ Ultra 7 processor,Windows 11 Home,"40.6 cm (16) diagonal, 2K (1920 x 1200) Antiglare Low Blue Light 400 nits [A4NT5AV], 60-165 Hz, 3 ms response time, IPS",Integrated,64 GB DDR5-5600 RAM,1 TB SSD Hard Drive,No,none,64.0,1,SSD,1024,34752.0,Intel,Other,Premium,Integrated,Premium,0,0,False,130.0,"Mouse, MS Office",
"HP OMEN MAX 40.6 cm (16) Gaming Laptop 16-ah0076TX, Black",5.0,Built to break limits,"Intel® Core™ Ultra 9 processor | Windows 11 Home | 40.6 cm (16) diagonal, WQXGA (2560 x 1600), 60-240 Hz, 3 ms response time, IPS | NVIDIA® GeForce RTX™ 5080 (16 GB) | 32 GB DDR5-5600 RAM | 1 TB SSD Hard Drive",B90KQPA,309999.0,348475.0,,https://www.hp.com/in-en/shop/omen-max-gaming-laptop-16-ah0076tx-b90kqpa.html,Intel® Core™ Ultra 9 processor,Windows 11 Home,"40.6 cm (16) diagonal, WQXGA (2560 x 1600), 60-240 Hz, 3 ms response time, IPS",Integrated,32 GB DDR5-5600 RAM,1 TB SSD Hard Drive,No,none,32.0,1,SSD,1024,38476.0,Intel,Other,Premium,Integrated,Premium,0,0,False,91.0,"Mouse, MS Office",
"HP ZBook 8 G1i 40.6 cm (16) Mobile Workstation PC, Silver",0.0,Step up performance. Not size.,"Intel® Core™ Ultra 7 processor | Windows 11 Pro | 40.6 cm (16) diagonal, WUXGA IPS display | Intel® UMA Graphics | 32 GB DDR5-5600 RAM | 1 TB SSD Solid State Drive",C1JP4PT,151999.0,244045.0,"HP 215 39.6 cm (15.6) Laptop Backpack worth ₹ 1,785",https://www.hp.com/in-en/shop/hp-zbook-8-g1i-16-inch-mobile-workstation-pc-data-science-c1jp4pt.html,Intel® Core™ Ultra 7 processor,Windows 11 Pro,"40.6 cm (16) diagonal, WUXGA IPS display",Intel® UMA Graphics,32 GB DDR5-5600 RAM,1 TB SSD Solid State Drive,No,hp 215 39.6 cm (15.6) laptop backpack ,32.0,1,SSD,1024,92046.0,Intel,Other,Premium,Integrated,Premium,1,0,False,66.0,"Mouse, MS Office",
"HP ProBook 440 35.6 cm (14) G11 Business Laptop PC, Silver",3.5,Affordable devices designed with business in mind; commercial grade features with durable design,"Intel® Core™ Ultra 5 processor | Windows 11 Pro | 35.6 cm (14) diagonal, WUXGA IPS display | Intel® Graphics | 16 GB DDR5-5600 RAM | 512 GB SSD Hard Drive",C3CL6PT,92799.0,106452.0,"HP 215 39.6 cm (15.6) Laptop Backpack worth ₹ 1,785",https://www.hp.com/in-en/shop/hp-probook-440-14-inch-g11-notebook-pc-c3cl6pt.html,Intel® Core™ Ultra 5 processor,Windows 11 Pro,"35.6 cm (14) diagonal, WUXGA IPS display",Intel® Graphics,16 GB DDR5-5600 RAM,512 GB SSD Hard Drive,No,hp 215 39.6 cm (15.6) laptop backpack ,16.0,512,SSD,512,13653.0,Intel,Other,Premium,Integrated,Premium,1,0,False,50.5,"Mouse, MS Office",
"HP OmniBook 3 NGAI 15-fn0007AU, Silver",5.0,"Copilot+ PC.Simple, reliable, and built for everyday life.","AMD Ryzen™ AI 5 processor | Windows 11 Home | 39.6 cm (15.6) diagonal, FHD (1920 x 1080), micro-edge, anti-glare, 250 nits | AMD Radeon™ 840M Graphics | 16 GB DDR5-5600 MT/s RAM | 512 GB SSD Hard Drive",BL1W8PA,63499.0,76294.0,Microsoft Office Home 2024 Lifetime Subscription worth ₹9199.00 | 1 year Microsoft 365 basic subscription,https://www.hp.com/in-en/shop/hp-omnibook-3-ngai-15-fn0007au-bl1w8pa.html,AMD Ryzen™ AI 5 processor,Windows 11 Home,"39.6 cm (15.6) diagonal, FHD (1920 x 1080), micro-edge, anti-glare, 250 nits",AMD Radeon™ 840M Graphics,16 GB DDR5-5600 MT/s RAM,512 GB SSD Hard Drive,1 year Microsoft 365 basic subscription,none,16.0,512,SSD,512,12795.0,AMD,Other,Normal,Integrated,Mid-Range,0,0,False,58.0,"Mouse, MS Office",
"HP Laptop 39.6 cm (15.6) 15-fc1039AU, Silver",5.0,"A powerful, sleek laptop for getting things done everyday",AMD Ryzen™ 5-7535HS processor | Windows 11 Home | 39.6 cm (15.6) diagonal FHD display | AMD Radeon™ Graphics | 16 GB DDR5 RAM | 512 GB SSD Hard Drive,BV2X3PA,52999.0,60598.0,Microsoft Office Home 2024 Lifetime Subscription worth ₹9199.00,https://www.hp.com/in-en/shop/hp-laptop-15-fc1039au-bv2x3pa.html,AMD Ryzen™ 5-7535HS processor,Windows 11 Home,39.6 cm (15.6) diagonal FHD display,AMD Radeon™ Graphics,16 GB DDR5 RAM,512 GB SSD Hard Drive,Microsoft Office Home 2024 Lifetime Subscription worth ₹9199.00,none,16.0,512,SSD,512,7599.0,AMD,Other,Normal,Integrated,Mid-Range,0,0,True,58.0,"Backpack, Mouse, MS Office",
"HP Envy x360 35.6 cm (14) 2-in-1 Laptop 14-fc0178TU, Blue",3.5,Enjoy seamless multitasking with an AI-powered 2-in-1 PC,"Intel® Evo™ platform Powered by Intel® Core™ Ultra 5 processor | Windows 11 Home | 35.6 cm (14) diagonal, 3K OLED, 48-120 Hz, SDR 400 nits, HDR 500 nits, UWVA touch display | Intel® Arc Graphics | 16 GB LPDDR5-6400 RAM | 512 GB SSD Hard Drive",B6MK8PA,110499.0,125841.0,"MPP 2.0 pen worth ₹ 3,999 | HP Creator 13.3 Laptop Sling worth ₹5,500.00 | Microsoft Office Home 2024 Lifetime Subscription worth ₹9199.00 | 1 year Microsoft 365 basic subscription",https://www.hp.com/in-en/shop/hp-envy-x360-2-in-1-laptop-14-fc0178tu-b6mk8pa.html,Intel® Evo™ platform Powered by Intel® Core™ Ultra 5 processor,Windows 11 Home,"35.6 cm (14) diagonal, 3K OLED, 48-120 Hz, SDR 400 nits, HDR 500 nits, UWVA touch display",Intel® Arc Graphics,16 GB LPDDR5-6400 RAM,512 GB SSD Hard Drive,1 year Microsoft 365 basic subscription,mpp 2.0 pen ,16.0,512,SSD,512,15342.0,Intel,Other,Premium,Integrated,Premium,0,0,False,50.5,"Mouse, MS Office",
"HP 240R 35.6 cm (14) G10 Business Laptop PC, Silver",0.0,"Compact and reliable, value-packed notebooks with essential business features to help you excel in hybrid work","Intel® Core™ 5 processor | Windows 11 Pro | 35.6 cm (14) diagonal, FHD IPS display | Intel® Graphics | 16 GB DDR4-3200 RAM | 512 GB SSD Hard Drive",C8HS3AT,75099.0,85245.0,"HP 215 39.6 cm (15.6) Laptop Backpack worth ₹ 1,785",https://www.hp.com/in-en/shop/hp-240r-14-inch-g10-notebook-pc-c8hs3at.html,Intel® Core™ 5 processor,Windows 11 Pro,"35.6 cm (14) diagonal, FHD IPS display",Intel® Graphics,16 GB DDR4-3200 RAM,512 GB SSD Hard Drive,No,hp 215 39.6 cm (15.6) laptop backpack ,16.0,512,SSD,512,10146.0,Intel,Other,Normal,Integrated,Mid-Range,1,0,False,33.0,"Backpack, Mouse, MS Office",
"HP ZBook 8 G1i 35.6 cm (14) Mobile Workstation PC, Silver",0.0,Step up performance. Not size.,"Intel® Core™ Ultra 7 processor | Windows 11 Pro | 35.6 cm (14) diagonal, WUXGA IPS display | Intel® UMA Graphics | 32 GB DDR5-5600 RAM | 1 TB SSD Solid State Drive",C1JN6PT,150999.0,241603.0,"HP 215 39.6 cm (15.6) Laptop Backpack worth ₹ 1,785",https://www.hp.com/in-en/shop/hp-zbook-8-g1i-14-inch-mobile-workstation-pc-data-science-c1jn6pt.html,Intel® Core™ Ultra 7 processor,Windows 11 Pro,"35.6 cm (14) diagonal, WUXGA IPS display",Intel® UMA Graphics,32 GB DDR5-5600 RAM,1 TB SSD Solid State Drive,No,hp 215 39.6 cm (15.6) laptop backpack ,32.0,1,SSD,1024,90604.0,Intel,Other,Premium,Integrated,Premium,1,0,False,66.0,"Backpack, Mouse",
"HP Laptop 35.6 cm (14) 14-ep1180TU, Silver",0.0,Reliable computing yet stylish laptop that makes the wallet happy,"Intel® Core™ Ultra 5-125H processor | Windows 11 Home Single Language | 35.6 cm (14) diagonal FHD, anti-glare display | Intel® Arc™ Graphics | 24 GB DDR5-5600 RAM | 1 TB SSD Hard Drive",CJ9D9PA,74999.0,83566.0,HP X Entry Backpack worth  ₹1999.00,https://www.hp.com/in-en/shop/hp-laptop-14-ep1180tu-cj9d9pa.html,Intel® Core™ Ultra 5-125H processor,Windows 11 Home Single Language,"35.6 cm (14) diagonal FHD, anti-glare display",Intel® Arc™ Graphics,24 GB DDR5-5600 RAM,1 TB SSD Hard Drive,No,hp x entry backpack ,24.0,1,SSD,1024,8567.0,Intel,Other,Normal,Integrated,Mid-Range,1,0,False,50.0,"Mouse, MS Office",
"HP EliteBook 840 35.6 cm (14) G11 Notebook PC, Silver",3.7143,The enterprise notebook that’s anything but ordinary,"Intel® Core™ Ultra 7 processor | Windows 11 Pro | 35.6 cm (14) diagonal, WUXGA, IPS display | Intel® Graphics | 16 GB DDR5 RAM | 1 TB SSD Hard Drive",B7NK3PT,149999.0,154556.0,"HP 215 39.6 cm (15.6) Laptop Backpack worth ₹ 1,785",https://www.hp.com/in-en/shop/hp-elitebook-840-14-g11-notebook-pc-b7nk3pt.html,Intel® Core™ Ultra 7 processor,Windows 11 Pro,"35.6 cm (14) diagonal, WUXGA, IPS display",Intel® Graphics,16 GB DDR5 RAM,1 TB SSD Hard Drive,No,hp 215 39.6 cm (15.6) laptop backpack ,16.0,1,SSD,1024,4557.0,Intel,Other,Premium,Integrated,Premium,1,0,False,52.5715,"Mouse, MS Office",
HP ZBook Power 40.6 cm (16) G11 Mobile Workstation PC,3.8,Step up performance. Not size,Intel® Core™ Ultra 7 processor | Windows 11 Pro | 40.6 cm (16) diagonal WUXGA display | NVIDIA RTX™ A1000 Graphics | 32 GB DDR5-5600 RAM | 1 TB SSD Solid State Drive,B6SA2PT,231369.0,323791.0,"FREE Bag (35L98AA) worth ₹ 1,785",https://www.hp.com/in-en/shop/hp-zbook-power-16-inch-g11-mobile-workstation-pc-b6sa2pt.html,Intel® Core™ Ultra 7 processor,Windows 11 Pro,40.6 cm (16) diagonal WUXGA display,NVIDIA RTX™ A1000 Graphics,32 GB DDR5-5600 RAM,1 TB SSD Solid State Drive,No,free bag (35l98aa) ,32.0,1,SSD,1024,92422.0,Intel,Other,Premium,Dedicated,Premium,0,0,False,85.0,"Mouse, MS Office",
"HP OmniBook 3 NGAI 15-fn0052AU, Silver",0.0,"Simple, reliable, and built for everyday life.","AMD Ryzen™ AI 7 350 processor | Windows 11 Home | 39.6 cm (15.6) diagonal, FHD (1920 x 1080), micro-edge, anti-glare, 250 nits | AMD Radeon™ 860M Graphics | 24GB DDR5 *1DM*5600  RAM | 512 GB SSD Hard Drive",C0YR1PA,78644.0,87808.0,Microsoft Office Home 2024 Lifetime Subscription worth ₹9199.00,https://www.hp.com/in-en/shop/hp-omnibook-3-ngai-15-fn0052au-c0yr1pa.html,AMD Ryzen™ AI 7 350 processor,Windows 11 Home,"39.6 cm (15.6) diagonal, FHD (1920 x 1080), micro-edge, anti-glare, 250 nits",AMD Radeon™ 860M Graphics,24GB DDR5 *1DM*5600  RAM,512 GB SSD Hard Drive,Microsoft Office Home 2024 Lifetime Subscription worth ₹9199.00,none,24.0,512,SSD,512,9164.0,AMD,Other,Normal,Integrated,Mid-Range,0,0,True,49.0,"Mouse, MS Office",
"HP EliteBook 845 35.6 cm (14) G9 Notebook PC, Silver",0.0,Work where you’re needed,"AMD Ryzen™ 5 PRO processor | FreeDOS | 35.6 cm (14) diagonal, WUXGA, IPS display | AMD Radeon™ 660M Graphics | 16 GB DDR5 RAM | 512 GB SSD Hard Drive",B25U4AT,79499.0,94185.0,"HP 215 39.6 cm (15.6) Laptop Backpack worth ₹ 1,785",https://www.hp.com/in-en/shop/hp-elitebook-845-14-g9-notebook-pc-b25u4at.html,AMD Ryzen™ 5 PRO processor,Unknown,"35.6 cm (14) diagonal, WUXGA, IPS display",AMD Radeon™ 660M Graphics,16 GB DDR5 RAM,512 GB SSD Hard Drive,No,hp 215 39.6 cm (15.6) laptop backpack ,16.0,512,SSD,512,14686.0,AMD,Other,Normal,Integrated,Mid-Range,1,0,False,33.0,"Backpack, Mouse",
"HP Laptop 14-gr1036TU , Silver",0.0,Powerfully and responsibly made to get things done everyday,"Intel® Core™ Ultra 7 155H processor | Windows 11 Home | 35.6 cm (14) diagonal, FHD display | Intel® Arc™ Graphics | 16 GB DDR5-5600 RAM | 512 GB SSD Hard Drive",C33RKPA,81499.0,95686.0,HP X Entry Backpack worth  ₹1999.00 | Microsoft Office Home 2024 Lifetime Subscription worth ₹9199.00 | 1 year Microsoft 365 basic subscription,https://www.hp.com/in-en/shop/hp-laptop-14-gr1036tu-c33rkpa.html,Intel® Core™ Ultra 7 155H processor,Windows 11 Home,"35.6 cm (14) diagonal, FHD display",Intel® Arc™ Graphics,16 GB DDR5-5600 RAM,512 GB SSD Hard Drive,1 year Microsoft 365 basic subscription,hp x entry backpack ,16.0,512,SSD,512,14187.0,Intel,Other,Premium,Integrated,Premium,1,0,False,33.0,"Mouse, MS Office",
"HP Victus 39.6 cm (15.6) Gaming Laptop 15-fa2381TX, Silver",0.0,Step up the fun with our most affordable gaming laptop range that doesn't shy on performance.,"13th Generation Intel® Core™ i5 processor | Windows 11 Home | 39.6 cm (15.6) diagonal, FHD, IPS, anti-glare display | NVIDIA® GeForce RTX™ 4050 (6 GB) | 16 GB DDR4-3200 RAM | 512 GB SSD Hard Drive",C91SXPA,86500.0,98170.0,Microsoft Office Home 2024 Lifetime Subscription worth ₹9199.00 | Microsoft Xbox Game Pass 3 month,https://www.hp.com/in-en/shop/victus-gaming-laptop-15-fa2381tx-c91sxpa.html,13th Generation Intel® Core™ i5 processor,Windows 11 Home,"39.6 cm (15.6) diagonal, FHD, IPS, anti-glare display",Integrated,16 GB DDR4-3200 RAM,512 GB SSD Hard Drive,Microsoft Xbox Game Pass 3 month,none,16.0,512,SSD,512,11670.0,Intel,i5,Premium,Integrated,Premium,0,0,False,33.0,"Backpack, Mouse, MS Office",
HP Pavilion Aero 33.8 cm (13) Laptop 13-bg0017AU,4.5,"Stream, listen, browse and do all the things. More modern, more premium design elements on mainstream devices for a great price","AMD Ryzen™ 7-8840U processor | Windows 11 Home | 33.8 cm (13.3) diagonal, WUXGA 400 nits display | AMD Radeon™ Graphics | 16 GB LPDDR5x RAM | 512 GB SSD Hard Drive",A1RA7PA,87999.0,103975.0,Microsoft Office Home & Student 2021 Lifetime Subscription worth ₹9199.00,https://www.hp.com/in-en/shop/hp-pavilion-aero-laptop-13-bg0017au-a1ra7pa.html,AMD Ryzen™ 7-8840U processor,Windows 11 Home,"33.8 cm (13.3) diagonal, WUXGA 400 nits display",AMD Radeon™ Graphics,16 GB LPDDR5x RAM,512 GB SSD Hard Drive,Microsoft Office Home & Student 2021 Lifetime Subscription worth ₹9199.00,none,16.0,512,SSD,512,15976.0,AMD,Other,Premium,Integrated,Premium,0,0,True,55.5,"Backpack, Mouse, MS Office",
"HP ProBook 440 35.6 cm (14) G10 Business Laptop PC, Silver",4.0,"Essential, commercial-grade features","13th Generation Intel® Core™ i5 processor | Windows 11 Pro | 35.6 cm (14) diagonal, FHD, IPS display | Intel® Iris® Xᶱ Graphics | 16 GB DDR4 RAM | 1 TB SSD Hard Drive",B83ZFAT,92999.0,105000.0,"HP 215 39.6 cm (15.6) Laptop Backpack worth ₹ 1,785",https://www.hp.com/in-en/shop/hp-probook-440-14-g10-notebook-pc-b83zfat.html,13th Generation Intel® Core™ i5 processor,Windows 11 Pro,"35.6 cm (14) diagonal, FHD, IPS display",Intel® Iris® Xᶱ Graphics,16 GB DDR4 RAM,1 TB SSD Hard Drive,No,hp 215 39.6 cm (15.6) laptop backpack ,16.0,1,SSD,1024,12001.0,Intel,i5,Premium,Integrated,Premium,1,0,False,54.0,"Mouse, MS Office",
"HP EliteBook 8 35.6 cm (14) G1i Next Gen AI PC, Silver",0.0,Copilot+ PC.Next-gen AI redefines productivity for modern professionals,"Intel® Core™ Ultra 7 processor | Windows 11 Pro | 35.6 cm (14) diagonal, WUXGA IPS display | Intel® Arc™ Graphics | 16 GB LPDDR5x-8533 RAM | 1 TB SSD Hard Drive",C27V6PT,142799.0,163334.0,"HP 215 39.6 cm (15.6) Laptop Backpack worth ₹ 1,785",https://www.hp.com/in-en/shop/hp-elitebook-8-g1i-14-inch-notebook-next-gen-ai-pc-c27v6pt.html,Intel® Core™ Ultra 7 processor,Windows 11 Pro,"35.6 cm (14) diagonal, WUXGA IPS display",Intel® Arc™ Graphics,16 GB LPDDR5x-8533 RAM,1 TB SSD Hard Drive,No,hp 215 39.6 cm (15.6) laptop backpack ,16.0,1,SSD,1024,20535.0,Intel,Other,Premium,Integrated,Premium,1,0,False,34.0,"Mouse, MS Office",
HP EliteBook 1040 35.6 cm (14) G11 Notebook PC,4.3333,Innovative design and real power for real work,"Intel® Core™ Ultra 7 processor | Windows 11 Pro | 35.6 cm (14) diagonal, WUXGA, IPS, 400 nits, touch display | Intel® Arc™ Graphics | 16 GB LPDDR5x-7500 RAM | 1 TB SSD Hard Drive",B85XCAT,158899.0,180250.0,"HP 215 39.6 cm (15.6) Laptop Backpack worth ₹ 1,785",https://www.hp.com/in-en/shop/hp-elitebook-1040-14-inch-g11-notebook-pc-b85xcat.html,Intel® Core™ Ultra 7 processor,Windows 11 Pro,"35.6 cm (14) diagonal, WUXGA, IPS, 400 nits, touch display",Intel® Arc™ Graphics,16 GB LPDDR5x-7500 RAM,1 TB SSD Hard Drive,No,hp 215 39.6 cm (15.6) laptop backpack ,16.0,1,SSD,1024,21351.0,Intel,Other,Premium,Integrated,Premium,1,0,False,55.6665,"Mouse, MS Office",
"HP EliteBook 8 35.6 cm (14) G1i Next Gen AI PC, Silver",0.0,Copilot+ PC.Next-gen AI redefines productivity for modern professionals,"Intel® Core™ Ultra 7 processor | Windows 11 Pro | 35.6 cm (14) diagonal, WUXGA IPS display | Intel® Arc™ Graphics | 32 GB LPDDR5x-8533 RAM | 1 TB SSD Hard Drive",C27T4PT,165599.0,189778.0,"HP 215 39.6 cm (15.6) Laptop Backpack worth ₹ 1,785",https://www.hp.com/in-en/shop/hp-elitebook-8-g1i-14-inch-notebook-next-gen-ai-pc-c27t4pt.html,Intel® Core™ Ultra 7 processor,Windows 11 Pro,"35.6 cm (14) diagonal, WUXGA IPS display",Intel® Arc™ Graphics,32 GB LPDDR5x-8533 RAM,1 TB SSD Hard Drive,No,hp 215 39.6 cm (15.6) laptop backpack ,32.0,1,SSD,1024,24179.0,Intel,Other,Premium,Integrated,Premium,1,0,False,66.0,"Backpack, Mouse, MS Office",
HP EliteBook Ultra G1i 35.6 cm (14) Notebook Next Gen AI PC,4.0,Copilot+ PC.Lead the way with this sophisticated next-gen AI PC,Intel® Core™ Ultra 7 processor | Windows 11 Pro | 35.6 cm (14) diagonal OLED IPS touch display | Intel® Arc™ Graphics | 32 GB LPDDR5x RAM | 1 TB SSD Hard Drive,B7TQ7PT,196499.0,235445.0,"HP 215 39.6 cm (15.6) Laptop Backpack worth ₹ 1,785",https://www.hp.com/in-en/shop/hp-elitebook-ultra-g1i-14-inch-notebook-next-gen-ai-pc-b7tq7pt.html,Intel® Core™ Ultra 7 processor,Windows 11 Pro,35.6 cm (14) diagonal OLED IPS touch display,Intel® Arc™ Graphics,32 GB LPDDR5x RAM,1 TB SSD Hard Drive,No,hp 215 39.6 cm (15.6) laptop backpack ,32.0,1,SSD,1024,38946.0,Intel,Other,Premium,Integrated,Premium,1,0,False,86.0,"Backpack, Mouse, MS Office",
"HP EliteBook Ultra 35.6 cm (14) G1i Next Gen AI PC, Blue",4.0,Copilot+ PC.Lead the way with this sophisticated next-gen AI PC,"Intel® Core™ Ultra 7 processor | Windows 11 Pro | 35.6 cm (14) diagonal, 2.8K OLED IPS display | Intel® Arc™ Graphics | 32 GB LPDDR5x-8533 RAM | 1 TB SSD Hard Drive",C33M4AT,223799.0,291689.0,"HP 215 39.6 cm (15.6) Laptop Backpack worth ₹ 1,785",https://www.hp.com/in-en/shop/hp-elitebook-ultra-g1i-14-inch-notebook-next-gen-ai-pc-c33m4at.html,Intel® Core™ Ultra 7 processor,Windows 11 Pro,"35.6 cm (14) diagonal, 2.8K OLED IPS display",Intel® Arc™ Graphics,32 GB LPDDR5x-8533 RAM,1 TB SSD Hard Drive,No,hp 215 39.6 cm (15.6) laptop backpack ,32.0,1,SSD,1024,67890.0,Intel,Other,Premium,Integrated,Premium,1,0,False,86.0,"Backpack, Mouse, MS Office",
"HP OmniBook 5 Laptop 16-ba1123TU, Blue",1.0,The upgrade you need from HP Pavilion. Excellent for students and families.,13th Generation Intel® Core™ i5 processor | Windows 11 Home | 40.6 cm (16) diagonal 2K IPS display | Intel® Iris® Xᵉ Graphics | 16 GB LPDDR5x-4800 RAM | 512 GB SSD Hard Drive,BH4K5PA,69550.0,78779.0,,https://www.hp.com/in-en/shop/hp-omnibook-5-laptop-16-ba1123tu-bh4k5pa.html,13th Generation Intel® Core™ i5 processor,Windows 11 Home,40.6 cm (16) diagonal 2K IPS display,Intel® Iris® Xᵉ Graphics,16 GB LPDDR5x-4800 RAM,512 GB SSD Hard Drive,No,none,16.0,512,SSD,512,9229.0,Intel,i5,Normal,Integrated,Mid-Range,0,0,False,38.0,"Mouse, MS Office",
"HP 240R 35.6 cm (14) G10 Business Laptop PC, Silver",0.0,"Compact and reliable, value-packed notebooks with essential business features to help you excel in hybrid work","Intel® Core™ 5 processor | Windows 11 Pro | 35.6 cm (14) diagonal, FHD IPS display | Intel® Graphics | 16 GB DDR4-3200 RAM | 512 GB SSD Hard Drive",C8HS4AT,76199.0,86489.0,"HP 215 39.6 cm (15.6) Laptop Backpack worth ₹ 1,785",https://www.hp.com/in-en/shop/hp-240r-14-inch-g10-notebook-pc-c8hs4at.html,Intel® Core™ 5 processor,Windows 11 Pro,"35.6 cm (14) diagonal, FHD IPS display",Intel® Graphics,16 GB DDR4-3200 RAM,512 GB SSD Hard Drive,No,hp 215 39.6 cm (15.6) laptop backpack ,16.0,512,SSD,512,10290.0,Intel,Other,Normal,Integrated,Mid-Range,1,0,False,33.0,Mouse,
"HP ZBook Firefly 35.6 cm (14) G11 Mobile Workstation PC, Silver",3.0,"Recommended for  2D and light 3D workflows, photography, and for running multiple large Microsoft Office files.",AMD Ryzen™ 5 processor | FreeDOS | 35.6 cm (14) diagonal WUXGA display | Intel® UMA Graphics | 16 GB DDR5-5600 RAM | 512 GB SSD Solid State Drive,B7EQ4PT,76535.0,158695.0,"FREE Bag (35L98AA) worth ₹ 1,785",https://www.hp.com/in-en/shop/hp-zbook-firefly-14-g11-a-mobile-workstation-pc-b7eq4pt.html,AMD Ryzen™ 5 processor,Unknown,35.6 cm (14) diagonal WUXGA display,Intel® UMA Graphics,16 GB DDR5-5600 RAM,512 GB SSD Solid State Drive,No,free bag (35l98aa) ,16.0,512,SSD,512,82160.0,AMD,Other,Normal,Integrated,Mid-Range,0,0,False,48.0,"Backpack, Mouse, MS Office",
"HP Victus 39.6cm (15.6) Gaming Laptop 15-fb3130AX, Blue",0.0,Fulfill your gaming destiny,"AMD Ryzen™ 7-7445HS processor | Windows 11 Home | 39.6 cm (15.6) diagonal FHD 144 Hz, IPS, 300 nits display with NVIDIA® GeForce RTX™ 4050 6GB | 16 GB DDR5-5600 RAM (Upgradeable) | 512 GB SSD Hard Drive | Full-size, backlit with numeric keypad, HP Wide Vision 720p HD camera",BV3A7PA,84499.0,95746.0,Microsoft Office Home 2024 Lifetime Subscription worth ₹9199.00,https://www.hp.com/in-en/shop/hp-victus-gaming-laptop-15-fb3130ax-bv3a7pa.html,AMD Ryzen™ 7-7445HS processor,Windows 11 Home,"39.6 cm (15.6) diagonal FHD 144 Hz, IPS, 300 nits display with NVIDIA® GeForce RTX™ 4050 6GB",Integrated,16 GB DDR5-5600 RAM (Upgradeable),512 GB SSD Hard Drive,Microsoft Office Home 2024 Lifetime Subscription worth ₹9199.00,none,16.0,512,SSD,512,11247.0,AMD,Other,Premium,Integrated,Premium,0,0,True,33.0,Mouse,
"HP ProBook 440 35.6 cm (14) G10 Business Laptop PC, Silver",4.0,"Essential, commercial-grade features","13th Generation Intel® Core™ i5 processor | Windows 11 Pro | 35.6 cm (14) diagonal, FHD, IPS display | Intel® Iris® Xᵉ Graphics | 8 GB DDR4 RAM | 512 GB SSD Hard Drive",BJ3T0AT,90299.0,106621.0,"HP 215 39.6 cm (15.6) Laptop Backpack worth ₹ 1,785",https://www.hp.com/in-en/shop/hp-probook-440-14-g10-notebook-pc-bj3t0at.html,13th Generation Intel® Core™ i5 processor,Windows 11 Pro,"35.6 cm (14) diagonal, FHD, IPS display",Intel® Iris® Xᵉ Graphics,8 GB DDR4 RAM,512 GB SSD Hard Drive,No,hp 215 39.6 cm (15.6) laptop backpack ,8.0,512,SSD,512,16322.0,Intel,i5,Normal,Integrated,Premium,1,0,False,37.0,"Mouse, MS Office",
"HP ProBook 440 35.6 cm (14) G10 Business Laptop PC, Silver",4.0,"Essential, commercial-grade features","13th Generation Intel® Core™ i5 processor | Windows 11 Pro | 35.6 cm (14) diagonal, FHD, IPS display | Intel® Iris® Xᶱ Graphics | 16 GB DDR4 RAM | 1 TB SSD Hard Drive",BJ3T6AT,96799.0,112453.0,"HP 215 39.6 cm (15.6) Laptop Backpack worth ₹ 1,785",https://www.hp.com/in-en/shop/hp-probook-440-14-g10-notebook-pc-bj3t6at.html,13th Generation Intel® Core™ i5 processor,Windows 11 Pro,"35.6 cm (14) diagonal, FHD, IPS display",Intel® Iris® Xᶱ Graphics,16 GB DDR4 RAM,1 TB SSD Hard Drive,No,hp 215 39.6 cm (15.6) laptop backpack ,16.0,1,SSD,1024,15654.0,Intel,i5,Premium,Integrated,Premium,1,0,False,54.0,"Backpack, Mouse",
"HP ProBook 4 35.6 cm (14) G1iR Business Laptop PC, Silver",0.0,Affordable devices designed with business in mind; commercial grade features with durable design,"13th Generation Intel® Core™ i5 processor | Windows 11 Pro | 35.6 cm (14) diagonal, WUXGA IPS display | Intel® Iris® Xᵉ Graphics | 16 GB DDR5-5600 RAM | 512 GB SSD Hard Drive",C23Y4AT,98999.0,108112.0,"HP 215 39.6 cm (15.6) Laptop Backpack worth ₹ 1,785",https://www.hp.com/in-en/shop/hp-probook-4-g1ir-14-inch-notebook-pc-c23y4at.html,13th Generation Intel® Core™ i5 processor,Windows 11 Pro,"35.6 cm (14) diagonal, WUXGA IPS display",Intel® Iris® Xᵉ Graphics,16 GB DDR5-5600 RAM,512 GB SSD Hard Drive,No,hp 215 39.6 cm (15.6) laptop backpack ,16.0,512,SSD,512,9113.0,Intel,i5,Premium,Integrated,Premium,1,0,False,33.0,"Backpack, Mouse, MS Office",
"HP ProBook 4 35.6 cm (14) G1iR Business Laptop PC, Silver",0.0,Affordable devices designed with business in mind; commercial grade features with durable design,"13th Generation Intel® Core™ i5 processor | Windows 11 Pro | 35.6 cm (14) diagonal, WUXGA IPS display | Intel® Iris® Xᵉ Graphics | 16 GB DDR5-5600 RAM | 1 TB SSD Hard Drive",C22NJAT,101499.0,112778.0,"HP 215 39.6 cm (15.6) Laptop Backpack worth ₹ 1,785",https://www.hp.com/in-en/shop/hp-probook-4-g1ir-14-inch-notebook-pc-c22njat.html,13th Generation Intel® Core™ i5 processor,Windows 11 Pro,"35.6 cm (14) diagonal, WUXGA IPS display",Intel® Iris® Xᵉ Graphics,16 GB DDR5-5600 RAM,1 TB SSD Hard Drive,No,hp 215 39.6 cm (15.6) laptop backpack ,16.0,1,SSD,1024,11279.0,Intel,i5,Premium,Integrated,Premium,1,0,False,34.0,"Backpack, Mouse",
"HP Omnibook X Laptop 35.6 cm (14) 14-fe0121QU Next Gen AI PC, Silver",4.5,"Copilot+ PC.Unleash your creativity with supercharged performance wrapped in a thin and light design. Meet OmniBook X, the AI-enhanced evolution of HP Envy.","Qualcomm® Snapdragon™ processor | Next-Gen Windows | 35.56 cm 14 diagonal, 2.2K touch display | Snapdragon® X Elite Qualcomm® Adreno™ | 16 GB LPDDR5x-8448 RAM | 1 TB SSD Hard Drive",A99B8PA,129499.0,158441.0,"Microsoft Office Home & Student 2021 Lifetime Subscription worth ₹9199.00 | HP Creator 13.3 Laptop Sling worth ₹5,500.00",https://www.hp.com/in-en/shop/hp-omnibook-x-laptop-14-fe0121qu.html,Qualcomm® Snapdragon™ processor,Next-Gen Windows,"35.56 cm 14 diagonal, 2.2K touch display",Integrated,16 GB LPDDR5x-8448 RAM,1 TB SSD Hard Drive,Microsoft Office Home & Student 2021 Lifetime Subscription worth ₹9199.00,hp creator 13.3 laptop sling ,16.0,1,SSD,1024,28942.0,Other,Other,Premium,Integrated,Premium,0,0,True,56.5,"Backpack, Mouse",
"HP EliteBook 8 35.6 cm (14) G1i Next Gen AI PC, Silver",0.0,Copilot+ PC.Next-gen AI redefines productivity for modern professionals,"Intel® Core™ Ultra 7 processor | FreeDOS | 35.6 cm (14) diagonal, WUXGA IPS display | Intel® Arc™ Graphics | 16 GB LPDDR5x-8533 RAM | 1 TB SSD Hard Drive",C27V7PT,129499.0,147778.0,"HP 215 39.6 cm (15.6) Laptop Backpack worth ₹ 1,785",https://www.hp.com/in-en/shop/hp-elitebook-8-g1i-14-inch-notebook-next-gen-ai-pc-c27v7pt.html,Intel® Core™ Ultra 7 processor,Unknown,"35.6 cm (14) diagonal, WUXGA IPS display",Intel® Arc™ Graphics,16 GB LPDDR5x-8533 RAM,1 TB SSD Hard Drive,No,hp 215 39.6 cm (15.6) laptop backpack ,16.0,1,SSD,1024,18279.0,Intel,Other,Premium,Integrated,Premium,1,0,False,34.0,"Backpack, Mouse, MS Office",
"HP ZBook Firefly 35.6 cm (14) G11 Mobile Workstation PC, Silver",3.8,"Recommended for  2D and light 3D workflows, photography, and for running multiple large Microsoft Office files.","Intel® Core™ Ultra 7 processor | Windows 11 Pro | 35.6 cm (14) diagonal, WUXGA display | NVIDIA RTX™ A500 Graphics | 16 GB DDR5-5600 RAM | 1 TB SSD Solid State Drive",A1VL0PT,157499.0,254365.0,,https://www.hp.com/in-en/shop/hp-zbook-firefly-14-g11-mobile-workstation-pc-a1vl0pt.html,Intel® Core™ Ultra 7 processor,Windows 11 Pro,"35.6 cm (14) diagonal, WUXGA display",NVIDIA RTX™ A500 Graphics,16 GB DDR5-5600 RAM,1 TB SSD Solid State Drive,No,none,16.0,1,SSD,1024,96866.0,Intel,Other,Premium,Dedicated,Premium,0,0,False,53.0,"Backpack, Mouse, MS Office",
HP ZBook Power 40.6 cm (16) G11 Mobile Workstation PC,3.8,"Recommended for  2D and light 3D workflows, photography, and for running multiple large Microsoft Office files.",Intel® Core™ Ultra 7 processor | Windows 11 Pro | 40.6 cm (16) diagonal WUXGA display | NVIDIA RTX™ 3000 Ada Generation Laptop GPU | 32 GB DDR5-5600 RAM | 1 TB SSD Solid State Drive,A8WM7PT,262999.0,396044.0,,https://www.hp.com/in-en/shop/hp-zbook-power-16-g11-mobile-workstation-pc-a8wm7pt.html,Intel® Core™ Ultra 7 processor,Windows 11 Pro,40.6 cm (16) diagonal WUXGA display,Integrated,32 GB DDR5-5600 RAM,1 TB SSD Solid State Drive,No,none,32.0,1,SSD,1024,133045.0,Intel,Other,Premium,Integrated,Premium,0,0,False,85.0,"Mouse, MS Office",
"HP 250R 39.62 cm (15.6)  G9 Business Laptop PC, Silver",0.0,"Compact and reliable, value-packed notebooks with essential business features to help you excel in hybrid work","13th Generation Intel® Core™ i3 processor | FreeDOS | 39.6 cm (15.6) diagonal, HD display | Intel® UHD Graphics | 8 GB DDR4-3200 MT/s RAM | 512 GB SSD Hard Drive",B10MTAT,40999.0,44529.0,"HP 215 39.6 cm (15.6) Laptop Backpack worth ₹ 1,785",https://www.hp.com/in-en/shop/hp-250r-15-6-39-62-cm-g9-notebook-pc-b10mtat.html,13th Generation Intel® Core™ i3 processor,Unknown,"39.6 cm (15.6) diagonal, HD display",Intel® UHD Graphics,8 GB DDR4-3200 MT/s RAM,512 GB SSD Hard Drive,No,hp 215 39.6 cm (15.6) laptop backpack ,8.0,512,SSD,512,3530.0,Intel,i3,Normal,Integrated,Budget,1,0,False,17.0,"Backpack, Mouse",
"HP 250R 39.6 cm (15.6) G10 Business Laptop PC, Silver",0.0,"Compact and reliable, value-packed notebooks with essential business features to help you excel in hybrid work","Intel® Core™ 3 processor | FreeDOS 3.0 | 39.6 cm (15.6) diagonal, HD, IPS display | Intel® Graphics | 8 GB DDR4-3200 RAM | 512 GB SSD Hard Drive",C91W6AT,44799.0,49778.0,"HP 215 39.6 cm (15.6) Laptop Backpack worth ₹ 1,785",https://www.hp.com/in-en/shop/hp-250r-15-6-inch-g10-notebook-pc-c91w6at.html,Intel® Core™ 3 processor,Unknown,"39.6 cm (15.6) diagonal, HD, IPS display",Intel® Graphics,8 GB DDR4-3200 RAM,512 GB SSD Hard Drive,No,hp 215 39.6 cm (15.6) laptop backpack ,8.0,512,SSD,512,4979.0,Intel,Other,Normal,Integrated,Budget,1,0,False,17.0,"Mouse, MS Office",
"HP 250R 39.6 cm (15.6) G10 Business Laptop PC, Silver",0.0,"Compact and reliable, value-packed notebooks with essential business features to help you excel in hybrid work","Intel® Core™ 3 processor | FreeDOS 3.0 | 39.6 cm (15.6) diagonal, FHD, SVA display | Intel® Graphics | 16 GB DDR4-3200 RAM | 512 GB SSD Hard Drive",C91W8AT,49799.0,55223.0,"HP 215 39.6 cm (15.6) Laptop Backpack worth ₹ 1,785",https://www.hp.com/in-en/shop/hp-250r-15-6-inch-g10-notebook-pc-c91w8at.html,Intel® Core™ 3 processor,Unknown,"39.6 cm (15.6) diagonal, FHD, SVA display",Intel® Graphics,16 GB DDR4-3200 RAM,512 GB SSD Hard Drive,No,hp 215 39.6 cm (15.6) laptop backpack ,16.0,512,SSD,512,5424.0,Intel,Other,Normal,Integrated,Budget,1,0,False,33.0,"Mouse, MS Office",
"HP Laptop 39.6 cm (15.6) 15-fd0682TU, Silver",0.0,Reliable computing yet stylish laptop that makes the wallet happy,"Intel® Core™ 5-120U processor | Windows 11 Home Single Language | 39.6 cm (15.6) diagonal, FHD, anti-glare display | Intel® UHD Graphics | 16 GB DDR4-3200 RAM | 512 GB SSD Hard Drive",C27FBPA,60499.0,71446.0,Microsoft Office Home 2024 Lifetime Subscription worth ₹9199.00 | 1 year Microsoft 365 basic subscription,https://www.hp.com/in-en/shop/hp-laptop-15-fd0682tu-c27fbpa.html,Intel® Core™ 5-120U processor,Windows 11 Home Single Language,"39.6 cm (15.6) diagonal, FHD, anti-glare display",Intel® UHD Graphics,16 GB DDR4-3200 RAM,512 GB SSD Hard Drive,1 year Microsoft 365 basic subscription,none,16.0,512,SSD,512,10947.0,Intel,Other,Normal,Integrated,Mid-Range,0,0,False,33.0,"Backpack, Mouse, MS Office",
HP ZBook Firefly 35.6 cm (14) G11 Mobile Workstation PC,3.9375,"Recommended for  2D and light 3D workflows, photography, and for running multiple large Microsoft Office files.",Intel® Core™ Ultra 5 processor | Windows 11 Pro | 35.6 cm (14) diagonal WUXGA display | Intel® Graphics | 16 GB DDR5-5600 RAM | 512 GB SSD Solid State Drive,A92TYPT,92999.0,188452.0,Evon Essential Series Black Bagpack,https://www.hp.com/in-en/shop/hp-zbook-firefly-14-g11-mobile-workstation-pc-a92typt.html,Intel® Core™ Ultra 5 processor,Windows 11 Pro,35.6 cm (14) diagonal WUXGA display,Intel® Graphics,16 GB DDR5-5600 RAM,512 GB SSD Solid State Drive,No,evon essential series black bagpack,16.0,512,SSD,512,95453.0,Intel,Other,Premium,Integrated,Premium,0,0,False,52.6875,"Mouse, MS Office",
"HP Chromebook x360 35.6 cm (14) Laptop 14b-cd0011TU, Silver",4.0,Elevate your on-the-go life with over a million apps in the Google Play Store for everything you do in a day,"Intel® Core™ N-series processor | ChromeOS | 35.6 cm (14) diagonal, HD touch display | Intel® UHD Graphics | 4 GB LPDDR5 RAM | 128 GB UFS Hard Drive",A95C2PA,36039.0,41206.0,,https://www.hp.com/in-en/shop/hp-chromebook-x360-14b-cd0011tu-a95c2pa.html,Intel® Core™ N-series processor,Unknown,"35.6 cm (14) diagonal, HD touch display",Intel® UHD Graphics,4 GB LPDDR5 RAM,128 GB UFS Hard Drive,No,none,4.0,128,Unknown,128,5167.0,Intel,Other,Normal,Integrated,Budget,0,0,False,28.25,"Backpack, Mouse, MS Office",
"HP OmniBook 5 Next Gen AI 14-he0015QU, Silver",5.0,Copilot+ PC.The upgrade you need from HP Pavilion. Excellent for students and families.,Snapdragon® X processor | Windows 11 Home | 35.6 cm (14) diagonal 2K OLED display | Qualcomm® Adreno™ GPU | 16 GB LPDDR5x-8448 RAM | 1 TB SSD Hard Drive,C08Q7PA,79499.0,88225.0,"HP 310 15.6 Laptop Backpack worth ₹2,999.00 | Microsoft Office Home 2024 Lifetime Subscription worth ₹9199.00 | 1 year Microsoft 365 basic subscription",https://www.hp.com/in-en/shop/hp-omnibook-5-next-gen-ai-14-he0015qu-c08q7pa.html,Snapdragon® X processor,Windows 11 Home,35.6 cm (14) diagonal 2K OLED display,Integrated,16 GB LPDDR5x-8448 RAM,1 TB SSD Hard Drive,1 year Microsoft 365 basic subscription,hp 310 15.6 laptop backpack ,16.0,1,SSD,1024,8726.0,Other,Other,Normal,Integrated,Mid-Range,1,0,False,59.0,"Mouse, MS Office",
"HP OmniBook 5 Flip 35.6 cm (14) 14-fp0690TU, Silver",0.0,The upgrade you need from HP Pavilion. Excellent for students and families.,Intel® Core™ 7 processor | Windows 11 Home | 35.6 cm (14) diagonal 2K IPS display | Intel® Graphics | 16 GB LPDDR5-5200 RAM | 1 TB SSD Hard Drive,BX9Q7PA,95999.0,101342.0,"HP 310 15.6 Laptop Backpack worth ₹2,999.00 | Microsoft Office Home 2024 Lifetime Subscription worth ₹9199.00",https://www.hp.com/in-en/shop/hp-omnibook-5-flip-14-fp0690tu-bx9q7pa.html,Intel® Core™ 7 processor,Windows 11 Home,35.6 cm (14) diagonal 2K IPS display,Intel® Graphics,16 GB LPDDR5-5200 RAM,1 TB SSD Hard Drive,Microsoft Office Home 2024 Lifetime Subscription worth ₹9199.00,hp 310 15.6 laptop backpack ,16.0,1,SSD,1024,5343.0,Intel,Other,Premium,Integrated,Premium,1,0,True,34.0,"Backpack, Mouse",
"HP Victus 39.6 cm (15.6) Gaming Laptop 15-fa2196TX, Blue",0.0,Step up the fun with our most affordable gaming laptop range that doesn't shy on performance.,"13th Generation Intel® Core™ i5 processor | Windows 11 Home | 39.6 cm (15.6) diagonal, FHD, IPS, anti-glare display | NVIDIA® GeForce RTX™ 3050 (6 GB) | 16 GB DDR4-3200 RAM | 512 GB SSD Hard Drive",C25VSPA,78999.0,90292.0,Microsoft Office Home 2024 Lifetime Subscription worth ₹9199.00 | Microsoft Xbox Game Pass 3 month,https://www.hp.com/in-en/shop/victus-gaming-laptop-15-fa2196tx-c25vspa.html,13th Generation Intel® Core™ i5 processor,Windows 11 Home,"39.6 cm (15.6) diagonal, FHD, IPS, anti-glare display",Integrated,16 GB DDR4-3200 RAM,512 GB SSD Hard Drive,Microsoft Xbox Game Pass 3 month,none,16.0,512,SSD,512,11293.0,Intel,i5,Gaming,Integrated,Mid-Range,0,0,False,33.0,"Mouse, MS Office",
"HP Laptop 39.6 cm (15.6) 15-fc0156AU, Silver",3.8824,Reliable computing yet stylish laptop that makes the wallet happy,"AMD Ryzen™ 5-7520U processor | Windows 11 Home | 39.6 cm (15.6) diagonal, FHD display | AMD Radeon™ Graphics | 16 GB LPDDR5-5500 RAM | 512 GB SSD Hard Drive",9D3N4PA,45499.0,57969.0,Microsoft Office Home & Student 2021 Lifetime Subscription worth ₹9199.00 | HP X Entry Backpack worth  ₹1999.00,https://www.hp.com/in-en/shop/hp-laptop-15-fc0156au-9d3n4pa.html,AMD Ryzen™ 5-7520U processor,Windows 11 Home,"39.6 cm (15.6) diagonal, FHD display",AMD Radeon™ Graphics,16 GB LPDDR5-5500 RAM,512 GB SSD Hard Drive,Microsoft Office Home & Student 2021 Lifetime Subscription worth ₹9199.00,hp x entry backpack ,16.0,512,SSD,512,12470.0,AMD,Other,Normal,Integrated,Budget,1,0,True,52.412,"Mouse, MS Office",
"HP Laptop 39.6 cm (15.6) 15-fd1458TU, Silver",0.0,Reliable computing yet stylish laptop that makes the wallet happy,"Intel® Core™ Ultra 5-125H processor | Windows 11 Home Single Language | 39.6 cm (15.6) diagonal FHD, IPS, anti-glare display | Intel® Arc™ Graphics | 24 GB DDR5-5600 RAM | 1 TB SSD Hard Drive",CJ9E1PA,74999.0,83566.0,HP X Entry Backpack worth  ₹1999.00,https://www.hp.com/in-en/shop/hp-laptop-15-fd1458tu-cj9e1pa.html,Intel® Core™ Ultra 5-125H processor,Windows 11 Home Single Language,"39.6 cm (15.6) diagonal FHD, IPS, anti-glare display",Intel® Arc™ Graphics,24 GB DDR5-5600 RAM,1 TB SSD Hard Drive,No,hp x entry backpack ,24.0,1,SSD,1024,8567.0,Intel,Other,Normal,Integrated,Mid-Range,1,0,False,50.0,"Mouse, MS Office",
"HP OmniBook X Flip 35.6 cm (14) 14-fm0099TU Next Gen AI PC, Silver",3.6667,"Copilot+ PC.Unleash your creativity with supercharged performance wrapped in a thin and light design. Meet OmniBook X, the AI-enhanced evolution of HP Envy.",Intel® Core™ Ultra 5 processor | Next Gen Windows | 35.6 cm (14) diagonal 3K OLED UWVA display | Intel® Arc™ Graphics | 16 GB LPDDR5x-8533 RAM | 1 TB SSD Hard Drive,C1QV9PA,116499.0,125841.0,"HP Creator 13.3 Laptop Sling worth ₹5,500.00 | Microsoft Office Home 2024 Lifetime Subscription worth ₹9199.00",https://www.hp.com/in-en/shop/hp-omnibook-x-flipngai-14-fm0099tu-c1qv9pa.html,Intel® Core™ Ultra 5 processor,Next Gen Windows,35.6 cm (14) diagonal 3K OLED UWVA display,Intel® Arc™ Graphics,16 GB LPDDR5x-8533 RAM,1 TB SSD Hard Drive,Microsoft Office Home 2024 Lifetime Subscription worth ₹9199.00,hp creator 13.3 laptop sling ,16.0,1,SSD,1024,9342.0,Intel,Other,Premium,Integrated,Premium,0,0,True,52.3335,"Mouse, MS Office",
"Victus Gaming Laptop 15-fa2103TX, Blue",4.3333,Follow your gaming destiny,"13th Generation Intel® Core™ i7 processor | Windows 11 Home | 39.6 cm (15.6) diagonal, FHD (1920 x 1080), 144 Hz, IPS, micro-edge, anti-glare, 300 nits display | NVIDIA® GeForce RTX™ 4050 6GB | 16 GB DDR4-3200 RAM (Upgradeable) | 512 GB SSD Hard Drive",BV5E5PA,94499.0,103018.0,Microsoft Office Home 2024 Lifetime Subscription worth ₹9199.00 | 1 year Microsoft 365 basic subscription,https://www.hp.com/in-en/shop/victus-gaming-laptop-15-fa2103tx-bv5e5pa.html,13th Generation Intel® Core™ i7 processor,Windows 11 Home,"39.6 cm (15.6) diagonal, FHD (1920 x 1080), 144 Hz, IPS, micro-edge, anti-glare, 300 nits display",Integrated,16 GB DDR4-3200 RAM (Upgradeable),512 GB SSD Hard Drive,1 year Microsoft 365 basic subscription,none,16.0,512,SSD,512,8519.0,Intel,i7,Premium,Integrated,Premium,0,0,False,54.6665,"Backpack, Mouse, MS Office",
"HP Victus 39.6 cm (15.6) Gaming Laptop 15-fa2409TX, Silver",0.0,Step up the fun with our most affordable gaming laptop range that doesn't shy on performance.,"Intel® Core™ 7 processor | Windows 11 Home | 39.6 cm (15.6) diagonal, FHD, IPS, anti-glare display | NVIDIA® GeForce RTX™ 5050 8 GB | 24 GB DDR5-5600 RAM (Upgradeable) | 1 TB SSD Hard Drive",CF5M6PA,115999.0,127709.0,Microsoft Office Home 2024 Lifetime Subscription worth ₹9199.00,https://www.hp.com/in-en/shop/victus-gaming-laptop-15-fa2409tx-cf5m6pa.html,Intel® Core™ 7 processor,Windows 11 Home,"39.6 cm (15.6) diagonal, FHD, IPS, anti-glare display",Integrated,24 GB DDR5-5600 RAM (Upgradeable),1 TB SSD Hard Drive,Microsoft Office Home 2024 Lifetime Subscription worth ₹9199.00,none,24.0,1,SSD,1024,11710.0,Intel,Other,Premium,Integrated,Premium,0,0,True,50.0,"Backpack, Mouse",
"HP Victus 39.6cm (15.6) Gaming Laptop 15-fb3134AX, Blue",0.0,Fulfill your gaming destiny,"AMD Ryzen™ 7-7445HS processor | Windows 11 Home | 39.6 cm (15.6) diagonal FHD 144 Hz, IPS, 300 nits display | NVIDIA® GeForce RTX™ 3050 6GB | 16 GB DDR5-5600 RAM(Upgradeable) | 512 GB SSD Hard Drive",BV3A8PA,74800.0,84838.0,Microsoft Office Home 2024 Lifetime Subscription worth ₹9199.00,https://www.hp.com/in-en/shop/hp-victus-gaming-laptop-15-fb3134ax-bv3a8pa.html,AMD Ryzen™ 7-7445HS processor,Windows 11 Home,"39.6 cm (15.6) diagonal FHD 144 Hz, IPS, 300 nits display",Integrated,16 GB DDR5-5600 RAM(Upgradeable),512 GB SSD Hard Drive,Microsoft Office Home 2024 Lifetime Subscription worth ₹9199.00,none,16.0,512,SSD,512,10038.0,AMD,Other,Gaming,Integrated,Mid-Range,0,0,True,33.0,Mouse,
HP ZBook Firefly 35.6 cm (14) G11 Mobile Workstation PC,3.9375,"Recommended for  2D and light 3D workflows, photography, and for running multiple large Microsoft Office files.",Intel® Core™ Ultra 5 processor | FreeDOS | 35.6 cm (14) diagonal WUXGA display | Intel® Graphics | 16 GB DDR5-5600 RAM | 512 GB SSD Solid State Drive,A92TXPT,81499.0,160962.0,,https://www.hp.com/in-en/shop/hp-zbook-firefly-14-g11-mobile-workstation-pc-a92txpt.html,Intel® Core™ Ultra 5 processor,Unknown,35.6 cm (14) diagonal WUXGA display,Intel® Graphics,16 GB DDR5-5600 RAM,512 GB SSD Solid State Drive,No,none,16.0,512,SSD,512,79463.0,Intel,Other,Premium,Integrated,Premium,0,0,False,52.6875,"Mouse, MS Office",
"Victus Gaming Laptop 15-fb3189AX, Blue",0.0,Fulfill your gaming destiny,"AMD Ryzen™ 7 7445HS processor | Windows 11 Home | 39.6 cm (15.6) diagonal FHD 144 Hz, IPS, 300 nits display | NVIDIA® GeForce RTX™ 2050 4GB | 16 GB DDR5-5600 RAM (Upgradeable) | 512 GB SSD Hard Drive",C20N1PA,67499.0,80595.0,Microsoft Office Home 2024 Lifetime Subscription worth ₹9199.00 | 1 year Microsoft 365 basic subscription,https://www.hp.com/in-en/shop/victus-gaming-laptop-15-fb3189ax-c20n1pa.html,AMD Ryzen™ 7 7445HS processor,Windows 11 Home,"39.6 cm (15.6) diagonal FHD 144 Hz, IPS, 300 nits display",Integrated,16 GB DDR5-5600 RAM (Upgradeable),512 GB SSD Hard Drive,1 year Microsoft 365 basic subscription,none,16.0,512,SSD,512,13096.0,AMD,Other,Gaming,Integrated,Mid-Range,0,0,False,33.0,"Mouse, MS Office",
"HP OmniBook 7 35.6 cm (14) Laptop 14-fs0789TU, Silver",0.0,Engineered for durability and performance for power users and students.,"Intel® Core™ 5-210H processor | Windows 11 Home | 35.6 cm (14) diagonal, 2K, IPS, anti-glare display | Intel® Graphics | 16 GB LPDDR5-5200 RAM | 512 GB SSD Hard Drive",BK6F6PA,81999.0,87608.0,"HP 310 15.6 Laptop Backpack worth ₹2,999.00",https://www.hp.com/in-en/shop/hp-omnibook-7-laptop-14-fs0789tu-bk6f6pa.html,Intel® Core™ 5-210H processor,Windows 11 Home,"35.6 cm (14) diagonal, 2K, IPS, anti-glare display",Intel® Graphics,16 GB LPDDR5-5200 RAM,512 GB SSD Hard Drive,No,hp 310 15.6 laptop backpack ,16.0,512,SSD,512,5609.0,Intel,Other,Premium,Integrated,Premium,1,0,False,33.0,"Mouse, MS Office",
"HP Victus 39.6 cm (15.6) Gaming Laptop 15-fa2405TX, Silver",0.0,Step up the fun with our most affordable gaming laptop range that doesn't shy on performance.,"Intel® Core™ 7 processor | Windows 11 Home | 39.6 cm (15.6) diagonal, FHD, IPS, anti-glare display | NVIDIA® GeForce RTX™ 5060 8 GB | 24 GB DDR5-5600 RAM (Upgradeable) | 1 TB SSD Hard Drive",CF5L7PA,125999.0,137880.0,Microsoft Office Home 2024 Lifetime Subscription worth ₹9199.00,https://www.hp.com/in-en/shop/victus-gaming-laptop-15-fa2405tx-cf5l7pa.html,Intel® Core™ 7 processor,Windows 11 Home,"39.6 cm (15.6) diagonal, FHD, IPS, anti-glare display",Integrated,24 GB DDR5-5600 RAM (Upgradeable),1 TB SSD Hard Drive,Microsoft Office Home 2024 Lifetime Subscription worth ₹9199.00,none,24.0,1,SSD,1024,11881.0,Intel,Other,Premium,Integrated,Premium,0,0,True,50.0,"Mouse, MS Office",
"HP ZBook 8 G1i 40.6 cm (16) Mobile Workstation PC, Silver",0.0,Step up performance. Not size.,"Intel® Core™ Ultra 7 processor | Windows 11 Pro | 40.6 cm (16) diagonal, WUXGA IPS display | NVIDIA RTX™ 500 Ada Generation Laptop GPU | 16 GB DDR5-5600 RAM | 1 TB SSD Solid State Drive",C1JQ2PT,162499.0,267171.0,"HP 215 39.6 cm (15.6) Laptop Backpack worth ₹ 1,785",https://www.hp.com/in-en/shop/hp-zbook-8-g1i-16-inch-mobile-workstation-pc-data-science-c1jq2pt.html,Intel® Core™ Ultra 7 processor,Windows 11 Pro,"40.6 cm (16) diagonal, WUXGA IPS display",Integrated,16 GB DDR5-5600 RAM,1 TB SSD Solid State Drive,No,hp 215 39.6 cm (15.6) laptop backpack ,16.0,1,SSD,1024,104672.0,Intel,Other,Premium,Integrated,Premium,1,0,False,34.0,"Mouse, MS Office",
"HP ZBook 8 G1i 35.6 cm (14) Mobile Workstation PC, Silver",0.0,Step up performance. Not size.,"Intel® Core™ Ultra 7 processor | Windows 11 Pro | 35.6 cm (14) diagonal, WUXGA IPS display | NVIDIA RTX™ 500 Ada Generation Laptop GPU | 32 GB DDR5-5600 RAM | 1 TB SSD Solid State Drive",C1JN1PT,169999.0,277989.0,"HP 215 39.6 cm (15.6) Laptop Backpack worth ₹ 1,785",https://www.hp.com/in-en/shop/hp-zbook-8-g1i-14-inch-mobile-workstation-pc-data-science-c1jn1pt.html,Intel® Core™ Ultra 7 processor,Windows 11 Pro,"35.6 cm (14) diagonal, WUXGA IPS display",Integrated,32 GB DDR5-5600 RAM,1 TB SSD Solid State Drive,No,hp 215 39.6 cm (15.6) laptop backpack ,32.0,1,SSD,1024,107990.0,Intel,Other,Premium,Integrated,Premium,1,0,False,66.0,"Backpack, Mouse, MS Office",
"HP 240 35.6 cm (14) G10 Business Laptop PC, Silver",0.0,"Compact and reliable, value-packed notebooks with essential business features to help you excel in hybrid work","13th Generation Intel® Core™ i3 processor | Windows 11 Pro | 35.6 cm (14) diagonal, FHD, IPS display | Intel® UHD Graphics | 8 GB DDR4-3200 RAM | 512 GB SSD Hard Drive",BN2M6AT,57999.0,59945.0,,https://www.hp.com/in-en/shop/hp-240-14-inch-g10-notebook-pc-bn2m6at.html,13th Generation Intel® Core™ i3 processor,Windows 11 Pro,"35.6 cm (14) diagonal, FHD, IPS display",Intel® UHD Graphics,8 GB DDR4-3200 RAM,512 GB SSD Hard Drive,No,none,8.0,512,SSD,512,1946.0,Intel,i3,Normal,Integrated,Mid-Range,0,0,False,17.0,"Backpack, Mouse, MS Office",
"HP ZBook 8 G1i 35.6 cm (14) Mobile Workstation PC, Silver",0.0,Step up performance. Not size.,"Intel® Core™ Ultra 7 processor | Windows 11 Pro | 35.6 cm (14) diagonal, WUXGA IPS display | NVIDIA RTX™ 500 Ada Generation Laptop GPU | 16 GB DDR5-5600 RAM | 1 TB SSD Solid State Drive",C1JN0PT,160999.0,264739.0,"HP 215 39.6 cm (15.6) Laptop Backpack worth ₹ 1,785",https://www.hp.com/in-en/shop/hp-zbook-8-g1i-14-inch-mobile-workstation-pc-data-science-c1jn0pt.html,Intel® Core™ Ultra 7 processor,Windows 11 Pro,"35.6 cm (14) diagonal, WUXGA IPS display",Integrated,16 GB DDR5-5600 RAM,1 TB SSD Solid State Drive,No,hp 215 39.6 cm (15.6) laptop backpack ,16.0,1,SSD,1024,103740.0,Intel,Other,Premium,Integrated,Premium,1,0,False,34.0,"Mouse, MS Office",
HP ZBook Power 40.6 cm (16) G11 Mobile Workstation PC,3.8,"Recommended for  2D and light 3D workflows, photography, and for running multiple large Microsoft Office files.",Intel® Core™ Ultra 9 processor | Windows 11 Pro | 40.6 cm (16) diagonal WUXGA display | NVIDIA RTX™ 2000 Ada Generation Laptop GPU | 64 GB DDR5-5600 RAM | 1 TB SSD Solid State Drive,A8WM5PT,298499.0,436429.0,,https://www.hp.com/in-en/shop/hp-zbook-power-16-g11-mobile-workstation-pc-a8wm5pt.html,Intel® Core™ Ultra 9 processor,Windows 11 Pro,40.6 cm (16) diagonal WUXGA display,Integrated,64 GB DDR5-5600 RAM,1 TB SSD Solid State Drive,No,none,64.0,1,SSD,1024,137930.0,Intel,Other,Premium,Integrated,Premium,0,0,False,149.0,"Mouse, MS Office",
"HP ZBook 8 G1i 40.6 cm (16) Mobile Workstation PC, Silver",0.0,Step up performance. Not size.,"Intel® Core™ Ultra 7 processor | Windows 11 Pro | 40.6 cm (16) diagonal, WUXGA IPS display | NVIDIA RTX™ 500 Ada Generation Laptop GPU | 32 GB DDR5-5600 RAM | 1 TB SSD Solid State Drive",C1JQ1PT,171499.0,280421.0,"HP 215 39.6 cm (15.6) Laptop Backpack worth ₹ 1,785",https://www.hp.com/in-en/shop/hp-zbook-8-g1i-16-inch-mobile-workstation-pc-data-science-c1jq1pt.html,Intel® Core™ Ultra 7 processor,Windows 11 Pro,"40.6 cm (16) diagonal, WUXGA IPS display",Integrated,32 GB DDR5-5600 RAM,1 TB SSD Solid State Drive,No,hp 215 39.6 cm (15.6) laptop backpack ,32.0,1,SSD,1024,108922.0,Intel,Other,Premium,Integrated,Premium,1,0,False,66.0,"Mouse, MS Office",
"HP OmniBook 5 40.6 cm (16) Next Gen AI 16-fb0001QU, Silver",0.0,Copilot+ PC.The upgrade you need from HP Pavilion. Excellent for students and families.,"Snapdragon® X processor | Next-Gen Windows | 40.6 cm (16) diagonal, 2K, OLED, UWVA, Low Blue Light display | Qualcomm® Adreno™ GPU | 16 GB LPDDR5x-8448 RAM | 1 TB SSD Hard Drive",C40F2PA,77499.0,87095.0,Microsoft Office Home 2024 Lifetime Subscription worth ₹9199.00,https://www.hp.com/in-en/shop/hp-omnibook-5-laptop-next-gen-ai-16-fb0001qu-c40f2pa.html,Snapdragon® X processor,Next-Gen Windows,"40.6 cm (16) diagonal, 2K, OLED, UWVA, Low Blue Light display",Integrated,16 GB LPDDR5x-8448 RAM,1 TB SSD Hard Drive,Microsoft Office Home 2024 Lifetime Subscription worth ₹9199.00,none,16.0,1,SSD,1024,9596.0,Other,Other,Normal,Integrated,Mid-Range,0,0,True,34.0,Mouse,
"HP OmniBook 7 Aero Next Gen AI 13-bg1456AU, Silver",5.0,Copilot+ PC.Engineered for durability and performance for power users and students.,AMD Ryzen™ AI 7 processor | Windows 11 Home Single Language | 33.78 cm (13.3) diagonal WQXGA IPS display | AMD Radeon™ 860M Graphics | 16 GB LPDDR5x-7500 RAM | 512 GB SSD Hard Drive,BK1T2PA,96999.0,106875.0,Trendsetter Backpack | Microsoft Office Home 2024 Lifetime Subscription worth ₹9199.00 | 1 year Microsoft 365 basic subscription,https://www.hp.com/in-en/shop/hp-omnibook-7-aerongai-13-bg1456au-bk1t2pa.html,AMD Ryzen™ AI 7 processor,Windows 11 Home Single Language,33.78 cm (13.3) diagonal WQXGA IPS display,AMD Radeon™ 860M Graphics,16 GB LPDDR5x-7500 RAM,512 GB SSD Hard Drive,1 year Microsoft 365 basic subscription,trendsetter backpack,16.0,512,SSD,512,9876.0,AMD,Other,Premium,Integrated,Premium,1,0,False,58.0,"Backpack, Mouse, MS Office",
"HP ZBook 8 G1i 40.6 cm (16) Mobile Workstation PC, Silver",0.0,Step up performance. Not size.,"Intel® Core™ Ultra 7 processor | Windows 11 Pro | 40.6 cm (16) diagonal, WUXGA IPS display with Intel® UMA Graphics | 16 GB DDR5-5600 RAM | 1 TB SSD Solid State Drive | Audio by Poly Studio, 5 MP IR AI camera, HP Premium Quiet Keyboard – spill-resistant full-size backlit keyboard with drain and DuraKeys and numeric keypad, Fingerprint reader",C1JP5PT,142499.0,230795.0,"HP 215 39.6 cm (15.6) Laptop Backpack worth ₹ 1,785",https://www.hp.com/in-en/shop/hp-zbook-8-g1i-16-inch-mobile-workstation-pc-data-science-c1jp5pt.html,Intel® Core™ Ultra 7 processor,Windows 11 Pro,"40.6 cm (16) diagonal, WUXGA IPS display with Intel® UMA Graphics",Integrated,16 GB DDR5-5600 RAM,1 TB SSD Solid State Drive,No,hp 215 39.6 cm (15.6) laptop backpack ,16.0,1,SSD,1024,88296.0,Intel,Other,Premium,Integrated,Premium,1,0,False,34.0,"Mouse, MS Office",
"HP ZBook 8 G1i 35.6 cm (14) Mobile Workstation PC, Silver",0.0,Step up performance. Not size.,"Intel® Core™ Ultra 7 processor | Windows 11 Pro | 35.6 cm (14) diagonal, WUXGA UWVA display | NVIDIA RTX™ 500 Ada Generation Laptop GPU | 32 GB DDR5-5600 RAM | 1 TB SSD Solid State Drive",C1JN2PT,173499.0,282408.0,"HP 215 39.6 cm (15.6) Laptop Backpack worth ₹ 1,785",https://www.hp.com/in-en/shop/hp-zbook-8-g1i-14-inch-mobile-workstation-pc-data-science-c1jn2pt.html,Intel® Core™ Ultra 7 processor,Windows 11 Pro,"35.6 cm (14) diagonal, WUXGA UWVA display",Integrated,32 GB DDR5-5600 RAM,1 TB SSD Solid State Drive,No,hp 215 39.6 cm (15.6) laptop backpack ,32.0,1,SSD,1024,108909.0,Intel,Other,Premium,Integrated,Premium,1,0,False,66.0,"Mouse, MS Office",
"HP OmniBook 7 Aero Next Gen AI 13-bg1678AU, Silver",0.0,Copilot+ PC.Engineered for durability and performance for power users and students.,AMD Ryzen™ AI 5 processor | Windows 11 Home Single Language | 33.78 cm (13.3) diagonal WQXGA IPS display | AMD Radeon™ 840M Graphics | 16 GB LPDDR5x-7500 RAM | 512 GB SSD Hard Drive,BK1U0PA,88499.0,96136.0,Trendsetter Backpack | Microsoft Office Home 2024 Lifetime Subscription worth ₹9199.00 | 1 year Microsoft 365 basic subscription,https://www.hp.com/in-en/shop/hp-omnibook-7-aerongai-13-bg1678au-bk1u0pa.html,AMD Ryzen™ AI 5 processor,Windows 11 Home Single Language,33.78 cm (13.3) diagonal WQXGA IPS display,AMD Radeon™ 840M Graphics,16 GB LPDDR5x-7500 RAM,512 GB SSD Hard Drive,1 year Microsoft 365 basic subscription,trendsetter backpack,16.0,512,SSD,512,7637.0,AMD,Other,Premium,Integrated,Premium,1,0,False,33.0,"Mouse, MS Office",
HP ZBook Power 40.6 cm (16) G11 Mobile Workstation PC,3.8,"Recommended for  2D and light 3D workflows, photography, and for running multiple large Microsoft Office files.",Intel® Core™ Ultra 9 processor | Windows 11 Pro | 40.6 cm (16) diagonal WUXGA display | NVIDIA RTX™ 3000 Ada Generation Laptop GPU | 64 GB DDR5-5600 RAM | 1 TB SSD Solid State Drive,A8WM3PT,305999.0,487807.0,Evon Essential Series Black Bagpack,https://www.hp.com/in-en/shop/hp-zbook-power-16-g11-mobile-workstation-pc-a8wm3pt.html,Intel® Core™ Ultra 9 processor,Windows 11 Pro,40.6 cm (16) diagonal WUXGA display,Integrated,64 GB DDR5-5600 RAM,1 TB SSD Solid State Drive,No,evon essential series black bagpack,64.0,1,SSD,1024,181808.0,Intel,Other,Premium,Integrated,Premium,0,0,False,149.0,"Mouse, MS Office",
"HP Laptop 39.6 cm (15.6) 15-fd1253TU, Silver",0.0,A reliably built laptop to keep you in the zone,Intel® Core™ 3 processor | Windows 11 Home Single Language | 39.6 cm (15.6) diagonal FHD display | Intel® Graphics | 8 GB DDR4 RAM | 512 GB SSD Hard Drive,BG6E5PA,43999.0,50902.0,Microsoft Office Home 2024 Lifetime Subscription worth ₹9199.00,https://www.hp.com/in-en/shop/hp-laptop-15-fd1253tu-bg6e5pa.html,Intel® Core™ 3 processor,Windows 11 Home Single Language,39.6 cm (15.6) diagonal FHD display,Intel® Graphics,8 GB DDR4 RAM,512 GB SSD Hard Drive,Microsoft Office Home 2024 Lifetime Subscription worth ₹9199.00,none,8.0,512,SSD,512,6903.0,Intel,Other,Normal,Integrated,Budget,0,0,True,17.0,"Mouse, MS Office",
"HP Laptop 39.6 cm (15.6) 15-fd0582TU, Silver",0.0,Reliable computing yet stylish laptop that makes the wallet happy,"13th Generation Intel® Core™ i3 processor | Windows 11 Home | 39.6 cm (15.6) diagonal, FHD display | Intel® Graphics | 8 GB DDR4-3200 RAM | 512 GB SSD Hard Drive",BH4U6PA,45579.0,52055.0,HP X Entry Backpack worth  ₹1999.00 | Microsoft Office Home 2024 Lifetime Subscription worth ₹9199.00,https://www.hp.com/in-en/shop/hp-laptop-15-fd0582tu-bh4u6pa.html,13th Generation Intel® Core™ i3 processor,Windows 11 Home,"39.6 cm (15.6) diagonal, FHD display",Intel® Graphics,8 GB DDR4-3200 RAM,512 GB SSD Hard Drive,Microsoft Office Home 2024 Lifetime Subscription worth ₹9199.00,hp x entry backpack ,8.0,512,SSD,512,6476.0,Intel,i3,Normal,Integrated,Budget,1,0,True,17.0,"Mouse, MS Office",
"HP 240R 35.6 cm (14) G10 Business Laptop PC, Silver",0.0,"Compact and reliable, value-packed notebooks with essential business features to help you excel in hybrid work","Intel® Core™ 7 processor | FreeDOS 3.0 | 35.6 cm (14) diagonal, FHD, IPS display | Intel® Graphics | 8 GB DDR4-3200 RAM | 512 GB SSD Hard Drive",C8HT9PT,74849.0,84709.0,"HP 215 39.6 cm (15.6) Laptop Backpack worth ₹ 1,785",https://www.hp.com/in-en/shop/hp-240r-14-inch-g10-notebook-pc-c8ht9pt.html,Intel® Core™ 7 processor,Unknown,"35.6 cm (14) diagonal, FHD, IPS display",Intel® Graphics,8 GB DDR4-3200 RAM,512 GB SSD Hard Drive,No,hp 215 39.6 cm (15.6) laptop backpack ,8.0,512,SSD,512,9860.0,Intel,Other,Normal,Integrated,Mid-Range,1,0,False,17.0,"Mouse, MS Office",
"HP ProBook 440 35.6 cm (14) G10 Business Laptop PC, Silver",4.0,"Essential, commercial-grade features","13th Generation Intel® Core™ i5 processor | FreeDOS | 35.6 cm (14) diagonal, FHD, IPS display | Intel® Iris® Xᵉ Graphics | 16 GB DDR4 RAM | 512 GB SSD Hard Drive",BJ3T8AT,74999.0,92162.0,"HP 215 39.6 cm (15.6) Laptop Backpack worth ₹ 1,785",https://www.hp.com/in-en/shop/hp-probook-440-14-g10-notebook-pc-bj3t8at.html,13th Generation Intel® Core™ i5 processor,Unknown,"35.6 cm (14) diagonal, FHD, IPS display",Intel® Iris® Xᵉ Graphics,16 GB DDR4 RAM,512 GB SSD Hard Drive,No,hp 215 39.6 cm (15.6) laptop backpack ,16.0,512,SSD,512,17163.0,Intel,i5,Normal,Integrated,Mid-Range,1,0,False,53.0,"Mouse, MS Office",
"HP ProBook 4 35.6 cm (14) G1iR Business Laptop PC, Silver",0.0,Affordable devices designed with business in mind; commercial grade features with durable design,"Intel® Core™ 5 processor | Windows 11 Pro | 35.6 cm (14) diagonal, WUXGA, IPS display | Intel® Graphics | 24 GB DDR5-5600 RAM | 512 GB SSD Hard Drive",CE0Z9AT,76599.0,87889.0,"HP 215 39.6 cm (15.6) Laptop Backpack worth ₹ 1,785",https://www.hp.com/in-en/shop/hp-probook-4-g1ir-14-inch-notebook-pc-ce0z9at.html,Intel® Core™ 5 processor,Windows 11 Pro,"35.6 cm (14) diagonal, WUXGA, IPS display",Intel® Graphics,24 GB DDR5-5600 RAM,512 GB SSD Hard Drive,No,hp 215 39.6 cm (15.6) laptop backpack ,24.0,512,SSD,512,11290.0,Intel,Other,Normal,Integrated,Mid-Range,1,0,False,49.0,"Mouse, MS Office",
"HP Laptop 35.6 cm (14) 14-ep1151TU, Silver",0.0,Reliable computing yet stylish laptop that makes the wallet happy,"Intel® Core™ Ultra 7-155H processor | Windows 11 Home Single Language | 35.6 cm (14) diagonal FHD, anti-glare display | Intel® Arc™ Graphics | 16 GB DDR5-5600 RAM | 512 GB SSD Hard Drive",C72QHPA,76999.0,85990.0,HP X Entry Backpack worth  ₹1999.00,https://www.hp.com/in-en/shop/hp-laptop-14-ep1151tu-c72qhpa.html,Intel® Core™ Ultra 7-155H processor,Windows 11 Home Single Language,"35.6 cm (14) diagonal FHD, anti-glare display",Intel® Arc™ Graphics,16 GB DDR5-5600 RAM,512 GB SSD Hard Drive,No,hp x entry backpack ,16.0,512,SSD,512,8991.0,Intel,Other,Normal,Integrated,Mid-Range,1,0,False,33.0,"Mouse, MS Office",
"HP ProBook 440 35.6 cm (14) G10 Business Laptop PC, Silver",4.0,"Essential, commercial-grade features","13th Generation Intel® Core™ i5 processor | FreeDOS | 35.6 cm (14) diagonal, FHD, IPS display | Intel® Iris® Xᶱ Graphics | 16 GB DDR4 RAM | 1 TB SSD Hard Drive",BJ3T9AT,78999.0,95342.0,"HP 215 39.6 cm (15.6) Laptop Backpack worth ₹ 1,785",https://www.hp.com/in-en/shop/hp-probook-440-14-g10-notebook-pc-bj3t9at.html,13th Generation Intel® Core™ i5 processor,Unknown,"35.6 cm (14) diagonal, FHD, IPS display",Intel® Iris® Xᶱ Graphics,16 GB DDR4 RAM,1 TB SSD Hard Drive,No,hp 215 39.6 cm (15.6) laptop backpack ,16.0,1,SSD,1024,16343.0,Intel,i5,Normal,Integrated,Mid-Range,1,0,False,54.0,"Backpack, Mouse, MS Office",
"HP OmniBook 5 Next Gen AI 16-ag1034AU, Silver",0.0,Copilot+ PC.The upgrade you need from HP Pavilion. Excellent for students and families.,AMD Ryzen™ AI 5 processor | Windows 11 Home Single Language | 40.5 cm (16) diagonal 2K IPS touch display | AMD Radeon™ 840M Graphics | 16 GB LPDDR5x-7500 RAM | 512 GB SSD Hard Drive,BK9U3PA,79999.0,88225.0,,https://www.hp.com/in-en/shop/hp-omnibook-5-ngai-16-ag1034au-bk9u3pa.html,AMD Ryzen™ AI 5 processor,Windows 11 Home Single Language,40.5 cm (16) diagonal 2K IPS touch display,AMD Radeon™ 840M Graphics,16 GB LPDDR5x-7500 RAM,512 GB SSD Hard Drive,No,none,16.0,512,SSD,512,8226.0,AMD,Other,Normal,Integrated,Mid-Range,0,0,False,33.0,"Backpack, Mouse, MS Office",
"HP OmniBook 5 Next Gen AI 16-ag1147AU, Blue",0.0,Copilot+ PC.The upgrade you need from HP Pavilion. Excellent for students and families.,AMD Ryzen™ AI 5 processor | Windows 11 Home Single Language | 40.5 cm (16) diagonal 2K IPS touch display | AMD Radeon™ 840M Graphics | 16 GB LPDDR5x-7500 RAM | 512 GB SSD Hard Drive,BH4K3PA,79999.0,88225.0,,https://www.hp.com/in-en/shop/hp-omnibook-5-ngai-16-ag1147au-bh4k3pa.html,AMD Ryzen™ AI 5 processor,Windows 11 Home Single Language,40.5 cm (16) diagonal 2K IPS touch display,AMD Radeon™ 840M Graphics,16 GB LPDDR5x-7500 RAM,512 GB SSD Hard Drive,No,none,16.0,512,SSD,512,8226.0,AMD,Other,Normal,Integrated,Mid-Range,0,0,False,33.0,"Mouse, MS Office",
"HP ProBook 445 35.6 cm (14) G11 Business Laptop PC, Silver",0.0,Affordable devices designed with business in mind; commercial grade features with durable design,"AMD Ryzen™ 7 processor | Windows 11 Pro | 35.6 cm (14) diagonal, WUXGA, IPS display | AMD Radeon™ 680M Graphics | 16 GB DDR5-4800 RAM | 512 GB SSD Hard Drive",CD9A6PT,83799.0,93334.0,"HP 215 39.6 cm (15.6) Laptop Backpack worth ₹ 1,785",https://www.hp.com/in-en/shop/hp-probook-445-14-inch-g11-notebook-pc-cd9a6pt.html,AMD Ryzen™ 7 processor,Windows 11 Pro,"35.6 cm (14) diagonal, WUXGA, IPS display",AMD Radeon™ 680M Graphics,16 GB DDR5-4800 RAM,512 GB SSD Hard Drive,No,hp 215 39.6 cm (15.6) laptop backpack ,16.0,512,SSD,512,9535.0,AMD,Other,Premium,Integrated,Premium,1,0,False,33.0,"Mouse, MS Office",
"HP ProBook 440 35.6 cm (14) G10 Business Laptop PC, Silver",4.0,"Essential, commercial-grade features","13th Generation Intel® Core™ i5 processor | Windows 11 Pro | 35.6 cm (14) diagonal, FHD, IPS display | Intel® Iris® Xᶱ Graphics | 16 GB DDR4 RAM | 512 GB SSD Hard Drive",BJ3T5AT,87499.0,110896.0,"HP 215 39.6 cm (15.6) Laptop Backpack worth ₹ 1,785",https://www.hp.com/in-en/shop/hp-probook-440-14-g10-notebook-pc-bj3t5at.html,13th Generation Intel® Core™ i5 processor,Windows 11 Pro,"35.6 cm (14) diagonal, FHD, IPS display",Intel® Iris® Xᶱ Graphics,16 GB DDR4 RAM,512 GB SSD Hard Drive,No,hp 215 39.6 cm (15.6) laptop backpack ,16.0,512,SSD,512,23397.0,Intel,i5,Premium,Integrated,Premium,1,0,False,53.0,"Backpack, Mouse, MS Office",
"HP Victus 39.6 cm (15.6) Gaming Laptop 15-fa2203TX, Blue",0.0,Step up the fun with our most affordable gaming laptop range that doesn't shy on performance.,"Intel® Core™ 5 processor | Windows 11 Home | 39.6 cm (15.6) diagonal, FHD, IPS, anti-glare display | NVIDIA® GeForce RTX™ 4050 (6 GB) | 16 GB DDR4-3200 RAM | 512 GB SSD Hard Drive",CF1J3PA,88499.0,98170.0,Microsoft Office Home 2024 Lifetime Subscription worth ₹9199.00 | Microsoft Xbox Game Pass 3 month,https://www.hp.com/in-en/shop/victus-gaming-laptop-15-fa2203tx-cf1j3pa.html,Intel® Core™ 5 processor,Windows 11 Home,"39.6 cm (15.6) diagonal, FHD, IPS, anti-glare display",Integrated,16 GB DDR4-3200 RAM,512 GB SSD Hard Drive,Microsoft Xbox Game Pass 3 month,none,16.0,512,SSD,512,9671.0,Intel,Other,Premium,Integrated,Premium,0,0,False,33.0,"Backpack, Mouse",
HP ProBook 440 35.6 cm (14) G10 Business Laptop PC,4.0,"Essential, commercial-grade features","13th Generation Intel® Core™ i5 processor | Windows 11 Pro | 35.6 cm (14) diagonal, FHD, IPS display | Intel® Iris® Xᵉ Graphics | 16 GB DDR4-3200 RAM | 512 GB SSD Hard Drive",BM4C5PT,89699.0,101667.0,"HP 215 39.6 cm (15.6) Laptop Backpack worth ₹ 1,785",https://www.hp.com/in-en/shop/hp-probook-440-14-inch-g10-notebook-pc-bm4c5pt.html,13th Generation Intel® Core™ i5 processor,Windows 11 Pro,"35.6 cm (14) diagonal, FHD, IPS display",Intel® Iris® Xᵉ Graphics,16 GB DDR4-3200 RAM,512 GB SSD Hard Drive,No,hp 215 39.6 cm (15.6) laptop backpack ,16.0,512,SSD,512,11968.0,Intel,i5,Premium,Integrated,Premium,1,0,False,53.0,"Backpack, Mouse, MS Office",
"HP Laptop 35.6 cm 14-ep1130TU, Silver",3.6667,Powerfully and responsibly made to get things done everyday,Intel® Core™ Ultra 7 155H processor | Windows 11 Home | 35.6 cm (14) diagonal FHD display | Intel® Arc™ Graphics | 32 GB DDR5-5600 MT/s RAM | 1TB SSD Hard Drive,C0YN6PA,89999.0,101261.0,HP X Entry Backpack worth  ₹1999.00 | Microsoft Office Home 2024 Lifetime Subscription worth ₹9199.00,https://www.hp.com/in-en/shop/hp-laptop-14-ep1130tu-c0yn6pa.html,Intel® Core™ Ultra 7 155H processor,Windows 11 Home,35.6 cm (14) diagonal FHD display,Intel® Arc™ Graphics,32 GB DDR5-5600 MT/s RAM,1TB SSD Hard Drive,Microsoft Office Home 2024 Lifetime Subscription worth ₹9199.00,hp x entry backpack ,32.0,1,SSD,1024,11262.0,Intel,Other,Premium,Integrated,Premium,1,0,True,84.3335,"Backpack, Mouse, MS Office",
"HP OmniBook 5 Next Gen AI 16-ag1035AU, Blue",0.0,Copilot+ PC.The upgrade you need from HP Pavilion. Excellent for students and families.,AMD Ryzen™ AI 7 processor | Windows 11 Home Single Language | 40.5 cm (16) diagonal 2K IPS touch display | AMD Radeon™ 860M Graphics | 16 GB LPDDR5x-7500 RAM | 512 GB SSD Hard Drive,BK9U4PA,89999.0,93435.0,,https://www.hp.com/in-en/shop/hp-omnibook-5-ngai-16-ag1035au-bk9u4pa.html,AMD Ryzen™ AI 7 processor,Windows 11 Home Single Language,40.5 cm (16) diagonal 2K IPS touch display,AMD Radeon™ 860M Graphics,16 GB LPDDR5x-7500 RAM,512 GB SSD Hard Drive,No,none,16.0,512,SSD,512,3436.0,AMD,Other,Premium,Integrated,Premium,0,0,False,33.0,"Backpack, Mouse, MS Office",
"HP ProBook 4 35.6 cm (14) G1iR Business Laptop PC, Silver",0.0,Affordable devices designed with business in mind; commercial grade features with durable design,"Intel® Core™ 7 processor | FreeDOS | 35.6 cm (14) diagonal, WUXGA, IPS display | Intel® Graphics | 24 GB DDR5-5600 RAM | 512 GB SSD Hard Drive",CF2V0PT,90899.0,105200.0,"HP 215 39.6 cm (15.6) Laptop Backpack worth ₹ 1,785",https://www.hp.com/in-en/shop/hp-probook-4-g1ir-14-inch-notebook-pc-cf2v0pt.html,Intel® Core™ 7 processor,Unknown,"35.6 cm (14) diagonal, WUXGA, IPS display",Intel® Graphics,24 GB DDR5-5600 RAM,512 GB SSD Hard Drive,No,hp 215 39.6 cm (15.6) laptop backpack ,24.0,512,SSD,512,14301.0,Intel,Other,Premium,Integrated,Premium,1,0,False,49.0,"Backpack, Mouse, MS Office",
"HP ProBook 450 39.6 cm (15.6) G10 Business Laptop PC, Silver",4.0,Affordable devices designed with business in mind; commercial grade features with durable design,"13th Generation Intel® Core™ i5 processor | Windows 11 Pro | 39.6 cm (15.6) diagonal, FHD display | Intel® Iris® Xᶱ Graphics | 16 GB DDR4-3200 MT/s RAM | 512 GB SSD Hard Drive",B10MBAT,90999.0,98542.0,"HP 215 39.6 cm (15.6) Laptop Backpack worth ₹ 1,785",https://www.hp.com/in-en/shop/hp-probook-450-15-6-39-62-cm-g10-notebook-pc-b10mbat.html,13th Generation Intel® Core™ i5 processor,Windows 11 Pro,"39.6 cm (15.6) diagonal, FHD display",Intel® Iris® Xᶱ Graphics,16 GB DDR4-3200 MT/s RAM,512 GB SSD Hard Drive,No,hp 215 39.6 cm (15.6) laptop backpack ,16.0,512,SSD,512,7543.0,Intel,i5,Premium,Integrated,Premium,1,0,False,53.0,"Backpack, Mouse, MS Office",
"HP ProBook 440 35.6 cm (14) G10 Business Laptop PC, Silver",4.0,Affordable devices designed with business in mind; commercial grade features with durable design,"13th Generation Intel® Core™ i5 processor | Windows 11 Pro | 35.6 cm (14) diagonal, FHD display | Intel® Iris® Xᶱ Graphics | 16 GB DDR4-3200 MT/s RAM | 512 GB SSD Hard Drive",B15JRAT,90999.0,100086.0,"HP 215 39.6 cm (15.6) Laptop Backpack worth ₹ 1,785",https://www.hp.com/in-en/shop/hp-probook-440-14-g10-notebook-pc-b15jrat.html,13th Generation Intel® Core™ i5 processor,Windows 11 Pro,"35.6 cm (14) diagonal, FHD display",Intel® Iris® Xᶱ Graphics,16 GB DDR4-3200 MT/s RAM,512 GB SSD Hard Drive,No,hp 215 39.6 cm (15.6) laptop backpack ,16.0,512,SSD,512,9087.0,Intel,i5,Premium,Integrated,Premium,1,0,False,53.0,"Backpack, Mouse, MS Office",
"HP 240R 35.6 cm (14) G10 Business Laptop PC, Silver",0.0,"Compact and reliable, value-packed notebooks with essential business features to help you excel in hybrid work","Intel® Core™ 7 processor | Windows 11 Pro | 35.6 cm (14) diagonal, FHD, IPS display | Intel® Graphics | 16 GB DDR4-3200 RAM | 512 GB SSD Hard Drive",C8HU1PT,91899.0,104731.0,"HP 215 39.6 cm (15.6) Laptop Backpack worth ₹ 1,785",https://www.hp.com/in-en/shop/hp-240r-14-inch-g10-notebook-pc-c8hu1pt.html,Intel® Core™ 7 processor,Windows 11 Pro,"35.6 cm (14) diagonal, FHD, IPS display",Intel® Graphics,16 GB DDR4-3200 RAM,512 GB SSD Hard Drive,No,hp 215 39.6 cm (15.6) laptop backpack ,16.0,512,SSD,512,12832.0,Intel,Other,Premium,Integrated,Premium,1,0,False,33.0,"Backpack, Mouse, MS Office",
"HP ProBook 440 35.6 cm (14) G11 Business Laptop PC, Silver",3.5,Affordable devices designed with business in mind; commercial grade features with durable design,"Intel® Core™ Ultra 5 processor | Windows 11 Pro | 35.6 cm (14) diagonal, WUXGA, IPS display | Intel® Graphics | 16 GB DDR5-5600 RAM | 512 GB SSD Hard Drive",CD9A7PT,92799.0,107334.0,"HP 215 39.6 cm (15.6) Laptop Backpack worth ₹ 1,785",https://www.hp.com/in-en/shop/hp-probook-440-14-inch-g11-notebook-pc-cd9a7pt.html,Intel® Core™ Ultra 5 processor,Windows 11 Pro,"35.6 cm (14) diagonal, WUXGA, IPS display",Intel® Graphics,16 GB DDR5-5600 RAM,512 GB SSD Hard Drive,No,hp 215 39.6 cm (15.6) laptop backpack ,16.0,512,SSD,512,14535.0,Intel,Other,Premium,Integrated,Premium,1,0,False,50.5,"Backpack, Mouse, MS Office",
"HP ProBook 4 35.6 cm (14) G1iR Business Laptop PC, Silver",0.0,Affordable devices designed with business in mind; commercial grade features with durable design,"Intel® Core™ 5 processor | Windows 11 Pro | 35.6 cm (14) diagonal, WUXGA, IPS display | Intel® Graphics | 24 GB DDR5-5600 RAM | 512 GB SSD Hard Drive",CE1A7AT,94099.0,108889.0,"HP 215 39.6 cm (15.6) Laptop Backpack worth ₹ 1,785",https://www.hp.com/in-en/shop/hp-probook-4-g1ir-14-inch-notebook-pc-ce1a7at.html,Intel® Core™ 5 processor,Windows 11 Pro,"35.6 cm (14) diagonal, WUXGA, IPS display",Intel® Graphics,24 GB DDR5-5600 RAM,512 GB SSD Hard Drive,No,hp 215 39.6 cm (15.6) laptop backpack ,24.0,512,SSD,512,14790.0,Intel,Other,Premium,Integrated,Premium,1,0,False,49.0,"Backpack, Mouse, MS Office",
"HP OmniBook 5 Laptop 40.6 cm (16) Next Gen AI 16-ag1087AU, Silver",0.0,Streamline your day with all the AI power you need.,"AMD Ryzen™ AI 7 (50 NPU TOPs) processor | Next Gen Windows | 40.6 cm (16) diagonal, 2K, IPS, Anti-glare, Touchscreen display | AMD Radeon™ 860M Graphics | 24 GB LPDDR5x-7500 RAM | 1 TB SSD Hard Drive",CG9Y6PA,94499.0,104613.0,"HP 310 15.6 Laptop Backpack worth ₹2,999.00",https://www.hp.com/in-en/shop/hp-omnibook-5-laptop-next-gen-ai-16-ag1087au-cg9y6pa.html,AMD Ryzen™ AI 7 (50 NPU TOPs) processor,Next Gen Windows,"40.6 cm (16) diagonal, 2K, IPS, Anti-glare, Touchscreen display",AMD Radeon™ 860M Graphics,24 GB LPDDR5x-7500 RAM,1 TB SSD Hard Drive,No,hp 310 15.6 laptop backpack ,24.0,1,SSD,1024,10114.0,AMD,Other,Premium,Integrated,Premium,1,0,False,50.0,"Backpack, Mouse, MS Office",
"HP EliteBook 845 35.6 cm (14) G11 Notebook PC, Silver",0.0,The enterprise notebook that’s anything but ordinary,AMD Ryzen™ 7 processor | FreeDOS | 35.6 cm (14) WUXGA display | AMD Radeon™ 780M Graphics | 16 GB DDR5-5600 RAM | 512 GB SSD Hard Drive,B85PXPT,94499.0,107334.0,"HP 215 39.6 cm (15.6) Laptop Backpack worth ₹ 1,785",https://www.hp.com/in-en/shop/hp-elitebook-845-14-inch-g11-notebook-pc-b85pxpt.html,AMD Ryzen™ 7 processor,Unknown,35.6 cm (14) WUXGA display,AMD Radeon™ 780M Graphics,16 GB DDR5-5600 RAM,512 GB SSD Hard Drive,No,hp 215 39.6 cm (15.6) laptop backpack ,16.0,512,SSD,512,12835.0,AMD,Other,Premium,Integrated,Premium,1,0,False,33.0,"Backpack, Mouse, MS Office",
"HP ProBook 4 35.6 cm (14) G1iR Business Laptop PC, Silver",0.0,Affordable devices designed with business in mind; commercial grade features with durable design,"Intel® Core™ 5 processor | Windows 11 Pro | 35.6 cm (14) diagonal, WUXGA, IPS display | Intel® Graphics | 16 GB DDR5-5600 RAM | 1 TB SSD Hard Drive",CC0M6AT,95799.0,110445.0,"HP 215 39.6 cm (15.6) Laptop Backpack worth ₹ 1,785",https://www.hp.com/in-en/shop/hp-probook-4-g1ir-14-inch-notebook-pc-cc0m6at.html,Intel® Core™ 5 processor,Windows 11 Pro,"35.6 cm (14) diagonal, WUXGA, IPS display",Intel® Graphics,16 GB DDR5-5600 RAM,1 TB SSD Hard Drive,No,hp 215 39.6 cm (15.6) laptop backpack ,16.0,1,SSD,1024,14646.0,Intel,Other,Premium,Integrated,Premium,1,0,False,34.0,"Backpack, Mouse, MS Office",
"HP ProBook 4 35.6 cm (14) G1iR Business Laptop PC, Silver",0.0,Affordable devices designed with business in mind; commercial grade features with durable design,"13th Generation Intel® Core™ i5 processor | Windows 11 Pro | 35.6 cm (14) diagonal, WUXGA, IPS display | Intel® Iris® Xᵉ Graphics | 8 GB DDR5-5600 RAM | 512 GB SSD Hard Drive",C22NKAT,96499.0,103445.0,"HP 215 39.6 cm (15.6) Laptop Backpack worth ₹ 1,785",https://www.hp.com/in-en/shop/hp-probook-4-g1ir-14-inch-notebook-pc-c22nkat.html,13th Generation Intel® Core™ i5 processor,Windows 11 Pro,"35.6 cm (14) diagonal, WUXGA, IPS display",Intel® Iris® Xᵉ Graphics,8 GB DDR5-5600 RAM,512 GB SSD Hard Drive,No,hp 215 39.6 cm (15.6) laptop backpack ,8.0,512,SSD,512,6946.0,Intel,i5,Normal,Integrated,Premium,1,0,False,17.0,"Backpack, Mouse, MS Office",
"HP EliteBook 6 G1q 35.6 cm (14) Notebook Next Gen AI PC, Silver",0.0,Power your organization into the future with next-gen AI,"Snapdragon® X processor | Windows 11 Pro | 35.6 cm (14) diagonal, WUXGA, IPS, anti-glare, 300 nits, touch display | Qualcomm® Adreno™ GPU | 16 GB LPDDR5x-8533 RAM | 512 GB SSD Hard Drive",C27TFPT,97499.0,99667.0,,https://www.hp.com/in-en/shop/hp-elitebook-6-g1q-14-notebook-next-gen-ai-pc-c27tfpt.html,Snapdragon® X processor,Windows 11 Pro,"35.6 cm (14) diagonal, WUXGA, IPS, anti-glare, 300 nits, touch display",Integrated,16 GB LPDDR5x-8533 RAM,512 GB SSD Hard Drive,No,none,16.0,512,SSD,512,2168.0,Other,Other,Premium,Integrated,Premium,0,0,False,33.0,"Backpack, Mouse, MS Office",
"HP ZBook Firefly 35.6 cm (14) G11 Mobile Workstation PC, Silver",3.0,"Recommended for  2D and light 3D workflows, photography, and for running multiple large Microsoft Office files.",AMD Ryzen™ 7 processor | FreeDOS | 35.6 cm (14) diagonal WUXGA IPS display | Intel® UMA Graphics | 16 GB DDR5-5600 RAM | 1 TB SSD Solid State Drive,B7ER6PT,97704.0,189802.0,"FREE Bag (35L98AA) worth ₹ 1,785",https://www.hp.com/in-en/shop/hp-zbook-firefly-14-inch-g11-a-mobile-workstation-pc-b7er6pt.html,AMD Ryzen™ 7 processor,Unknown,35.6 cm (14) diagonal WUXGA IPS display,Intel® UMA Graphics,16 GB DDR5-5600 RAM,1 TB SSD Solid State Drive,No,free bag (35l98aa) ,16.0,1,SSD,1024,92098.0,AMD,Other,Premium,Integrated,Premium,0,0,False,49.0,"Backpack, Mouse",
"HP ProBook 440 35.6 cm (14) Notebook PC, Silver",3.5,Performance to stay productive from anywhere,"Intel® Core™ Ultra 5 processor | Windows 11 Pro | 35.6 cm (14) diagonal, WUXGA, IPS display | Intel® Graphics | 16 GB DDR5 RAM | 512 GBSSD Hard Drive",B81TLPT,98999.0,114112.0,"HP 215 39.6 cm (15.6) Laptop Backpack worth ₹ 1,785",https://www.hp.com/in-en/shop/hp-probook-440-14-g11-notebook-pc-b81tlpt.html,Intel® Core™ Ultra 5 processor,Windows 11 Pro,"35.6 cm (14) diagonal, WUXGA, IPS display",Intel® Graphics,16 GB DDR5 RAM,512 GBSSD Hard Drive,No,hp 215 39.6 cm (15.6) laptop backpack ,16.0,512,SSD,512,15113.0,Intel,Other,Premium,Integrated,Premium,1,0,False,50.5,"Backpack, Mouse, MS Office",
"HP ProBook 440 35.6 cm (14) G10 Business Laptop PC, Silver",4.0,"Essential, commercial-grade features","13th Generation Intel® Core™ i7 processor | Windows 11 Pro | 35.6 cm (14) diagonal, FHD, IPS display | Intel® UHD Graphics | 16 GB DDR4-3200 RAM | 512 GB SSD Hard Drive",BM4C6PT,100999.0,115834.0,,https://www.hp.com/in-en/shop/hp-probook-440-14-inch-g10-notebook-pc-bm4c6pt.html,13th Generation Intel® Core™ i7 processor,Windows 11 Pro,"35.6 cm (14) diagonal, FHD, IPS display",Intel® UHD Graphics,16 GB DDR4-3200 RAM,512 GB SSD Hard Drive,No,none,16.0,512,SSD,512,14835.0,Intel,i7,Premium,Integrated,Premium,0,0,False,53.0,"Backpack, Mouse",
"HP EliteBook 640 35.6 cm (14) G10 Notebook PC, Silver",0.0,Empowering the hybrid workforce,13th Generation Intel® Core™ i7 processor | FreeDOS | 35.6 cm (14) diagonal FHD IPS display | Intel® UHD Graphics | 16 GB DDR4-3200 RAM | 1 TB SSD Hard Drive,B81TZPT,100999.0,114334.0,"HP 215 39.6 cm (15.6) Laptop Backpack worth ₹ 1,785",https://www.hp.com/in-en/shop/hp-elitebook-640-14-inch-g10-notebook-pc-b81tzpt.html,13th Generation Intel® Core™ i7 processor,Unknown,35.6 cm (14) diagonal FHD IPS display,Intel® UHD Graphics,16 GB DDR4-3200 RAM,1 TB SSD Hard Drive,No,hp 215 39.6 cm (15.6) laptop backpack ,16.0,1,SSD,1024,13335.0,Intel,i7,Premium,Integrated,Premium,1,0,False,34.0,"Backpack, Mouse",
"OMEN Transcend Laptop 14, Black, Ultra 7-255H (16C), RTX 5050 8GB, 16 GB DDR5",0.0,"Built to Game, Made to Create","Intel® Core™ Ultra 7 processor | Windows 11 Home | 35.6 cm (14) diagonal 3K OLED display, 48-120 Hz refresh rate, 0.2 ms response time display | NVIDIA® GeForce RTX™ 5050 8GB | 16 GB LPDDR5-7467 MT/s RAM | 1 TB SSD Hard Drive",C27DTPA,163999.0,184354.0,,https://www.hp.com/in-en/shop/omen-transcend-laptop-14-fb1031tx-c27dtpa.html,Intel® Core™ Ultra 7 processor,Windows 11 Home,"35.6 cm (14) diagonal 3K OLED display, 48-120 Hz refresh rate, 0.2 ms response time display",Integrated,16 GB LPDDR5-7467 MT/s RAM,1 TB SSD Hard Drive,No,none,16.0,1,SSD,1024,20355.0,Intel,Other,Premium,Integrated,Premium,0,0,False,34.0,"Backpack, Mouse, MS Office",
"HP OMEN Gaming Laptop 16, Black, Core 7 - 240H (10C), RTX 5060 8GB, 16 GB",0.0,Bold performance without the burnout,"Intel® Core™ 7 240H (10C) processor | Windows 11 Home | 40.6 cm (16) diagonal, 2K, IPS, anti-glare, Low Blue Light, 165 Hz, 400 nits display | NVIDIA® GeForce RTX™ 5060 8GB | 16 GB DDR5 RAM | 1 TB SSD Hard Drive",BP3Y6PA,136999.0,154003.0,Microsoft Office Home 2024 Lifetime Subscription worth ₹9199.00 | Microsoft Xbox Game Pass 3 month,https://www.hp.com/in-en/shop/hp-omen-gaming-laptop-16-am0078tx-bp3y6pa.html,Intel® Core™ 7 240H (10C) processor,Windows 11 Home,"40.6 cm (16) diagonal, 2K, IPS, anti-glare, Low Blue Light, 165 Hz, 400 nits display",Integrated,16 GB DDR5 RAM,1 TB SSD Hard Drive,Microsoft Xbox Game Pass 3 month,none,16.0,1,SSD,1024,17004.0,Intel,Other,Premium,Integrated,Premium,0,0,False,34.0,"Backpack, Mouse, MS Office",
"HP OMEN Gaming Laptop 16, Black, Core 7 - 240H (10C), RTX 5070 8GB, 24 GB",5.0,Bold performance without the burnout,"Intel® Core™ 7 240H (10C) processor | Windows 11 Home | 40.6 cm (16) diagonal, 2K, IPS, anti-glare, Low Blue Light, 165 Hz, 400 nits display | NVIDIA® GeForce RTX™ 5070 8GB | 24 GB DDR5 RAM | 1 TB SSD Hard Drive",C91T5PA,154999.0,174237.0,Microsoft Office Home 2024 Lifetime Subscription worth ₹9199.00,https://www.hp.com/in-en/shop/hp-omen-gaming-laptop-16-am0302tx-c91t5pa.html,Intel® Core™ 7 240H (10C) processor,Windows 11 Home,"40.6 cm (16) diagonal, 2K, IPS, anti-glare, Low Blue Light, 165 Hz, 400 nits display",Integrated,24 GB DDR5 RAM,1 TB SSD Hard Drive,Microsoft Office Home 2024 Lifetime Subscription worth ₹9199.00,none,24.0,1,SSD,1024,19238.0,Intel,Other,Premium,Integrated,Premium,0,0,True,75.0,"Backpack, Mouse, MS Office",
"OMEN MAX Gaming Laptop 16, Black, Core Ultra 7 - 255HX (20C), RTX 5070 8GB, 32 GB DDR5",0.0,Built to break limits,"Intel® Core™ Ultra 7 255HX processor | Windows 11 Home | 40.6 cm (16) diagonal 2K display,165 Hz, 3 ms response time, IPS | NVIDIA® GeForce RTX™ 5070 8GB | 32 GB DDR5-5600 RAM | 1 TB SSD Hard Drive",C27DVPA,204999.0,230443.0,,https://www.hp.com/in-en/shop/omen-max-gaming-laptop-16-ah0087tx-c27dvpa.html,Intel® Core™ Ultra 7 255HX processor,Windows 11 Home,"40.6 cm (16) diagonal 2K display,165 Hz, 3 ms response time, IPS",Integrated,32 GB DDR5-5600 RAM,1 TB SSD Hard Drive,No,none,32.0,1,SSD,1024,25444.0,Intel,Other,Premium,Integrated,Premium,0,0,False,66.0,"Mouse, MS Office",
"HP OMEN MAX Gaming Laptop 16, Black, Ryzen AI 9 HX 375 (12C), RTX 5070 Ti 12GB, 32 GB",0.0,Copilot+ PC.Pro Gaming. Built for unbelievable speed and immersive gameplay.,"AMD Ryzen™ AI 9 HX 375 (12C) processor | Windows 11 Home | 40.6 cm (16) diagonal, 2K, IPS, anti-glare, Low Blue Light, 165 Hz, 400 nits display | NVIDIA® GeForce RTX™ 5070 Ti | 32 GB DDR5 RAM | 1 TB SSD Hard Drive",C1NZ6PA,249999.0,269787.0,Microsoft Office Home 2024 Lifetime Subscription worth ₹9199.00 | Microsoft Xbox Game Pass 3 month,https://www.hp.com/in-en/shop/hp-omen-max-gaming-laptop-16-ak0070ax-c1nz6pa.html,AMD Ryzen™ AI 9 HX 375 (12C) processor,Windows 11 Home,"40.6 cm (16) diagonal, 2K, IPS, anti-glare, Low Blue Light, 165 Hz, 400 nits display",Integrated,32 GB DDR5 RAM,1 TB SSD Hard Drive,Microsoft Xbox Game Pass 3 month,none,32.0,1,SSD,1024,19788.0,AMD,Other,Premium,Integrated,Premium,0,0,False,66.0,"Mouse, MS Office",
"HP OMEN Gaming Laptop 16, Black, Ryzen AI 9 365 (10C), RTX 5070 8GB, 16 GB",0.0,Copilot+ PC.Pro Gaming. Built for unbelievable speed and immersive gameplay.,"AMD Ryzen™ AI 9 365 (10C) processor | Windows 11 Home | 40.6 cm (16) diagonal, 2K, IPS, anti-glare, Low Blue Light, 165 Hz, 400 nits display | NVIDIA® GeForce RTX™ 5070 8GB | 16 GB DDR5 RAM | 1 TB SSD Hard Drive",BK5Y2PA,171999.0,193347.0,Microsoft Office Home 2024 Lifetime Subscription worth ₹9199.00 | Microsoft Xbox Game Pass 3 month,https://www.hp.com/in-en/shop/hp-omen-gaming-laptop-16-ap0031ax-bk5y2pa.html,AMD Ryzen™ AI 9 365 (10C) processor,Windows 11 Home,"40.6 cm (16) diagonal, 2K, IPS, anti-glare, Low Blue Light, 165 Hz, 400 nits display",Integrated,16 GB DDR5 RAM,1 TB SSD Hard Drive,Microsoft Xbox Game Pass 3 month,none,16.0,1,SSD,1024,21348.0,AMD,Other,Premium,Integrated,Premium,0,0,False,34.0,"Backpack, Mouse, MS Office",
"HP OMEN MAX Gaming Laptop 16, Black, Ryzen AI 7 350 (8C), RTX 5070 8GB, 16 GB",0.0,Copilot+ PC.Pro Gaming. Built for unbelievable speed and immersive gameplay.,"AMD Ryzen™ AI 7 350 (8C) processor | Windows 11 Home | 40.6 cm (16) diagonal, 2K, 60-165 Hz, IPS, anti-glare, Low Blue Light, 400 nits display | NVIDIA® GeForce RTX™ 5070 8GB | 16 GB DDR5 RAM | 1 TB SSD Hard Drive",BE7A0PA,179999.0,202340.0,Microsoft Office Home 2024 Lifetime Subscription worth ₹9199.00 | Microsoft Xbox Game Pass 3 month,https://www.hp.com/in-en/shop/hp-omen-max-gaming-laptop-16-ak0024ax-be7a0pa.html,AMD Ryzen™ AI 7 350 (8C) processor,Windows 11 Home,"40.6 cm (16) diagonal, 2K, 60-165 Hz, IPS, anti-glare, Low Blue Light, 400 nits display",Integrated,16 GB DDR5 RAM,1 TB SSD Hard Drive,Microsoft Xbox Game Pass 3 month,none,16.0,1,SSD,1024,22341.0,AMD,Other,Premium,Integrated,Premium,0,0,False,34.0,"Backpack, Mouse, MS Office",
"OMEN MAX Gaming Laptop 16, Black, Ultra 7 - 255HX (20C), RTX 5060 8GB, 32 GB",0.0,Built to break limits,"Intel® Core™ Ultra 7 255HX processor | Windows 11 Home | 40.6 cm (16), diagonal,2K (1920 x 1200),165 Hz, 3 ms response time, IPS | NVIDIA® GeForce RTX™ 5060 8GB | 32 GB DDR5-5600 MT/s (2 x 16 GB) RAM | 1TB SSD Hard Drive",BN7U3PA,189999.0,213581.0,,https://www.hp.com/in-en/shop/omen-max-gaming-laptop-16-ah0065tx-bn7u3pa.html,Intel® Core™ Ultra 7 255HX processor,Windows 11 Home,"40.6 cm (16), diagonal,2K (1920 x 1200),165 Hz, 3 ms response time, IPS",Integrated,32 GB DDR5-5600 MT/s (2 x 16 GB) RAM,1TB SSD Hard Drive,No,none,32.0,1,SSD,1024,23582.0,Intel,Other,Premium,Integrated,Premium,0,0,False,66.0,"Backpack, Mouse, MS Office",
"HP OMEN MAX Gaming Laptop 16, Black, Ryzen AI 9 HX 375 (12C), RTX 5080 16GB, 32 GB",0.0,Copilot+ PC.Pro Gaming. Built for unbelievable speed and immersive gameplay.,"AMD Ryzen™ AI 9 HX 375 (12C) processor | Windows 11 Home | 40.6 cm (16) diagonal, WQXGA, IPS VRR, anti-glare, Low Blue Light, 240 Hz, 500 nits display | NVIDIA® GeForce RTX™ 5080 | 32 GB DDR5 RAM | 1 TB SSD Hard Drive",C1NZ8PA,299999.0,337234.0,Microsoft Office Home 2024 Lifetime Subscription worth ₹9199.00 | Microsoft Xbox Game Pass 3 month,https://www.hp.com/in-en/shop/hp-omen-max-gaming-laptop-16-ak0075ax-c1nz8pa.html,AMD Ryzen™ AI 9 HX 375 (12C) processor,Windows 11 Home,"40.6 cm (16) diagonal, WQXGA, IPS VRR, anti-glare, Low Blue Light, 240 Hz, 500 nits display",Integrated,32 GB DDR5 RAM,1 TB SSD Hard Drive,Microsoft Xbox Game Pass 3 month,none,32.0,1,SSD,1024,37235.0,AMD,Other,Premium,Integrated,Premium,0,0,False,66.0,"Backpack, Mouse, MS Office",
"OMEN MAX Gaming Laptop 16, Black, Core Ultra 9 - 275HX (24C), RTX 5090 24GB, 32 GB DDR5",0.0,Built to break limits,"Intel® Core™ Ultra 9 275HX processor | Windows 11 Home | 40.6 cm (16) diagonal WQXGA OLED display,240 Hz, 0.2 ms response time, | NVIDIA® GeForce RTX™ 5090 24GB | 32 GB DDR5-5600 MT/s (2 x 16 GB) RAM | 1TB SSD Hard Drive",C27DXPA,379999.0,427163.0,,https://www.hp.com/in-en/shop/omen-max-gaming-laptop-16-ah0218tx-c27dxpa.html,Intel® Core™ Ultra 9 275HX processor,Windows 11 Home,"40.6 cm (16) diagonal WQXGA OLED display,240 Hz, 0.2 ms response time,",Integrated,32 GB DDR5-5600 MT/s (2 x 16 GB) RAM,1TB SSD Hard Drive,No,none,32.0,1,SSD,1024,47164.0,Intel,Other,Premium,Integrated,Premium,0,0,False,66.0,"Backpack, Mouse, MS Office",
"HP OMEN Gaming Laptop 16, Black, Ultra 5-225H (14C), RTX 5050 8GB, 16 GB",0.0,Bold performance without the burnout,"Intel® Core™ Ultra 5 225H (14C) processor | Windows 11 Home | 40.6 cm (16) diagonal, 2K, IPS, anti-glare, Low Blue Light, 165 Hz, 400 nits display | NVIDIA® GeForce RTX™ 5050 8GB | 16 GB DDR5 RAM | 1 TB SSD Hard Drive",C1NW9PA,136999.0,154002.0,Microsoft Office Home 2024 Lifetime Subscription worth ₹9199.00 | Microsoft Xbox Game Pass 3 month | 1 year Microsoft 365 basic subscription,https://www.hp.com/in-en/shop/hp-omen-gaming-laptop-16-am0173tx-c1nw9pa.html,Intel® Core™ Ultra 5 225H (14C) processor,Windows 11 Home,"40.6 cm (16) diagonal, 2K, IPS, anti-glare, Low Blue Light, 165 Hz, 400 nits display",Integrated,16 GB DDR5 RAM,1 TB SSD Hard Drive,1 year Microsoft 365 basic subscription,none,16.0,1,SSD,1024,17003.0,Intel,Other,Premium,Integrated,Premium,0,0,False,34.0,"Backpack, Mouse, MS Office",
"HP OMEN Gaming Laptop 16, Black, Ryzen AI 5 340 (6C), RTX 5050 8GB, 16 GB",0.0,Copilot+ PC.Pro Gaming. Built for unbelievable speed and immersive gameplay.,"AMD Ryzen™ AI 5 340 (6C) processor | Windows 11 Home | 40.6 cm (16) diagonal, 2K, IPS, anti-glare, Low Blue Light, 165 Hz, 400 nits display | NVIDIA® GeForce RTX™ 5050 8GB | 16 GB DDR5 RAM | 1 TB SSD Hard Drive",C1NW1PA,144999.0,162996.0,Microsoft Office Home 2024 Lifetime Subscription worth ₹9199.00 | Microsoft Xbox Game Pass 3 month,https://www.hp.com/in-en/shop/hp-omen-gaming-laptop-16-ap0067ax-c1nw1pa.html,AMD Ryzen™ AI 5 340 (6C) processor,Windows 11 Home,"40.6 cm (16) diagonal, 2K, IPS, anti-glare, Low Blue Light, 165 Hz, 400 nits display",Integrated,16 GB DDR5 RAM,1 TB SSD Hard Drive,Microsoft Xbox Game Pass 3 month,none,16.0,1,SSD,1024,17997.0,AMD,Other,Premium,Integrated,Premium,0,0,False,34.0,"Backpack, Mouse, MS Office",
"HP OMEN Gaming Laptop 16, Black, Ultra 7-255H (16C), RTX 5050 8GB, 16 GB",0.0,Bold performance without the burnout,"Intel® Core™ Ultra 7 255H (16C) processor | Windows 11 Home | 40.6 cm (16) diagonal, 2K, IPS, anti-glare, Low Blue Light, 165 Hz, 400 nits display | NVIDIA® GeForce RTX™ 5050 8GB | 16 GB DDR5 RAM | 1 TB SSD Hard Drive",BP4P1PA,146999.0,165244.0,Microsoft Office Home 2024 Lifetime Subscription worth ₹9199.00 | Microsoft Xbox Game Pass 3 month,https://www.hp.com/in-en/shop/hp-omen-gaming-laptop-16-am0068tx-bp4p1pa.html,Intel® Core™ Ultra 7 255H (16C) processor,Windows 11 Home,"40.6 cm (16) diagonal, 2K, IPS, anti-glare, Low Blue Light, 165 Hz, 400 nits display",Integrated,16 GB DDR5 RAM,1 TB SSD Hard Drive,Microsoft Xbox Game Pass 3 month,none,16.0,1,SSD,1024,18245.0,Intel,Other,Premium,Integrated,Premium,0,0,False,34.0,"Backpack, Mouse, MS Office",
"HP OMEN Gaming Laptop 16, Black, Ryzen AI 7 350 (8C), RTX 5060 8GB, 16 GB",0.0,Copilot+ PC.Pro Gaming. Built for unbelievable speed and immersive gameplay.,"AMD Ryzen™ AI 7 350 (8C) processor | Windows 11 Home | 40.6 cm (16) diagonal, 2K, IPS, anti-glare, Low Blue Light, 165 Hz, 400 nits display | NVIDIA® GeForce RTX™ 5060 8GB | 16 GB DDR5 RAM | 1 TB SSD Hard Drive",C1NV9PA,151999.0,170864.0,Microsoft Office Home 2024 Lifetime Subscription worth ₹9199.00 | Microsoft Xbox Game Pass 3 month,https://www.hp.com/in-en/shop/hp-omen-gaming-laptop-16-ap0051ax-c1nv9pa.html,AMD Ryzen™ AI 7 350 (8C) processor,Windows 11 Home,"40.6 cm (16) diagonal, 2K, IPS, anti-glare, Low Blue Light, 165 Hz, 400 nits display",Integrated,16 GB DDR5 RAM,1 TB SSD Hard Drive,Microsoft Xbox Game Pass 3 month,none,16.0,1,SSD,1024,18865.0,AMD,Other,Premium,Integrated,Premium,0,0,False,34.0,"Backpack, Mouse, MS Office",
"HP OMEN Gaming Laptop 16, Black, Ultra 7-255H (16C), RTX 5060 8GB, 16 GB",0.0,Bold performance without the burnout,"Intel® Core™ Ultra 7 255H (16C) processor | Windows 11 Home | 40.6 cm (16) diagonal, 2K, IPS, anti-glare, Low Blue Light, 165 Hz, 400 nits display | NVIDIA® GeForce RTX™ 5060 8GB | 16 GB DDR5 RAM | 1 TB SSD Hard Drive",BP4P3PA,156999.0,176485.0,Microsoft Office Home 2024 Lifetime Subscription worth ₹9199.00 | Microsoft Xbox Game Pass 3 month,https://www.hp.com/in-en/shop/hp-omen-gaming-laptop-16-am0074tx-bp4p3pa.html,Intel® Core™ Ultra 7 255H (16C) processor,Windows 11 Home,"40.6 cm (16) diagonal, 2K, IPS, anti-glare, Low Blue Light, 165 Hz, 400 nits display",Integrated,16 GB DDR5 RAM,1 TB SSD Hard Drive,Microsoft Xbox Game Pass 3 month,none,16.0,1,SSD,1024,19486.0,Intel,Other,Premium,Integrated,Premium,0,0,False,34.0,"Backpack, Mouse, MS Office",
"OMEN Gaming Laptop 16, Black, Ultra 7-255H (16C), RTX 5060 8GB, 32 GB",0.0,Bold performance without the burnout,"Intel® Core™ Ultra 7 processor | Windows 11 Home | 40.6 cm (16), diagonal,2K (1920 x 1200),165 Hz, 3 ms response time, IPS | NVIDIA® GeForce RTX™ 5060 8GB | 32 GB DDR5-5600 MT/s (2 x 16 GB) RAM | 1TB SSD Hard Drive",C27E1PA,164999.0,185478.0,,https://www.hp.com/in-en/shop/omen-gaming-laptop-16-am0246tx-c27e1pa.html,Intel® Core™ Ultra 7 processor,Windows 11 Home,"40.6 cm (16), diagonal,2K (1920 x 1200),165 Hz, 3 ms response time, IPS",Integrated,32 GB DDR5-5600 MT/s (2 x 16 GB) RAM,1TB SSD Hard Drive,No,none,32.0,1,SSD,1024,20479.0,Intel,Other,Premium,Integrated,Premium,0,0,False,66.0,"Backpack, Mouse, MS Office",
"HP OMEN Gaming Laptop 16, Black, Ryzen AI 7 350 (8C), RTX 5070 8GB, 16 GB",0.0,Copilot+ PC.Pro Gaming. Built for unbelievable speed and immersive gameplay.,"AMD Ryzen™ AI 7 350 (8C) processor | Windows 11 Home | 40.6 cm (16) diagonal, 2K, IPS, anti-glare, Low Blue Light, 165 Hz, 400 nits display | NVIDIA GeForce RTX 5070 8GB | 16 GB DDR5 RAM | 1 TB SSD Hard Drive",C1NV8PA,166999.0,187726.0,Microsoft Office Home 2024 Lifetime Subscription worth ₹9199.00 | Microsoft Xbox Game Pass 3 month,https://www.hp.com/in-en/shop/hp-omen-gaming-laptop-16-ap0049ax-c1nv8pa.html,AMD Ryzen™ AI 7 350 (8C) processor,Windows 11 Home,"40.6 cm (16) diagonal, 2K, IPS, anti-glare, Low Blue Light, 165 Hz, 400 nits display",Integrated,16 GB DDR5 RAM,1 TB SSD Hard Drive,Microsoft Xbox Game Pass 3 month,none,16.0,1,SSD,1024,20727.0,AMD,Other,Premium,Integrated,Premium,0,0,False,34.0,"Backpack, Mouse, MS Office",
"HP OMEN Gaming Laptop 16, Black, Ryzen AI 7 350 (8C), RTX 5070 8GB, 24 GB",0.0,Copilot+ PC.Pro Gaming. Built for unbelievable speed and immersive gameplay.,"AMD Ryzen™ AI 7 processor | Windows 11 Home | 40.6 cm (16) diagonal, 2K, 165Hz, IPS, anti-glare, Low Blue Light, 400 nits display | NVIDIA® GeForce RTX™ 5070 8 GB | 24 GB DDR5-5600 RAM (Upgradeable) | 1 TB SSD Hard Drive",C8KJ9PA,169999.0,191099.0,Microsoft Office Home 2024 Lifetime Subscription worth ₹9199.00,https://www.hp.com/in-en/shop/hp-omen-gaming-laptop-16-ap0184ax-c8kj9pa.html,AMD Ryzen™ AI 7 processor,Windows 11 Home,"40.6 cm (16) diagonal, 2K, 165Hz, IPS, anti-glare, Low Blue Light, 400 nits display",Integrated,24 GB DDR5-5600 RAM (Upgradeable),1 TB SSD Hard Drive,Microsoft Office Home 2024 Lifetime Subscription worth ₹9199.00,none,24.0,1,SSD,1024,21100.0,AMD,Other,Premium,Integrated,Premium,0,0,True,50.0,"Backpack, Mouse, MS Office",
"HP OMEN Gaming Laptop 16, Black, Ultra 7-255H (16C), RTX 5070 8GB, 16 GB",0.0,Bold performance without the burnout,"Intel® Core™ Ultra 7 255H (16C) processor | Windows 11 Home | 40.6 cm (16) diagonal, 2K, IPS, anti-glare, Low Blue Light, 165 Hz, 400 nits display | NVIDIA® GeForce RTX™ 5070 8GB | 16 GB DDR5 RAM | 1 TB SSD Hard Drive",BP4P5PA,171999.0,193347.0,Microsoft Office Home 2024 Lifetime Subscription worth ₹9199.00 | Microsoft Xbox Game Pass 3 month,https://www.hp.com/in-en/shop/hp-omen-gaming-laptop-16-am0080tx-bp4p5pa.html,Intel® Core™ Ultra 7 255H (16C) processor,Windows 11 Home,"40.6 cm (16) diagonal, 2K, IPS, anti-glare, Low Blue Light, 165 Hz, 400 nits display",Integrated,16 GB DDR5 RAM,1 TB SSD Hard Drive,Microsoft Xbox Game Pass 3 month,none,16.0,1,SSD,1024,21348.0,Intel,Other,Premium,Integrated,Premium,0,0,False,34.0,"Backpack, Mouse, MS Office",
"HP OMEN Gaming Laptop 16, Black, Ryzen AI 9 365 (10C), RTX 5070 8GB, 24 GB",0.0,Copilot+ PC.Pro Gaming. Built for unbelievable speed and immersive gameplay.,"AMD Ryzen™ AI 9 processor | Windows 11 Home | 40.6 cm (16) diagonal, 2K, 165Hz, IPS, anti-glare, Low Blue Light, 400 nits display | NVIDIA® GeForce RTX™ 5070 8 GB | 24 GB DDR5-5600 RAM (Upgradeable) | 1 TB SSD Hard Drive",C8KK0PA,174999.0,196719.0,Microsoft Office Home 2024 Lifetime Subscription worth ₹9199.00,https://www.hp.com/in-en/shop/hp-omen-gaming-laptop-16-ap0186ax-c8kk0pa.html,AMD Ryzen™ AI 9 processor,Windows 11 Home,"40.6 cm (16) diagonal, 2K, 165Hz, IPS, anti-glare, Low Blue Light, 400 nits display",Integrated,24 GB DDR5-5600 RAM (Upgradeable),1 TB SSD Hard Drive,Microsoft Office Home 2024 Lifetime Subscription worth ₹9199.00,none,24.0,1,SSD,1024,21720.0,AMD,Other,Premium,Integrated,Premium,0,0,True,50.0,"Backpack, Mouse, MS Office",
"HP OMEN Gaming Laptop 16, Black, Ultra 7-255H (16C), RTX 5070 8GB, 24 GB",0.0,Bold performance without the burnout,"Intel® Core™ Ultra 7 processor | Windows 11 Home | 40.6 cm (16) diagonal, 2K, 165 Hz, IPS, anti-glare, 400 nits | NVIDIA® GeForce RTX™ 5070 8GB | 24 GB DDR5 RAM (Upgradeable) | 1 TB SSD Hard Drive",C8JZ4PA,174999.0,196719.0,Microsoft Office Home 2024 Lifetime Subscription worth ₹9199.00,https://www.hp.com/in-en/shop/hp-omen-gaming-laptop-16-am0303tx-c8jz4pa.html,Intel® Core™ Ultra 7 processor,Windows 11 Home,"40.6 cm (16) diagonal, 2K, 165 Hz, IPS, anti-glare, 400 nits",Integrated,24 GB DDR5 RAM (Upgradeable),1 TB SSD Hard Drive,Microsoft Office Home 2024 Lifetime Subscription worth ₹9199.00,none,24.0,1,SSD,1024,21720.0,Intel,Other,Premium,Integrated,Premium,0,0,True,50.0,"Backpack, Mouse, MS Office",
"HP OMEN MAX Gaming Laptop 16, Black, Ryzen AI 9 HX 375 (12C), RTX 5070 Ti 12GB, 16 GB",0.0,Copilot+ PC.Pro Gaming. Built for unbelievable speed and immersive gameplay.,"AMD Ryzen™ AI 9 HX 375 (12C) processor | Windows 11 Home | 40.6 cm (16) diagonal, 2K, IPS, anti-glare, Low Blue Light, 165 Hz, 400 nits display | NVIDIA® GeForce RTX™ 5070 Ti | 16 GB DDR5 RAM | 1 TB SSD Hard Drive",C1PG0PA,239999.0,269787.0,Microsoft Office Home 2024 Lifetime Subscription worth ₹9199.00 | Microsoft Xbox Game Pass 3 month,https://www.hp.com/in-en/shop/hp-omen-max-gaming-laptop-16-ak0072ax-c1pg0pa.html,AMD Ryzen™ AI 9 HX 375 (12C) processor,Windows 11 Home,"40.6 cm (16) diagonal, 2K, IPS, anti-glare, Low Blue Light, 165 Hz, 400 nits display",Integrated,16 GB DDR5 RAM,1 TB SSD Hard Drive,Microsoft Xbox Game Pass 3 month,none,16.0,1,SSD,1024,29788.0,AMD,Other,Premium,Integrated,Premium,0,0,False,34.0,"Backpack, Mouse, MS Office",
"HP OMEN MAX Gaming Laptop 16, Black, Ryzen AI 9 HX 375 (12C), RTX 5070 Ti 12GB, 24 GB",0.0,Copilot+ PC.Pro Gaming. Built for unbelievable speed and immersive gameplay.,"AMD Ryzen™ AI 9 processor | Windows 11 Home | 40.6 cm (16) diagonal, 2K, IPS, anti-glare, Low Blue Light, 165 Hz, 400 nits display | NVIDIA® GeForce RTX™ 5070 Ti 12 GB | 24 GB DDR5 RAM | 1 TB SSD Hard Drive",C91TJPA,242999.0,273159.0,,https://www.hp.com/in-en/shop/hp-omen-max-gaming-laptop-16-ak0102ax-c91tjpa.html,AMD Ryzen™ AI 9 processor,Windows 11 Home,"40.6 cm (16) diagonal, 2K, IPS, anti-glare, Low Blue Light, 165 Hz, 400 nits display",Integrated,24 GB DDR5 RAM,1 TB SSD Hard Drive,No,none,24.0,1,SSD,1024,30160.0,AMD,Other,Premium,Integrated,Premium,0,0,False,50.0,"Mouse, MS Office",
"OMEN MAX Gaming Laptop 16, Black, Core Ultra 9 - 275HX (24C), RTX 5080 16GB, 32 GB DDR5",0.0,Built to break limits,"Intel® Core™ Ultra 9 275HX processor | Windows 11 Home | 40.6 cm (16) diagonal WQXGA display,240 Hz, 3 ms response time, | NVIDIA® GeForce RTX™ 5080 16GB | 32 GB DDR5-5600 MT/s (2 x 16 GB) RAM | 2 TB SSD Hard Drive",C27DYPA,319999.0,359716.0,,https://www.hp.com/in-en/shop/omen-max-gaming-laptop-16-ah0219tx-c27dypa.html,Intel® Core™ Ultra 9 275HX processor,Windows 11 Home,"40.6 cm (16) diagonal WQXGA display,240 Hz, 3 ms response time,",Integrated,32 GB DDR5-5600 MT/s (2 x 16 GB) RAM,2 TB SSD Hard Drive,No,none,32.0,2,SSD,2048,39717.0,Intel,Other,Premium,Integrated,Premium,0,0,False,68.0,"Mouse, MS Office",
"HP EliteBook X Flip G1i 35.6 cm (14) Notebook Next Gen AI PC, Blue",0.0,Copilot+ PC.Drive strategy with the efficiency and power of next-gen AI,Intel® Core™ Ultra 7 processor | Windows 11 Pro | 35.6 cm (14) diagonal WUXGA touch display | Intel® Arc™ Graphics | 32 GB LPDDR5x RAM | 1 TB SSD Hard Drive,B8QX8PT,214499.0,235445.0,"HP 215 39.6 cm (15.6) Laptop Backpack worth ₹ 1,785",https://www.hp.com/in-en/shop/hp-elitebook-x-flip-g1i-14-inch-notebook-next-gen-ai-pc-b8qx8pt.html,Intel® Core™ Ultra 7 processor,Windows 11 Pro,35.6 cm (14) diagonal WUXGA touch display,Intel® Arc™ Graphics,32 GB LPDDR5x RAM,1 TB SSD Hard Drive,No,hp 215 39.6 cm (15.6) laptop backpack ,32.0,1,SSD,1024,20946.0,Intel,Other,Premium,Integrated,Premium,1,0,False,66.0,"Backpack, Mouse, MS Office",
"HP EliteBook X G1a 35.6 cm (14) Notebook Next Gen AI PC, Silver",0.0,Copilot+ PC.The game-changing AI PC tech experts dream about,AMD Ryzen™ AI 7 PRO processor | Windows 11 Pro | 35.6 cm (14) diagonal 2.8K OLED touch display | AMD Radeon™ 880M Graphics | 64 GB LPDDR5x RAM | 1 TB SSD Hard Drive,B85TPPT,224999.0,248445.0,"HP 215 39.6 cm (15.6) Laptop Backpack worth ₹ 1,785",https://www.hp.com/in-en/shop/hp-elitebook-x-g1a-14-inch-notebook-next-gen-ai-pc-b85tppt.html,AMD Ryzen™ AI 7 PRO processor,Windows 11 Pro,35.6 cm (14) diagonal 2.8K OLED touch display,AMD Radeon™ 880M Graphics,64 GB LPDDR5x RAM,1 TB SSD Hard Drive,No,hp 215 39.6 cm (15.6) laptop backpack ,64.0,1,SSD,1024,23446.0,AMD,Other,Premium,Integrated,Premium,1,0,False,130.0,"Mouse, MS Office",
"HP ProBook 4 G1i 35.6 cm (14) Laptop AI PC, Silver",0.0,Affordable devices designed with business in mind; commercial grade features with durable design,"Intel® Core™ Ultra 7 processor | Windows 11 Pro | 35.6 cm (14) diagonal, WUXGA, IPS display | Intel® Graphics | 32 GB DDR5-5600 RAM | 512 GB SSD Hard Drive",CK2F6PA,149999.0,150920.0,,https://www.hp.com/in-en/shop/hp-probook-4-g1i-14-inch-notebook-ai-pc-ck2f6pa.html,Intel® Core™ Ultra 7 processor,Windows 11 Pro,"35.6 cm (14) diagonal, WUXGA, IPS display",Intel® Graphics,32 GB DDR5-5600 RAM,512 GB SSD Hard Drive,No,none,32.0,512,SSD,512,921.0,Intel,Other,Premium,Integrated,Premium,0,0,False,65.0,"Backpack, Mouse, MS Office",
HP ZBook Power 40.6 cm (16) G11 Mobile Workstation PC,3.8,"Recommended for  2D and light 3D workflows, photography, and for running multiple large Microsoft Office files.",Intel® Core™ Ultra 7 processor | Windows 11 Pro | 40.6 cm (16) diagonal WUXGA display | NVIDIA RTX™ A500 graphics | 16 GB DDR5-5600 RAM | 1 TB SSD Solid State Drive,A8WN3PT,187999.0,279605.0,,https://www.hp.com/in-en/shop/hp-zbook-power-16-g11-mobile-workstation-pc-a8wn3pt.html,Intel® Core™ Ultra 7 processor,Windows 11 Pro,40.6 cm (16) diagonal WUXGA display,NVIDIA RTX™ A500 graphics,16 GB DDR5-5600 RAM,1 TB SSD Solid State Drive,No,none,16.0,1,SSD,1024,91606.0,Intel,Other,Premium,Dedicated,Premium,0,0,False,53.0,"Backpack, Mouse, MS Office",
"HP EliteBook 8 G1i 35.6 cm (14) Notebook Next Gen AI PC, Silver",0.0,Copilot+ PC.Next-gen AI redefines productivity for modern professionals,"Intel® Core™ Ultra 7 processor | Windows 11 Pro | 35.6 cm (14) diagonal WUXGA, 800 nits, touch display | Intel® Arc™ Graphics | 32 GB RAM | 1 TB SSD Hard Drive",BQ8H1PT,190999.0,191671.0,,https://www.hp.com/in-en/shop/hp-elitebook-8-g1i-35-6-cm-14-notebook-next-gen-ai-pc-silver.html,Intel® Core™ Ultra 7 processor,Windows 11 Pro,"35.6 cm (14) diagonal WUXGA, 800 nits, touch display",Intel® Arc™ Graphics,32 GB RAM,1 TB SSD Hard Drive,No,none,32.0,1,SSD,1024,672.0,Intel,Other,Premium,Integrated,Premium,0,0,False,66.0,"Backpack, Mouse, MS Office",
HP ZBook Power 40.6 cm (16) G11 Mobile Workstation PC,3.8,"Recommended for  2D and light 3D workflows, photography, and for running multiple large Microsoft Office files.",Intel® Core™ Ultra 7 processor | Windows 11 Pro | 40.6 cm (16) diagonal WUXGA display | NVIDIA RTX™ A500 Graphics | 32 GB DDR5-5600 RAM | 1 TB SSD Solid State Drive,A8WN2PT,196499.0,293862.0,,https://www.hp.com/in-en/shop/hp-zbook-power-16-g11-mobile-workstation-pc-a8wn2pt.html,Intel® Core™ Ultra 7 processor,Windows 11 Pro,40.6 cm (16) diagonal WUXGA display,NVIDIA RTX™ A500 Graphics,32 GB DDR5-5600 RAM,1 TB SSD Solid State Drive,No,none,32.0,1,SSD,1024,97363.0,Intel,Other,Premium,Dedicated,Premium,0,0,False,85.0,"Mouse, MS Office",
"HP EliteBook 8 Flip G1i 33.8 cm (13.3) Notebook AI PC, Silver",0.0,"Flip flexibility meets AI performance, ready for any task","Intel® Core™ Ultra 5 processor | Windows 11 Pro | 33.8 cm (13.3) diagonal, WUXGA, IPS, 800 nits, 100% sRGB touch display | Intel® Graphics | 32 GB RAM | 1 TB SSD Hard Drive",BQ8J1PT,197999.0,199136.0,,https://www.hp.com/in-en/shop/elitebook-8-13-inch-flip-g1i-bq8j1pt.html,Intel® Core™ Ultra 5 processor,Windows 11 Pro,"33.8 cm (13.3) diagonal, WUXGA, IPS, 800 nits, 100% sRGB touch display",Intel® Graphics,32 GB RAM,1 TB SSD Hard Drive,No,none,32.0,1,SSD,1024,1137.0,Intel,Other,Premium,Integrated,Premium,0,0,False,66.0,"Backpack, Mouse, MS Office",
HP ZBook Power 40.6 cm (16) G11 Mobile Workstation PC,3.8,"Recommended for  2D and light 3D workflows, photography, and for running multiple large Microsoft Office files.",Intel® Core™ Ultra 7 processor | Windows 11 Pro | 406 cm (16) diagonal WUXGA display | NVIDIA RTX™ A1000 Laptop GPU | 16 GB DDR5-5600 RAM | 1 TB SSD Solid State Drive,A8WN1PT,202999.0,294693.0,,https://www.hp.com/in-en/shop/hp-zbook-power-16-g11-mobile-workstation-pc-a8wn1pt.html,Intel® Core™ Ultra 7 processor,Windows 11 Pro,406 cm (16) diagonal WUXGA display,Integrated,16 GB DDR5-5600 RAM,1 TB SSD Solid State Drive,No,none,16.0,1,SSD,1024,91694.0,Intel,Other,Premium,Integrated,Premium,0,0,False,53.0,"Mouse, MS Office",
"HP ZBook Power 39.6 cm (15.6) G10 A Mobile Workstation PC, Silver",0.0,"Recommended for  2D and light 3D workflows, photography, and for running multiple large Microsoft Office files.",AMD Ryzen™ 7 processor | Windows 11 Pro | 39.6 cm (15.6) diagonal FHD display | NVIDIA RTX™ A1000 | 32 GB DDR5 RAM | 1 TB SSD Solid State Drive,8U6X8PA,204907.0,221614.0,"FREE Bag (35L98AA) worth ₹ 1,785",https://www.hp.com/in-en/shop/hp-zbook-power-15-6-39-62-cm-g10-a-mobile-workstation-pc-8u6x8pa.html,AMD Ryzen™ 7 processor,Windows 11 Pro,39.6 cm (15.6) diagonal FHD display,Integrated,32 GB DDR5 RAM,1 TB SSD Solid State Drive,No,free bag (35l98aa) ,32.0,1,SSD,1024,16707.0,AMD,Other,Premium,Integrated,Premium,0,0,False,66.0,"Mouse, MS Office",
"HP EliteBook 8 G1i 35.6 cm (14) Notebook Next Gen AI PC, Silver",0.0,Copilot+ PC.Next-gen AI redefines productivity for modern professionals,"Intel® Core™ Ultra 7 processor | Windows 11 Pro | 35.6 cm (14) diagonal WUXGA, 800 nits, touch display | Intel® Arc™ Graphics | 32 GB RAM | 1 TB SSD Hard Drive",BQ9B6PT,204999.0,206231.0,,https://www.hp.com/in-en/shop/hp-elitebook-8-g1i-14-inch-notebook-next-gen-ai-pc-bq9b6pt.html,Intel® Core™ Ultra 7 processor,Windows 11 Pro,"35.6 cm (14) diagonal WUXGA, 800 nits, touch display",Intel® Arc™ Graphics,32 GB RAM,1 TB SSD Hard Drive,No,none,32.0,1,SSD,1024,1232.0,Intel,Other,Premium,Integrated,Premium,0,0,False,66.0,"Mouse, MS Office",
"HP EliteBook 8 G1i 35.6 cm (14) Notebook Next Gen AI PC, Silver",0.0,Copilot+ PC.Next-gen AI redefines productivity for modern professionals,"Intel® Core™ Ultra 7 processor | Windows 11 Pro | 35.6 cm (14) diagonal WUXGA, 800 nits, touch display | Intel® Arc™ Graphics | 32 GB RAM | 1 TB SSD Hard Drive",BQ9B7PT,205499.0,206849.0,,https://www.hp.com/in-en/shop/hp-elitebook-8-g1i-14-inch-notebook-next-gen-ai-pc-bq9b7pt.html,Intel® Core™ Ultra 7 processor,Windows 11 Pro,"35.6 cm (14) diagonal WUXGA, 800 nits, touch display",Intel® Arc™ Graphics,32 GB RAM,1 TB SSD Hard Drive,No,none,32.0,1,SSD,1024,1350.0,Intel,Other,Premium,Integrated,Premium,0,0,False,66.0,"Backpack, Mouse, MS Office",
HP ZBook Power 40.6 cm (16) G11 Mobile Workstation PC,3.8,"Recommended for  2D and light 3D workflows, photography, and for running multiple large Microsoft Office files.",Intel® Core™ Ultra 7 processor | Windows 11 Pro | 40.6 cm (16) diagonal WUXGA display | NVIDIA RTX™ A1000 Laptop GPU | 32 GB DDR5-5600 RAM | 1 TB SSD Solid State Drive,A8WN0PT,211499.0,318733.0,,https://www.hp.com/in-en/shop/hp-zbook-power-16-g11-mobile-workstation-pc-a8wn0pt.html,Intel® Core™ Ultra 7 processor,Windows 11 Pro,40.6 cm (16) diagonal WUXGA display,Integrated,32 GB DDR5-5600 RAM,1 TB SSD Solid State Drive,No,none,32.0,1,SSD,1024,107234.0,Intel,Other,Premium,Integrated,Premium,0,0,False,85.0,"Backpack, Mouse, MS Office",
"HP ZBook Power 40.6 cm (16) G11 Mobile Workstation PC, Silver",3.8,Step up performance. Not size,Intel® Core™ Ultra 7 processor | Windows 11 Pro | 40.6 cm (16) diagonal WUXGA IPS display | NVIDIA RTX™ A500 Graphics | 32 GB DDR5-5600 RAM | 1 TB SSD Solid State Drive,B6RZ9PT,217120.0,298835.0,"FREE Bag (35L98AA) worth ₹ 1,785",https://www.hp.com/in-en/shop/hp-zbook-power-16-inch-g11-mobile-workstation-pc-b6rz9pt.html,Intel® Core™ Ultra 7 processor,Windows 11 Pro,40.6 cm (16) diagonal WUXGA IPS display,NVIDIA RTX™ A500 Graphics,32 GB DDR5-5600 RAM,1 TB SSD Solid State Drive,No,free bag (35l98aa) ,32.0,1,SSD,1024,81715.0,Intel,Other,Premium,Dedicated,Premium,0,0,False,85.0,"Mouse, MS Office",
HP ZBook Power 40.6 cm (16) G11 Mobile Workstation PC,3.8,"Recommended for  2D and light 3D workflows, photography, and for running multiple large Microsoft Office files.",Intel® Core™ Ultra 7 processor | Windows 11 Pro | 40.6 cm (16) diagonal WUXGA display | NVIDIA RTX™ 2000 Ada Generation Laptop GPU | 16 GB DDR5-5600 RAM | 1 TB SSD Solid State Drive,A8WM2PT,222029.0,332273.0,,https://www.hp.com/in-en/shop/hp-zbook-power-16-g11-mobile-workstation-pc-a8wm2pt.html,Intel® Core™ Ultra 7 processor,Windows 11 Pro,40.6 cm (16) diagonal WUXGA display,Integrated,16 GB DDR5-5600 RAM,1 TB SSD Solid State Drive,No,none,16.0,1,SSD,1024,110244.0,Intel,Other,Premium,Integrated,Premium,0,0,False,53.0,"Mouse, MS Office",
"HP EliteBook 8 G1i 35.6 cm (14) Notebook AI PC, Silver",0.0,Copilot+ PC.Next-gen AI redefines productivity for modern professionals,"Intel® Core™ Ultra 7 processor | Windows 11 Pro | 35.6 cm (14) diagonal, WUXGA, IPS, 800 nits touch display | Intel® Arc™ Graphics | 64 GB DDR5 RAM | 1 TB SSD Hard Drive",BQ9B8PT,222499.0,224847.0,,https://www.hp.com/in-en/shop/hp-elitebook-8-g1i-35-6-cm-14-notebook-ai-pc-silver.html,Intel® Core™ Ultra 7 processor,Windows 11 Pro,"35.6 cm (14) diagonal, WUXGA, IPS, 800 nits touch display",Intel® Arc™ Graphics,64 GB DDR5 RAM,1 TB SSD Hard Drive,No,none,64.0,1,SSD,1024,2348.0,Intel,Other,Premium,Integrated,Premium,0,0,False,130.0,"Backpack, Mouse, MS Office",
HP ZBook Power 39.6 cm (15.6) G10 A Mobile Workstation PC,0.0,"Recommended for  2D and light 3D workflows, photography, and for running multiple large Microsoft Office files.",AMD Ryzen™ 7 processor | Windows 11 Pro | 39.6 cm (15.6) diagonal FHD display | NVIDIA RTX™ 2000 Ada Generation | 32 GB DDR5 RAM | 1 TB SSD Solid State Drive,8U6Z7PA,222548.0,253708.0,"FREE Bag (35L98AA) worth ₹ 1,785",https://www.hp.com/in-en/shop/hp-zbook-power-15-6-g10-a-mobile-workstation-pc-8u6z7pa.html,AMD Ryzen™ 7 processor,Windows 11 Pro,39.6 cm (15.6) diagonal FHD display,Integrated,32 GB DDR5 RAM,1 TB SSD Solid State Drive,No,free bag (35l98aa) ,32.0,1,SSD,1024,31160.0,AMD,Other,Premium,Integrated,Premium,0,0,False,66.0,"Backpack, Mouse, MS Office",
"HP EliteBook 8 Flip G1i 33.8 cm (13.3) Notebook AI PC, Silver",0.0,"Flip flexibility meets AI performance, ready for any task","Intel® Core™ Ultra 7 processor | Windows 11 Pro | 33.8 cm (13.3) diagonal, WUXGA, IPS, 800 nits touch display | Intel® Graphics | 64 GB RAM | 1 TB SSD Hard drive",BQ8J0PT,239499.0,242687.0,,https://www.hp.com/in-en/shop/elitebook-8-13-inch-flip-g1i-bq8j0pt.html,Intel® Core™ Ultra 7 processor,Windows 11 Pro,"33.8 cm (13.3) diagonal, WUXGA, IPS, 800 nits touch display",Intel® Graphics,64 GB RAM,1 TB SSD Hard drive,No,none,64.0,1,SSD,1024,3188.0,Intel,Other,Premium,Integrated,Premium,0,0,False,130.0,"Mouse, MS Office",
HP ZBook Power 40.6 cm (16) G11 Mobile Workstation PC,3.8,"Recommended for  2D and light 3D workflows, photography, and for running multiple large Microsoft Office files.",Intel® Core™ Ultra 9 processor | Windows 11 Pro | 40.6 cm (16) diagonal WUXGA display | NVIDIA RTX™ A1000 Laptop GPU | 32 GB DDR5-5600 RAM | 1 TB SSD Solid State Drive,A8WM1PT,253086.0,381987.0,,https://www.hp.com/in-en/shop/hp-zbook-power-16-g11-mobile-workstation-pc-a8wm1pt.html,Intel® Core™ Ultra 9 processor,Windows 11 Pro,40.6 cm (16) diagonal WUXGA display,Integrated,32 GB DDR5-5600 RAM,1 TB SSD Solid State Drive,No,none,32.0,1,SSD,1024,128901.0,Intel,Other,Premium,Integrated,Premium,0,0,False,85.0,"Backpack, Mouse, MS Office",
HP ZBook Power 40.6 cm (16) G11 Mobile Workstation PC,3.8,"Recommended for  2D and light 3D workflows, photography, and for running multiple large Microsoft Office files.",Intel® Core™ Ultra 7 processor | Windows 11 Pro | 40.6 cm (16) diagonal WUXGA IPS display | NVIDIA RTX™ 2000 Ada Generation Graphics | 32 GB DDR5-5600 RAM | 1 TB SSD Solid State Drive,B6SA6PT,257830.0,351687.0,"FREE Bag (35L98AA) worth ₹ 1,785",https://www.hp.com/in-en/shop/hp-zbook-power-16-inch-g11-mobile-workstation-pc-b6sa6pt.html,Intel® Core™ Ultra 7 processor,Windows 11 Pro,40.6 cm (16) diagonal WUXGA IPS display,NVIDIA RTX™ 2000 Ada Generation Graphics,32 GB DDR5-5600 RAM,1 TB SSD Solid State Drive,No,free bag (35l98aa) ,32.0,1,SSD,1024,93857.0,Intel,Other,Premium,Dedicated,Premium,0,0,False,85.0,"Mouse, MS Office",
"HP ProBook 440 35.6 cm (14) G10 Business Laptop PC, Silver",4.0,"Essential, commercial-grade features","13th Generation Intel® Core™ i7 processor | Windows 11 Pro | 35.6 cm (14) diagonal, FHD, IPS display | Intel® UHD Graphics | 16 GB DDR4 RAM | 1 TB SSD Hard Drive",B83ZJAT,104999.0,119778.0,"HP 215 39.6 cm (15.6) Laptop Backpack worth ₹ 1,785",https://www.hp.com/in-en/shop/hp-probook-440-14-g10-notebook-pc-b83zjat.html,13th Generation Intel® Core™ i7 processor,Windows 11 Pro,"35.6 cm (14) diagonal, FHD, IPS display",Intel® UHD Graphics,16 GB DDR4 RAM,1 TB SSD Hard Drive,No,hp 215 39.6 cm (15.6) laptop backpack ,16.0,1,SSD,1024,14779.0,Intel,i7,Premium,Integrated,Premium,1,0,False,54.0,"Backpack, Mouse, MS Office",
"HP ProBook 4 35.6 cm (14) G1iR Business Laptop PC, Silver",0.0,Affordable devices designed with business in mind; commercial grade features with durable design,"Intel® Core™ 7 processor | Windows 11 Pro | 35.6 cm (14) diagonal, WUXGA, IPS display | Intel® Graphics | 24 GB DDR5-5600 RAM | 512 GB SSD Hard Drive",CF2V1PT,107899.0,123667.0,"HP 215 39.6 cm (15.6) Laptop Backpack worth ₹ 1,785",https://www.hp.com/in-en/shop/hp-probook-4-g1ir-14-inch-notebook-pc-cf2v1pt.html,Intel® Core™ 7 processor,Windows 11 Pro,"35.6 cm (14) diagonal, WUXGA, IPS display",Intel® Graphics,24 GB DDR5-5600 RAM,512 GB SSD Hard Drive,No,hp 215 39.6 cm (15.6) laptop backpack ,24.0,512,SSD,512,15768.0,Intel,Other,Premium,Integrated,Premium,1,0,False,49.0,"Backpack, Mouse, MS Office",
"HP ZBook Firefly 35.6 cm (14) G11 Mobile Workstation PC, Silver",3.9375,"Recommended for  2D and light 3D workflows, photography, and for running multiple large Microsoft Office files.",Intel® Core™ Ultra 7 processor | FreeDOS | 35.6 cm (14) diagonal WUXGA IPS display | Intel® UMA Graphics | 16 GB DDR5-5600 RAM | 1 TB SSD Solid State Drive,B71DRPT,109781.0,187122.0,"FREE Bag (35L98AA) worth ₹ 1,785",https://www.hp.com/in-en/shop/hp-zbook-firefly-14-inch-g11-mobile-workstation-pc-b71drpt.html,Intel® Core™ Ultra 7 processor,Unknown,35.6 cm (14) diagonal WUXGA IPS display,Intel® UMA Graphics,16 GB DDR5-5600 RAM,1 TB SSD Solid State Drive,No,free bag (35l98aa) ,16.0,1,SSD,1024,77341.0,Intel,Other,Premium,Integrated,Premium,0,0,False,53.6875,"Backpack, Mouse, MS Office",
"HP EliteBook 6 G1q 35.6 cm (14) Notebook Next Gen AI PC, Silver",0.0,Power your organization into the future with next-gen AI,"Snapdragon® X processor | Windows 11 Pro | 35.6 cm (14) diagonal, WUXGA, IPS, anti-glare, 300 nits, touch display | Qualcomm® Adreno™ GPU | 32 GB LPDDR5x-8533 RAM | 1 TB SSD Hard Drive",C27TGPT,110999.0,113389.0,,https://www.hp.com/in-en/shop/hp-elitebook-6-g1q-14-notebook-next-gen-ai-pc-c27tgpt.html,Snapdragon® X processor,Windows 11 Pro,"35.6 cm (14) diagonal, WUXGA, IPS, anti-glare, 300 nits, touch display",Integrated,32 GB LPDDR5x-8533 RAM,1 TB SSD Hard Drive,No,none,32.0,1,SSD,1024,2390.0,Other,Other,Premium,Integrated,Premium,0,0,False,66.0,"Backpack, Mouse, MS Office",
"HP EliteBook 845 35.6 cm (14) G11 Notebook PC, Silver",0.0,The enterprise notebook that’s anything but ordinary,AMD Ryzen™ 7 processor | Windows 11 Pro | 35.6 cm (14) diagonal WUXGA display | AMD Radeon™ 780M Graphics | 16 GB DDR5-5600 RAM | 1 TB SSD Hard Drive,B85PYPT,112499.0,129889.0,"HP 215 39.6 cm (15.6) Laptop Backpack worth ₹ 1,785",https://www.hp.com/in-en/shop/hp-elitebook-845-14-inch-g11-notebook-pc-b85pypt.html,AMD Ryzen™ 7 processor,Windows 11 Pro,35.6 cm (14) diagonal WUXGA display,AMD Radeon™ 780M Graphics,16 GB DDR5-5600 RAM,1 TB SSD Hard Drive,No,hp 215 39.6 cm (15.6) laptop backpack ,16.0,1,SSD,1024,17390.0,AMD,Other,Premium,Integrated,Premium,1,0,False,34.0,"Mouse, MS Office",
"HP EliteBook 840 35.6 cm (14) G10 Notebook PC, Silver",4.0,The right PC for hybrid work,"13th Generation Intel® Core™ i5 processor | Windows 11 Pro | 35.6 cm (14) diagonal, WUXGA, IPS touch display | Intel® UHD Graphics | 32 GB DDR5 RAM | 512 GB SSD Hard Drive",A3NY4PA,112999.0,117780.0,"HP 215 39.6 cm (15.6) Laptop Backpack worth ₹ 1,785",https://www.hp.com/in-en/shop/hp-elitebook-840-14-g10-notebook-pc-a3ny4pa.html,13th Generation Intel® Core™ i5 processor,Windows 11 Pro,"35.6 cm (14) diagonal, WUXGA, IPS touch display",Intel® UHD Graphics,32 GB DDR5 RAM,512 GB SSD Hard Drive,No,hp 215 39.6 cm (15.6) laptop backpack ,32.0,512,SSD,512,4781.0,Intel,i5,Premium,Integrated,Premium,1,0,False,85.0,"Backpack, Mouse, MS Office",
"HP EliteBook 640 35.6 cm (14) G10 Notebook PC, Silver",0.0,Empowering the hybrid workforce,"13th Generation Intel® Core™ i7 processor | Windows 11 Pro | 35.6 cm (14) diagonal, FHD IPS display | Intel® UHD Graphics | 16 GB DDR4-3200 RAM | 1 TB SSD Hard Drive",B81TYPT,113999.0,134073.0,"HP 215 39.6 cm (15.6) Laptop Backpack worth ₹ 1,785",https://www.hp.com/in-en/shop/hp-elitebook-640-14-inch-g10-notebook-pc-b81typt.html,13th Generation Intel® Core™ i7 processor,Windows 11 Pro,"35.6 cm (14) diagonal, FHD IPS display",Intel® UHD Graphics,16 GB DDR4-3200 RAM,1 TB SSD Hard Drive,No,hp 215 39.6 cm (15.6) laptop backpack ,16.0,1,SSD,1024,20074.0,Intel,i7,Premium,Integrated,Premium,1,0,False,34.0,"Mouse, MS Office",
"HP EliteBook 640 35.6 cm (14) G11 Business Laptop PC, Silver",0.0,Devices that maximize business value to enterprise employees across all hybrid workstyles,"Intel® Core™ Ultra 5 processor | Windows 11 Pro | 35.6 cm (14) diagonal, WUXGA, IPS display | Intel® Graphics | 16 GB DDR5-5600 RAM | 512 GB SSD Hard Drive",B7TU5PT,117035.0,127112.0,,https://www.hp.com/in-en/shop/hp-elitebook-640-14-g11-notebook-pc-b7tu5pt.html,Intel® Core™ Ultra 5 processor,Windows 11 Pro,"35.6 cm (14) diagonal, WUXGA, IPS display",Intel® Graphics,16 GB DDR5-5600 RAM,512 GB SSD Hard Drive,No,none,16.0,512,SSD,512,10077.0,Intel,Other,Premium,Integrated,Premium,0,0,False,33.0,"Mouse, MS Office",
"HP ZBook Firefly 35.6 cm (14) G11 Mobile Workstation PC, Silver",3.0,"Recommended for  2D and light 3D workflows, photography, and for running multiple large Microsoft Office files.",AMD Ryzen™ 7 processor | Windows 11 Pro | 35.6 cm (14) diagonal WUXGA IPS display | Intel® UMA Graphics | 32 GB DDR5-5600 RAM | 1 TB SSD Solid State Drive,B7ER4PT,119416.0,231738.0,"FREE Bag (35L98AA) worth ₹ 1,785",https://www.hp.com/in-en/shop/hp-zbook-firefly-14-inch-g11-a-mobile-workstation-pc-b7er4pt.html,AMD Ryzen™ 7 processor,Windows 11 Pro,35.6 cm (14) diagonal WUXGA IPS display,Intel® UMA Graphics,32 GB DDR5-5600 RAM,1 TB SSD Solid State Drive,No,free bag (35l98aa) ,32.0,1,SSD,1024,112322.0,AMD,Other,Premium,Integrated,Premium,0,0,False,81.0,"Backpack, Mouse, MS Office",
"HP EliteBook 840 35.6 cm (14) G11 Business Laptop PC, Silver",3.7143,The enterprise notebook that’s anything but ordinary,Intel® Core™ Ultra 7 processor | Windows 11 Pro | 35.6 cm (14) diagonal WUXGA display | Intel® Arc™ Graphics | 16 GB DDR5 RAM | 1 TB SSD Hard Drive,B85WQPT,127999.0,150199.0,,https://www.hp.com/in-en/shop/hp-elitebook-840-14-inch-g11-notebook-pc-b85wqpt.html,Intel® Core™ Ultra 7 processor,Windows 11 Pro,35.6 cm (14) diagonal WUXGA display,Intel® Arc™ Graphics,16 GB DDR5 RAM,1 TB SSD Hard Drive,No,none,16.0,1,SSD,1024,22200.0,Intel,Other,Premium,Integrated,Premium,0,0,False,52.5715,"Mouse, MS Office",
"HP EliteBook 840 35.6 cm (14) G11 Notebook PC, Silver",3.7143,The enterprise notebook that’s anything but ordinary,"Intel® Core™ Ultra 7 processor | Windows 11 Pro | 35.6 cm (14) diagonal, WUXGA, 300 nits, IPS touch display | Intel® Arc™ Graphics | 16 GB DDR5-5600 RAM | 1 TB SSD Hard Drive",B86BCPT,132999.0,154615.0,"HP 215 39.6 cm (15.6) Laptop Backpack worth ₹ 1,785",https://www.hp.com/in-en/shop/hp-elitebook-840-14-inch-g11-notebook-pc-b86bcpt.html,Intel® Core™ Ultra 7 processor,Windows 11 Pro,"35.6 cm (14) diagonal, WUXGA, 300 nits, IPS touch display",Intel® Arc™ Graphics,16 GB DDR5-5600 RAM,1 TB SSD Hard Drive,No,hp 215 39.6 cm (15.6) laptop backpack ,16.0,1,SSD,1024,21616.0,Intel,Other,Premium,Integrated,Premium,1,0,False,52.5715,Mouse,
"HP EliteBook 6 G1q 35.6 cm (14)  Notebook Next Gen AI PC, Silver",0.0,Power your organization into the future with next-gen AI,"Snapdragon® X processor | Windows 11 Pro | 35.6 cm (14) diagonal, WUXGA, IPS, 300 nits display | Qualcomm® Adreno™ GPU | 32 GB LPDDR5x RAM | 1 TB SSD Hard Drive",C22HQPT,137999.0,140373.0,,https://www.hp.com/in-en/shop/hp-elitebook-6-g1q-14-inch-notebook-next-gen-ai-pc-c22hqpt.html,Snapdragon® X processor,Windows 11 Pro,"35.6 cm (14) diagonal, WUXGA, IPS, 300 nits display",Integrated,32 GB LPDDR5x RAM,1 TB SSD Hard Drive,No,none,32.0,1,SSD,1024,2374.0,Other,Other,Premium,Integrated,Premium,0,0,False,66.0,"Mouse, MS Office",
"HP EliteBook 840 35.6 cm (14) G11 Notebook PC, Silver",3.7143,The enterprise notebook that’s anything but ordinary,Intel® Core™ Ultra 7 processor | Windows 11 Pro | 35.6 cm (14) diagonal WUXGA display | Intel® Arc™ Graphics | 32 GB DDR5-5600 RAM | 1 TB SSD Hard Drive,B86BDPT,138999.0,164228.0,"HP 215 39.6 cm (15.6) Laptop Backpack worth ₹ 1,785",https://www.hp.com/in-en/shop/hp-elitebook-840-14-inch-g11-notebook-pc-b86bdpt.html,Intel® Core™ Ultra 7 processor,Windows 11 Pro,35.6 cm (14) diagonal WUXGA display,Intel® Arc™ Graphics,32 GB DDR5-5600 RAM,1 TB SSD Hard Drive,No,hp 215 39.6 cm (15.6) laptop backpack ,32.0,1,SSD,1024,25229.0,Intel,Other,Premium,Integrated,Premium,1,0,False,84.5715,"Mouse, MS Office",
"HP EliteBook 1040 35.6 cm (14) G11 Notebook PC, Silver",4.3333,Innovative design and real power for real work,"Intel® Core™ Ultra 5 processor | Windows 11 Pro | 35.6 cm (14) diagonal, WUXGA, IPS, 400 nits touch display | Intel® Arc™ Graphics | 16 GB LPDDR5x-7500 RAM | 1 TB SSD Hard Drive",B85WTAT,143799.0,159445.0,"HP 215 39.6 cm (15.6) Laptop Backpack worth ₹ 1,785",https://www.hp.com/in-en/shop/hp-elitebook-1040-14-inch-g11-notebook-pc-b85wtat.html,Intel® Core™ Ultra 5 processor,Windows 11 Pro,"35.6 cm (14) diagonal, WUXGA, IPS, 400 nits touch display",Intel® Arc™ Graphics,16 GB LPDDR5x-7500 RAM,1 TB SSD Hard Drive,No,hp 215 39.6 cm (15.6) laptop backpack ,16.0,1,SSD,1024,15646.0,Intel,Other,Premium,Integrated,Premium,1,0,False,55.6665,"Mouse, MS Office",
"HP Elite x360 830 35.6 cm (14) G11 2-in-1 Business Laptop PC, Silver",2.75,The enterprise notebook that’s anything but ordinary,Intel® Core™ Ultra 7 processor | Windows 11 Pro | 33.8 cm (13.3) diagonal WUXGA touch display | Intel® Graphics | 16 GB LPDDR5x RAM | 1 TB SSD Hard Drive,B85Q0PT,144777.0,166632.0,"HP 215 39.6 cm (15.6) Laptop Backpack worth ₹ 1,785",https://www.hp.com/in-en/shop/hp-elite-x360-830-13-inch-g11-2-in-1-notebook-pc-b85q0pt.html,Intel® Core™ Ultra 7 processor,Windows 11 Pro,33.8 cm (13.3) diagonal WUXGA touch display,Intel® Graphics,16 GB LPDDR5x RAM,1 TB SSD Hard Drive,No,hp 215 39.6 cm (15.6) laptop backpack ,16.0,1,SSD,1024,21855.0,Intel,Other,Premium,Integrated,Premium,1,0,False,47.75,Mouse,
"HP EliteBook 840 35.6 cm (14) G11 Notebook PC, SIlver",3.7143,The enterprise notebook that’s anything but ordinary,"Intel® Core™ Ultra 7 processor | Windows 11 Pro | 35.6 cm (14) diagonal, WUXGA, IPS, 800 nits touch display | Intel® Arc™ Graphics | 32 GB DDR5-5600 RAM | 1 TB SSD Hard Drive",B86BFPT,153999.0,178890.0,"HP 215 39.6 cm (15.6) Laptop Backpack worth ₹ 1,785",https://www.hp.com/in-en/shop/hp-elitebook-840-14-inch-g11-notebook-pc-b86bfpt.html,Intel® Core™ Ultra 7 processor,Windows 11 Pro,"35.6 cm (14) diagonal, WUXGA, IPS, 800 nits touch display",Intel® Arc™ Graphics,32 GB DDR5-5600 RAM,1 TB SSD Hard Drive,No,hp 215 39.6 cm (15.6) laptop backpack ,32.0,1,SSD,1024,24891.0,Intel,Other,Premium,Integrated,Premium,1,0,False,84.5715,"Backpack, Mouse, MS Office",
"HP ZBook Firefly 40.6 cm (16) G11 Mobile Workstation PC, Silver",4.6667,Step up performance. Not size,"Intel® Core™ Ultra 7 processor | Windows 11 Pro | 40.6 cm (16) diagonal, WUXGA IPS display | Intel® UMA Graphics | 32 GB DDR5-5600 RAM | 1 TB SSD Solid State Drive",A1VT4PT,156055.0,246301.0,"FREE Bag (35L98AA) worth ₹ 1,785",https://www.hp.com/in-en/shop/hp-zbook-firefly-16-inch-g11-mobile-workstation-pc-a1vt4pt.html,Intel® Core™ Ultra 7 processor,Windows 11 Pro,"40.6 cm (16) diagonal, WUXGA IPS display",Intel® UMA Graphics,32 GB DDR5-5600 RAM,1 TB SSD Solid State Drive,No,free bag (35l98aa) ,32.0,1,SSD,1024,90246.0,Intel,Other,Premium,Integrated,Premium,0,0,False,89.3335,Mouse,
"HP EliteBook 6 G1i 35.6 cm (14) Notebook Next Gen AI PC, Silver",0.0,AI-ready for enterprise productivity,"Intel® Core™ Ultra 5 processor | Windows 11 Pro | 35.6 cm (14) diagonal WUXGA, IPS, anti-glare, 800 nits display | Intel® Graphics | 32 GB DDR5-5600 RAM | 512 GB SSD Hard Drive",BQ8J5PT,158999.0,,,https://www.hp.com/in-en/shop/hp-elitebook-6-g1i-14-inch-notebook-next-gen-ai-pc-bq8j5pt.html,Intel® Core™ Ultra 5 processor,Windows 11 Pro,"35.6 cm (14) diagonal WUXGA, IPS, anti-glare, 800 nits display",Intel® Graphics,32 GB DDR5-5600 RAM,512 GB SSD Hard Drive,No,none,32.0,512,SSD,512,,Intel,Other,Premium,Integrated,Premium,0,0,False,65.0,"Mouse, MS Office",
"HP EliteBook 8 35.6 cm (14) G1a Next Gen AI PC, Silver",0.0,Copilot+ PC. Optimize work for today's innovators with next-gen AI,"AMD Ryzen™ AI 7 processor | Windows 11 Pro | 35.6 cm (14) diagonal, WUXGA, IPS display, Touchscreen | AMD Radeon™ 860M Graphics | 32 GB DDR5-5600 RAM | 1 TB SSD Hard Drive",C27TDPT,165599.0,189778.0,"HP 215 39.6 cm (15.6) Laptop Backpack worth ₹ 1,785",https://www.hp.com/in-en/shop/hp-elitebook-8-g1a-14-35-56-cm-notebook-next-gen-ai-pc-c27tdpt.html,AMD Ryzen™ AI 7 processor,Windows 11 Pro,"35.6 cm (14) diagonal, WUXGA, IPS display, Touchscreen",AMD Radeon™ 860M Graphics,32 GB DDR5-5600 RAM,1 TB SSD Hard Drive,No,hp 215 39.6 cm (15.6) laptop backpack ,32.0,1,SSD,1024,24179.0,AMD,Other,Premium,Integrated,Premium,1,0,False,66.0,"Backpack, Mouse, MS Office",
HP EliteBook 1040 35.6 cm (14) G11 Business Laptop PC,4.3333,Devices that maximize business value to enterprise employees across all hybrid workstyles,"Intel® Core™ Ultra 7 processor | Windows 11 Pro | 35.6 cm (14) diagonal, WUXGA display | Intel® Arc™ Graphics | 16 GB LPDDR5x-7500 RAM | 1 TB SSD Hard Drive",A71KPPA,166499.0,169934.0,"HP 215 39.6 cm (15.6) Laptop Backpack worth ₹ 1,785",https://www.hp.com/in-en/shop/hp-elitebook-1040-14-inch-g11-notebook-pc-a71kppa.html,Intel® Core™ Ultra 7 processor,Windows 11 Pro,"35.6 cm (14) diagonal, WUXGA display",Intel® Arc™ Graphics,16 GB LPDDR5x-7500 RAM,1 TB SSD Hard Drive,No,hp 215 39.6 cm (15.6) laptop backpack ,16.0,1,SSD,1024,3435.0,Intel,Other,Premium,Integrated,Premium,1,0,False,55.6665,"Mouse, MS Office",
"HP Elitebook Ultra 35.6 cm (14) G1q Business Laptop AI PC, Blue",5.0,Copilot+ PC.Lead the way with this sophisticated next-gen AI PC,Qualcomm® Snapdragon™ processor | Windows 11 Pro | 35.6 cm (14) diagonal 2.2K touch display supports Qualcomm® Adreno™ | 16 GB LPDDR5x-8400 RAM | 1 TB SSD Hard Drive,A5KJ7PA,169934.0,,,https://www.hp.com/in-en/shop/elitebook-ultra-g1q-business-laptop-ai-pc.html,Qualcomm® Snapdragon™ processor,Windows 11 Pro,35.6 cm (14) diagonal 2.2K touch display supports Qualcomm® Adreno™,Integrated,16 GB LPDDR5x-8400 RAM,1 TB SSD Hard Drive,No,none,16.0,1,SSD,1024,,Other,Other,Premium,Integrated,Premium,0,0,False,59.0,"Mouse, MS Office",
"HP ZBook Firefly 35.6 cm (14) G11 Mobile Workstation PC, Silver",3.9375,Step up performance. Not size,Intel® Core™ Ultra 7 processor | Windows 11 Pro | 35.6 cm (14) diagonal WUXGA IPS display | NVIDIA RTX™ A500 Graphics | 32 GB DDR5-5600 RAM | 1 TB SSD Solid State Drive,A1VL3PT,173696.0,252344.0,"FREE Bag (35L98AA) worth ₹ 1,785",https://www.hp.com/in-en/shop/hp-zbook-firefly-14-inch-g11-mobile-workstation-pc-a1vl3pt.html,Intel® Core™ Ultra 7 processor,Windows 11 Pro,35.6 cm (14) diagonal WUXGA IPS display,NVIDIA RTX™ A500 Graphics,32 GB DDR5-5600 RAM,1 TB SSD Solid State Drive,No,free bag (35l98aa) ,32.0,1,SSD,1024,78648.0,Intel,Other,Premium,Dedicated,Premium,0,0,False,85.6875,"Backpack, Mouse, MS Office",
"HP EliteBook 8 35.6 cm (14) G1i Next Gen AI PC, Silver",0.0,Copilot+ PC.Next-gen AI redefines productivity for modern professionals,"Intel® Core™ Ultra 7 processor | Windows 11 Pro | 35.6 cm (14) diagonal, WUXGA, IPS display, Touchscreen | Intel® Arc™ Graphics | 32 GB LPDDR5x-8533 RAM | 1 TB SSD Hard Drive",C27T5PT,173799.0,203109.0,"HP 215 39.6 cm (15.6) Laptop Backpack worth ₹ 1,785",https://www.hp.com/in-en/shop/hp-elitebook-8-g1i-14-inch-notebook-next-gen-ai-pc-c27t5pt.html,Intel® Core™ Ultra 7 processor,Windows 11 Pro,"35.6 cm (14) diagonal, WUXGA, IPS display, Touchscreen",Intel® Arc™ Graphics,32 GB LPDDR5x-8533 RAM,1 TB SSD Hard Drive,No,hp 215 39.6 cm (15.6) laptop backpack ,32.0,1,SSD,1024,29310.0,Intel,Other,Premium,Integrated,Premium,1,0,False,66.0,Mouse,
"HP EliteBook 8 G1i 33.8 cm (13.3) Notebook AI PC, Silver",0.0,An innovative AI PC tailored for hybrid teams,"Intel® Core™ Ultra 5 processor | Windows 11 Pro | 33.8 cm (13.3) diagonal, WUXGA, IPS, 800 nits touch display | Intel® Graphics | 32 GB RAM | 1 TB SSD Hard Drive",BQ8J2PT,176999.0,,,https://www.hp.com/in-en/shop/elitebook-8-13-inch-flip-g1i-bq8j2pt.html,Intel® Core™ Ultra 5 processor,Windows 11 Pro,"33.8 cm (13.3) diagonal, WUXGA, IPS, 800 nits touch display",Intel® Graphics,32 GB RAM,1 TB SSD Hard Drive,No,none,32.0,1,SSD,1024,,Intel,Other,Premium,Integrated,Premium,0,0,False,66.0,"Backpack, Mouse, MS Office",
"HP EliteBook 8 35.6 cm (14) G1i Next Gen AI PC, Silver",0.0,Copilot+ PC.Next-gen AI redefines productivity for modern professionals,"Intel® Core™ Ultra 7 processor | Windows 11 Pro | 35.6 cm (14) diagonal, WUXGA, IPS display, Touchscreen | Intel® Arc™ Graphics | 32 GB LPDDR5x-8533 RAM | 1 TB SSD Hard Drive",C27THPT,179099.0,205334.0,"HP 215 39.6 cm (15.6) Laptop Backpack worth ₹ 1,785",https://www.hp.com/in-en/shop/hp-elitebook-8-g1i-14-inch-notebook-next-gen-ai-pc-c27thpt.html,Intel® Core™ Ultra 7 processor,Windows 11 Pro,"35.6 cm (14) diagonal, WUXGA, IPS display, Touchscreen",Intel® Arc™ Graphics,32 GB LPDDR5x-8533 RAM,1 TB SSD Hard Drive,No,hp 215 39.6 cm (15.6) laptop backpack ,32.0,1,SSD,1024,26235.0,Intel,Other,Premium,Integrated,Premium,1,0,False,66.0,"Mouse, MS Office",
"HP EliteBook 8 G1i 35.6 cm (14) Notebook Next Gen AI PC, Silver",0.0,Copilot+ PC.Next-gen AI redefines productivity for modern professionals,"Intel® Core™ Ultra 5 processor | Windows 11 Pro | 35.6 cm (14) diagonal, WUXGA, IPS, 800 nits touch display | Intel® Arc™ Graphics | 32 GB RAM | 1 TB SSD Hard drive",BQ9H6PT,181999.0,182071.0,,https://www.hp.com/in-en/shop/hp-elitebook-8-g1i-14-inch-notebook-next-gen-ai-pc-bq9h6pt.html,Intel® Core™ Ultra 5 processor,Windows 11 Pro,"35.6 cm (14) diagonal, WUXGA, IPS, 800 nits touch display",Intel® Arc™ Graphics,32 GB RAM,1 TB SSD Hard drive,No,none,32.0,1,SSD,1024,72.0,Intel,Other,Premium,Integrated,Premium,0,0,False,66.0,"Backpack, Mouse, MS Office",
"HP EliteBook 8 G1i 35.6 cm (14) Notebook AI PC, Silver",0.0,Copilot+ PC.Next-gen AI redefines productivity for modern professionals,"Intel® Core™ Ultra 5 processor | Windows 11 Pro | 35.6 cm (14) diagonal, WUXGA, IPS, 800 nits touch display | Intel® Arc™ 140T GPU | 32 GB DDR5-5600 RAM | 1 TB SSD Hard Drive",BQ9B9PT,183999.0,184452.0,,https://www.hp.com/in-en/shop/hp-elitebook-8-g1i-14-inch-notebook-ai-pc-bq9b9pt.html,Intel® Core™ Ultra 5 processor,Windows 11 Pro,"35.6 cm (14) diagonal, WUXGA, IPS, 800 nits touch display",Integrated,32 GB DDR5-5600 RAM,1 TB SSD Hard Drive,No,none,32.0,1,SSD,1024,453.0,Intel,Other,Premium,Integrated,Premium,0,0,False,66.0,"Mouse, MS Office",
"HP Elite x360 1040 35.6 cm (14) G11 2-in-1 Business Laptop PC, Silver",5.0,Innovative design and real power for real work,Intel® Core™ Ultra 7 processor | Windows 11 Pro | 35.6 cm (14) diagonal 2.8K OLED touch display | Intel® Arc™ Graphics | 32 GB LPDDR5x RAM | 1 TB SSD Hard Drive,B85XHPT,183999.0,221107.0,HP Pen,https://www.hp.com/in-en/shop/hp-elite-x360-1040-14-inch-g11-2-in-1-notebook-pc-b85xhpt.html,Intel® Core™ Ultra 7 processor,Windows 11 Pro,35.6 cm (14) diagonal 2.8K OLED touch display,Intel® Arc™ Graphics,32 GB LPDDR5x RAM,1 TB SSD Hard Drive,No,hp pen,32.0,1,SSD,1024,37108.0,Intel,Other,Premium,Integrated,Premium,0,0,False,91.0,"Backpack, Mouse, MS Office",
"HP EliteBook 8 G1i 33.8 cm (13.3) Notebook AI PC, Silver",0.0,An innovative AI PC tailored for hybrid teams,"Intel® Core™ Ultra 7 processor | Windows 11 Pro | 33.8 cm (13.3) diagonal, WUXGA, IPS, 800 nits touch display | Intel® Graphics | 16 GB RAM | 1 TB SSD Hard Drive",BQ8J4PT,185999.0,186103.0,,https://www.hp.com/in-en/shop/elitebook-8-13-inch-flip-g1i-bq8j4pt.html,Intel® Core™ Ultra 7 processor,Windows 11 Pro,"33.8 cm (13.3) diagonal, WUXGA, IPS, 800 nits touch display",Intel® Graphics,16 GB RAM,1 TB SSD Hard Drive,No,none,16.0,1,SSD,1024,104.0,Intel,Other,Premium,Integrated,Premium,0,0,False,34.0,"Backpack, Mouse",
"HP Victus 39.6cm (15.6) Gaming Laptop 15-fa2191TX, Blue",3.8333,Follow your gaming destiny,"13th Generation Intel® Core™ i5 processor | Windows 11 Home | 39.6 cm (15.6) diagonal FHD 144 Hz, 300 nits, IPS display | NVIDIA® GeForce RTX™ 3050A 4GB | 16 GB DDR4-3200 RAM (Upgradeable) | 512 GB SSD Hard Drive (Upgradeable)",BT6B4PA,72499.0,81201.0,Microsoft Office Home 2024 Lifetime Subscription worth ₹9199.00 | 1 year Microsoft 365 basic subscription,https://www.hp.com/in-en/shop/victus-gaming-laptop-15-fa2191tx-bt6b4pa.html,13th Generation Intel® Core™ i5 processor,Windows 11 Home,"39.6 cm (15.6) diagonal FHD 144 Hz, 300 nits, IPS display",Integrated,16 GB DDR4-3200 RAM (Upgradeable),512 GB SSD Hard Drive (Upgradeable),1 year Microsoft 365 basic subscription,none,16.0,512,SSD,512,8702.0,Intel,i5,Gaming,Integrated,Mid-Range,0,0,False,52.1665,"Backpack, Mouse, MS Office",
"HP Laptop 39.6 cm (15.6) 15-fd0465TU, Silver",3.0,A reliably built laptop to keep you in the zone,13th Generation Intel® Core™ i3 processor | Windows 11 Home Single Language | 39.6 cm (15.6) diagonal FHD display | Intel® Graphics | 8 GB DDR4-3200 MT/s RAM | 512 GB SSD Hard Drive,B61ZFPA,40499.0,50842.0,HP X Entry Backpack worth  ₹1999.00 | Microsoft Office Home 2024 Lifetime Subscription worth ₹9199.00 | 1 year Microsoft 365 basic subscription,https://www.hp.com/in-en/shop/hp-laptop-15-fd0465tu-b61zfpa.html,13th Generation Intel® Core™ i3 processor,Windows 11 Home Single Language,39.6 cm (15.6) diagonal FHD display,Intel® Graphics,8 GB DDR4-3200 MT/s RAM,512 GB SSD Hard Drive,1 year Microsoft 365 basic subscription,hp x entry backpack ,8.0,512,SSD,512,10343.0,Intel,i3,Normal,Integrated,Budget,1,0,False,32.0,"Backpack, Mouse, MS Office",
"HP OmniBook 5 Flip 14-fp0789TU, Silver",0.0,"Versatile, powerful PC with all you need to get things done",13th Generation Intel® Core™ i5 processor | Windows 11 Home | 40.6 cm (16) diagonal 2K IPS touch display | Intel® Iris® Xᵉ Graphics | 16 GB LPDDR5-5200 RAM | 512 GB SSD Hard Drive,BD1H3PA,79499.0,89355.0,"MPP 2.0 pen worth ₹ 3,999 | HP 310 15.6 Laptop Backpack worth ₹2,999.00 | Microsoft Office Home 2024 Lifetime Subscription worth ₹9199.00 | 1 year Microsoft 365 basic subscription",https://www.hp.com/in-en/shop/hp-omnibook-5-flip-14-fp0789tu-bd1h3pa.html,13th Generation Intel® Core™ i5 processor,Windows 11 Home,40.6 cm (16) diagonal 2K IPS touch display,Intel® Iris® Xᵉ Graphics,16 GB LPDDR5-5200 RAM,512 GB SSD Hard Drive,1 year Microsoft 365 basic subscription,mpp 2.0 pen ,16.0,512,SSD,512,9856.0,Intel,i5,Normal,Integrated,Mid-Range,0,0,False,33.0,"Backpack, Mouse, MS Office",
"HP Laptop 39.6 cm (15.6) 15-fr0028TU, Silver",4.5,"HP PCs are built with dependable technology, next-level power, and rock-solid performance.",13th Generation Intel® Core™ i5-13420H processor | Windows 11 Home | 39.6 cm (15.6) diagonal FHD display | Intel® UHD Graphics | 16 GB DDR4 RAM | 512 GB SSD Hard Drive,BZ5F4PA,61999.0,67811.0,"HP 310 15.6 Laptop Backpack worth ₹2,999.00 | Microsoft Office Home 2024 Lifetime Subscription worth ₹9199.00 | 1 year Microsoft 365 basic subscription",https://www.hp.com/in-en/shop/hp-laptop-15-fr0028tu-bz5f4pa.html,13th Generation Intel® Core™ i5-13420H processor,Windows 11 Home,39.6 cm (15.6) diagonal FHD display,Intel® UHD Graphics,16 GB DDR4 RAM,512 GB SSD Hard Drive,1 year Microsoft 365 basic subscription,hp 310 15.6 laptop backpack ,16.0,512,SSD,512,5812.0,Intel,i5,Normal,Integrated,Mid-Range,1,0,False,55.5,"Backpack, Mouse, MS Office",
"HP Laptop 39.6 cm (15.6) 15-fd0640TU, Silver",4.5,A reliably built laptop to keep you in the zone,Intel® Core™ 5-120U processor | Windows 11 Home | 39.6 cm (15.6) diagonal FHD display | Intel® UHD Graphics | 16 GB DDR4-3200 RAM | 512 GB SSD Hard Drive,BX9R8PA,59499.0,69629.0,HP X Entry Backpack worth  ₹1999.00 | Microsoft Office Home 2024 Lifetime Subscription worth ₹9199.00 | 1 year Microsoft 365 basic subscription,https://www.hp.com/in-en/shop/hp-laptop-15-fd0640tu-bx9r8pa.html,Intel® Core™ 5-120U processor,Windows 11 Home,39.6 cm (15.6) diagonal FHD display,Intel® UHD Graphics,16 GB DDR4-3200 RAM,512 GB SSD Hard Drive,1 year Microsoft 365 basic subscription,hp x entry backpack ,16.0,512,SSD,512,10130.0,Intel,Other,Normal,Integrated,Mid-Range,1,0,False,55.5,"Backpack, Mouse, MS Office",
"HP OMEN Gaming Laptop 16-ap0182AX, Black",4.5,Copilot+ PC.Pro Gaming. Built for unbelievable speed and immersive gameplay.,"AMD Ryzen™ 9 processor | Windows 11 Home | 40.6 cm (16) diagonal, 2K, IPS, anti-glare, Low Blue Light, 165 Hz, 400 nits display | NVIDIA® GeForce RTX™ 5070 8GB | 24 GB DDR5-5600 RAM (Upgradeable) | 1 TB SSD Hard Drive",C80W5PA,169499.0,196719.0,Microsoft Office Home 2024 Lifetime Subscription worth ₹9199.00 | 1 year Microsoft 365 basic subscription,https://www.hp.com/in-en/shop/hp-omen-gaming-laptop-16-ap0182ax-c80w5pa.html,AMD Ryzen™ 9 processor,Windows 11 Home,"40.6 cm (16) diagonal, 2K, IPS, anti-glare, Low Blue Light, 165 Hz, 400 nits display",Integrated,24 GB DDR5-5600 RAM (Upgradeable),1 TB SSD Hard Drive,1 year Microsoft 365 basic subscription,none,24.0,1,SSD,1024,27220.0,AMD,Other,Premium,Integrated,Premium,0,0,False,72.5,"Backpack, Mouse, MS Office",
"HP Pavilion 40.6 cm (16) Laptop 16-ag0019AU, Silver",4.3333,Create on a PC that has all the power you need,"AMD Ryzen™ 5 processor | Windows 11 Home | 40.6 cm (16) diagonal, WUXGA IPS display | AMD Radeon™ Graphics | 16 GB LPDDR5 RAM | 512 GB SSD Hard Drive",A1UD7PA,66499.0,76923.0,"HP 310 15.6 Laptop Backpack worth ₹2,999.00",https://www.hp.com/in-en/shop/hp-pavilion-laptop-16-ag0019au-a1ud7pa.html,AMD Ryzen™ 5 processor,Windows 11 Home,"40.6 cm (16) diagonal, WUXGA IPS display",AMD Radeon™ Graphics,16 GB LPDDR5 RAM,512 GB SSD Hard Drive,No,hp 310 15.6 laptop backpack ,16.0,512,SSD,512,10424.0,AMD,Other,Normal,Integrated,Mid-Range,1,0,False,54.6665,"Backpack, Mouse, MS Office",
"HP Laptop 39.6 cm (15.6) 15-fc0690AU, Silver",0.0,Reliable computing yet stylish laptop that makes the wallet happy,AMD Ryzen™ 5-7520U processor | Windows 11 Home | 39.6 cm (15.6) diagonal FHD display | AMD Radeon™ Graphics | 16 GB LPDDR5 (onboard) RAM | 512 GB SSD Hard Drive,C94FVPA,46999.0,55691.0,HP X Entry Backpack worth  ₹1999.00 | Microsoft Office Home 2024 Lifetime Subscription worth ₹9199.00,https://www.hp.com/in-en/shop/hp-laptop-15-fc0690au-c94fvpa.html,AMD Ryzen™ 5-7520U processor,Windows 11 Home,39.6 cm (15.6) diagonal FHD display,AMD Radeon™ Graphics,16 GB LPDDR5 (onboard) RAM,512 GB SSD Hard Drive,Microsoft Office Home 2024 Lifetime Subscription worth ₹9199.00,hp x entry backpack ,16.0,512,SSD,512,8692.0,AMD,Other,Normal,Integrated,Budget,1,0,True,33.0,"Backpack, Mouse, MS Office",
HP Laptop 39.6 cm (15.6) 15-fc0390AU,3.0,Reliable computing yet stylish laptop that makes the wallet happy,AMD Ryzen™ 7-7730U processor | Windows 11 Home | 39.6 cm (15.6) diagonal FHD display | AMD Radeon™ Graphics | 16 GB DDR4-3200 RAM | 512 GB SSD Hard Drive,B7UW1PA,51999.0,64175.0,HP X Entry Backpack worth  ₹1999.00 | Microsoft Office Home 2024 Lifetime Subscription worth ₹9199.00 | 1 year Microsoft 365 basic subscription,https://www.hp.com/in-en/shop/hp-laptop-15-fc0390au-b7uw1pa.html,AMD Ryzen™ 7-7730U processor,Windows 11 Home,39.6 cm (15.6) diagonal FHD display,AMD Radeon™ Graphics,16 GB DDR4-3200 RAM,512 GB SSD Hard Drive,1 year Microsoft 365 basic subscription,hp x entry backpack ,16.0,512,SSD,512,12176.0,AMD,Other,Normal,Integrated,Mid-Range,1,0,False,48.0,"Backpack, Mouse, MS Office",
"HP Laptop 39.6 cm (15.6) 15-fc0388AU, Silver",4.0,"A powerful, sleek laptop for getting things done everyday",AMD Ryzen™ 5-7430U processor | Windows 11 Home Single Language | 39.6 cm (15.6) diagonal FHD display | AMD Radeon™ Graphics | 8 GB DDR4-3200 RAM | 512 GB SSD Hard Drive,B7UV6PA,39009.0,50843.0,HP X Entry Backpack worth  ₹1999.00 | Microsoft Office Home 2024 Lifetime Subscription worth ₹9199.00 | 1 year Microsoft 365 basic subscription,https://www.hp.com/in-en/shop/hp-laptop-15-fc0388au-b7uv6pa.html,AMD Ryzen™ 5-7430U processor,Windows 11 Home Single Language,39.6 cm (15.6) diagonal FHD display,AMD Radeon™ Graphics,8 GB DDR4-3200 RAM,512 GB SSD Hard Drive,1 year Microsoft 365 basic subscription,hp x entry backpack ,8.0,512,SSD,512,11834.0,AMD,Other,Normal,Integrated,Budget,1,0,False,37.0,"Mouse, MS Office",
"HP Victus 39.6 cm (15.6) Gaming Laptop 15-fa2308TX, Silver",0.0,Step up the fun with our most affordable gaming laptop range that doesn't shy on performance.,"13th Generation Intel® Core™ i7 processor | Windows 11 Home | 39.6 cm (15.6) diagonal FHD 144 Hz, IPS display | NVIDIA® GeForce RTX™ 5060 Laptop GPU (8 GB) | 24 GB DDR5-5200 RAM | 1 TB SSD Hard Drive",C25MRPA,122999.0,135620.0,Microsoft Office Home 2024 Lifetime Subscription worth ₹9199.00,https://www.hp.com/in-en/shop/victus-gaming-laptop-15-fa2308tx-c25mrpa.html,13th Generation Intel® Core™ i7 processor,Windows 11 Home,"39.6 cm (15.6) diagonal FHD 144 Hz, IPS display",Integrated,24 GB DDR5-5200 RAM,1 TB SSD Hard Drive,Microsoft Office Home 2024 Lifetime Subscription worth ₹9199.00,none,24.0,1,SSD,1024,12621.0,Intel,i7,Premium,Integrated,Premium,0,0,True,50.0,"Mouse, MS Office",
"HP Laptop 39.6 cm (15.6) 15-fd0549TU, Silver",0.0,A reliably built laptop to keep you in the zone,13th Generation Intel® Core™ i5 processor | Windows 11 Home | 39.6 cm (15.6) diagonal FHD display | Intel® Graphics | 8 GB DDR4 RAM | 1 TB SSD Hard Drive,B9NQ1PA,62499.0,72053.0,HP X Entry Backpack worth  ₹1999.00 | Microsoft Office Home 2024 Lifetime Subscription worth ₹9199.00 | 1 year Microsoft 365 basic subscription,https://www.hp.com/in-en/shop/hp-laptop-15-fd0549tu-b9nq1pa.html,13th Generation Intel® Core™ i5 processor,Windows 11 Home,39.6 cm (15.6) diagonal FHD display,Intel® Graphics,8 GB DDR4 RAM,1 TB SSD Hard Drive,1 year Microsoft 365 basic subscription,hp x entry backpack ,8.0,1,SSD,1024,9554.0,Intel,i5,Normal,Integrated,Mid-Range,1,0,False,18.0,"Mouse, MS Office",
"HP Laptop 15-hr0008TU, Silver",0.0,A reliably built laptop to keep you in the zone,13th Generation Intel® Core™ i5 processor | Windows 11 Home | 39.6 cm (15.6) diagonal FHD display | Intel® Iris® Xᵉ Graphics | 16 GB DDR4 RAM | 512 GB SSD Hard Drive,BK2Q0PA,63804.0,73265.0,HP X Entry Backpack worth  ₹1999.00 | Microsoft Office Home 2024 Lifetime Subscription worth ₹9199.00,https://www.hp.com/in-en/shop/hp-laptop-15-hr0008tu-bk2q0pa.html,13th Generation Intel® Core™ i5 processor,Windows 11 Home,39.6 cm (15.6) diagonal FHD display,Intel® Iris® Xᵉ Graphics,16 GB DDR4 RAM,512 GB SSD Hard Drive,Microsoft Office Home 2024 Lifetime Subscription worth ₹9199.00,hp x entry backpack ,16.0,512,SSD,512,9461.0,Intel,i5,Normal,Integrated,Mid-Range,1,0,True,33.0,"Mouse, MS Office",
"HP OMEN MAX 40.6 cm (16) Gaming Laptop 16-ah0189TX, Black",5.0,Built to break limits,"Intel® Core™ Ultra 9 processor | Windows 11 Home | 40.6 cm (16) diagonal, WQXGA, 60-240 Hz, 3 ms response time, IPS, 500 nits | NVIDIA® GeForce RTX™ 5090 (24 GB GDDR7) | 64 GB DDR5-5600 RAM | 1 TB SSD Hard Drive",BX9S4PA,379999.0,427163.0,,https://www.hp.com/in-en/shop/hp-omen-max-gaming-laptop-16-ah0189tx-bx9s4pa.html,Intel® Core™ Ultra 9 processor,Windows 11 Home,"40.6 cm (16) diagonal, WQXGA, 60-240 Hz, 3 ms response time, IPS, 500 nits",Integrated,64 GB DDR5-5600 RAM,1 TB SSD Hard Drive,No,none,64.0,1,SSD,1024,47164.0,Intel,Other,Premium,Integrated,Premium,0,0,False,155.0,"Mouse, MS Office",
"HP OmniBook 7 35.6 cm (14) AI Laptop 14-fr0789TU, Silver",0.0,Engineered for durability and performance for power users and students.,"Intel® Core™ Ultra 5-225H processor | Windows 11 Home | 35.6 cm (14) diagonal, 3K, OLED, UWVA, Low Blue Light display | Intel® Arc™ 130T GPU | 16 GB LPDDR5-5200 RAM | 1 TB SSD Hard Drive",C58RFPA,92499.0,99527.0,"HP 310 15.6 Laptop Backpack worth ₹2,999.00 | Microsoft Office Home 2024 Lifetime Subscription worth ₹9199.00",https://www.hp.com/in-en/shop/hp-omnibook-7-laptop-ai-14-fr0789tu-c58rfpa.html,Intel® Core™ Ultra 5-225H processor,Windows 11 Home,"35.6 cm (14) diagonal, 3K, OLED, UWVA, Low Blue Light display",Integrated,16 GB LPDDR5-5200 RAM,1 TB SSD Hard Drive,Microsoft Office Home 2024 Lifetime Subscription worth ₹9199.00,hp 310 15.6 laptop backpack ,16.0,1,SSD,1024,7028.0,Intel,Other,Premium,Integrated,Premium,1,0,True,34.0,"Mouse, MS Office",
"HP EliteBook 840 35.6 cm (14) G11 Business Laptop PC, Silver",3.7143,The enterprise notebook that’s anything but ordinary,"Intel® Core™ Ultra 7 processor | Windows 11 Pro | 35.6 cm (14) diagonal, WUXGA, IPS display | Intel® Graphics | 16 GB DDR5 RAM | 512 GB SSD Hard Drive",BM4C7PT,127499.0,146667.0,"HP 215 39.6 cm (15.6) Laptop Backpack worth ₹ 1,785",https://www.hp.com/in-en/shop/hp-elitebook-840-14-inch-g11-notebook-pc-bm4c7pt.html,Intel® Core™ Ultra 7 processor,Windows 11 Pro,"35.6 cm (14) diagonal, WUXGA, IPS display",Intel® Graphics,16 GB DDR5 RAM,512 GB SSD Hard Drive,No,hp 215 39.6 cm (15.6) laptop backpack ,16.0,512,SSD,512,19168.0,Intel,Other,Premium,Integrated,Premium,1,0,False,51.5715,"Mouse, MS Office",
"HP Pavilion x360 35.6 cm (14) 2-in-1 Laptop 14-ek1151TU, Pink",5.0,"Entertainment anywhere, and any way you choose",13th Generation Intel® Core™ i5 processor | Windows 11 Home | 35.6 cm (14) diagonal FHD touch display | Intel® Iris® Xᵉ Graphics | 16 GB DDR4-3200 RAM | 1 TB SSD Hard Drive,B6PA3PA,84499.0,101787.0,"MPP 2.0 pen worth ₹ 3,999 | HP 310 15.6 Laptop Backpack worth ₹2,999.00 | Microsoft Office Home 2024 Lifetime Subscription worth ₹9199.00 | 1 year Microsoft 365 basic subscription",https://www.hp.com/in-en/shop/hp-pavilion-x360-2-in-1-laptop-14-ek1151tu-b6pa3pa.html,13th Generation Intel® Core™ i5 processor,Windows 11 Home,35.6 cm (14) diagonal FHD touch display,Intel® Iris® Xᵉ Graphics,16 GB DDR4-3200 RAM,1 TB SSD Hard Drive,1 year Microsoft 365 basic subscription,mpp 2.0 pen ,16.0,1,SSD,1024,17288.0,Intel,i5,Premium,Integrated,Premium,0,0,False,59.0,"Backpack, Mouse",
"HP Laptop 39.6 cm (15.6) 15-fd1444TU, Silver",0.0,Reliable computing yet stylish laptop that makes the wallet happy,"Intel® Core™ 5-120U processor | Windows 11 Home Single Language | 39.6 cm (15.6) diagonal, FHD, anti-glare display | Intel® Graphics | 8 GB DDR4-3200 RAM | 512 GB SSD Hard Drive",C9LZ5PA,55499.0,61750.0,HP X Entry Backpack worth  ₹1999.00 | Microsoft Office Home 2024 Lifetime Subscription worth ₹9199.00 | 1 year Microsoft 365 basic subscription,https://www.hp.com/in-en/shop/hp-laptop-15-fd1444tu-c9lz5pa.html,Intel® Core™ 5-120U processor,Windows 11 Home Single Language,"39.6 cm (15.6) diagonal, FHD, anti-glare display",Intel® Graphics,8 GB DDR4-3200 RAM,512 GB SSD Hard Drive,1 year Microsoft 365 basic subscription,hp x entry backpack ,8.0,512,SSD,512,6251.0,Intel,Other,Normal,Integrated,Mid-Range,1,0,False,17.0,"Mouse, MS Office",
HP ProBook 440 35.6 cm (14) G11 Business Laptop PC,3.5,Affordable devices designed with business in mind; commercial grade features with durable design,"Intel® Core™ Ultra 5 processor | Windows 11 Pro | 35.6 cm (14) diagonal, WUXGA display | Intel® Arc™ Graphics | 16 GB DDR5-5600 RAM | 512 GB SSD Hard Drive",A6VS9PA,95499.0,104944.0,"HP 215 39.6 cm (15.6) Laptop Backpack worth ₹ 1,785",https://www.hp.com/in-en/shop/hp-probook-440-14-inch-g11-notebook-pc-a6vs9pa.html,Intel® Core™ Ultra 5 processor,Windows 11 Pro,"35.6 cm (14) diagonal, WUXGA display",Intel® Arc™ Graphics,16 GB DDR5-5600 RAM,512 GB SSD Hard Drive,No,hp 215 39.6 cm (15.6) laptop backpack ,16.0,512,SSD,512,9445.0,Intel,Other,Premium,Integrated,Premium,1,0,False,50.5,"Mouse, MS Office",
HP ZBook Firefly 35.6 cm (14) G11 Mobile Workstation PC,3.9375,"Recommended for  2D and light 3D workflows, photography, and for running multiple large Microsoft Office files.",Intel® Core™ Ultra 7 processor | Windows 11 Pro | 35.6 cm (14) diagonal WUXGA display | Intel® Graphics | 32 GB DDR5-5600 MHz RAM (1 x 32 GB) | 1 TB PCIe® NVMe™ SSD,A1VR3PT,149499.0,238920.0,,https://www.hp.com/in-en/shop/hp-zbook-firefly-14-g11-mobile-workstation-pc-a1vr3pt.html,Intel® Core™ Ultra 7 processor,Windows 11 Pro,35.6 cm (14) diagonal WUXGA display,Intel® Graphics,32 GB DDR5-5600 MHz RAM (1 x 32 GB),1 TB PCIe® NVMe™ SSD,No,none,32.0,1,SSD,1024,89421.0,Intel,Other,Premium,Integrated,Premium,0,0,False,85.6875,"Backpack, Mouse, MS Office",
"HP Laptop 39.6 cm (15.6) 15-fc0155AU, Silver",2.8333,Reliable computing yet stylish laptop that makes the wallet happy,"AMD Ryzen™ 5-7520U processor | Windows 11 Home | 39.6 cm (15.6) diagonal, FHD display | AMD Radeon™ Graphics | 8 GB LPDDR5-5500 RAM | 512 GB SSD Hard Drive",9D3M9PA,39500.0,54551.0,Microsoft Office Home & Student 2021 Lifetime Subscription worth ₹9199.00 | HP X Entry Backpack worth  ₹1999.00,https://www.hp.com/in-en/shop/hp-laptop-15-fc0155au-9d3m9pa.html,AMD Ryzen™ 5-7520U processor,Windows 11 Home,"39.6 cm (15.6) diagonal, FHD display",AMD Radeon™ Graphics,8 GB LPDDR5-5500 RAM,512 GB SSD Hard Drive,Microsoft Office Home & Student 2021 Lifetime Subscription worth ₹9199.00,hp x entry backpack ,8.0,512,SSD,512,15051.0,AMD,Other,Normal,Integrated,Budget,1,0,True,31.1665,"Mouse, MS Office",
"HP ZBook Firefly 40.6 cm (16) G11 Mobile Workstation PC, Silver",4.6667,"Recommended for  2D and light 3D workflows, photography, and for running multiple large Microsoft Office files.",Intel® Core™ Ultra 7 processor | Windows 11 Pro | 40.6 cm (16) diagonal WUXGA display | Intel® Graphics | 32 GB DDR5-5600 RAM | 1 TB SSD Solid State Drive,A1VT7PT,150662.0,241017.0,,https://www.hp.com/in-en/shop/hp-zbook-firefly-16-inch-g11-mobile-workstation-pc-a1vt7pt.html,Intel® Core™ Ultra 7 processor,Windows 11 Pro,40.6 cm (16) diagonal WUXGA display,Intel® Graphics,32 GB DDR5-5600 RAM,1 TB SSD Solid State Drive,No,none,32.0,1,SSD,1024,90355.0,Intel,Other,Premium,Integrated,Premium,0,0,False,89.3335,"Mouse, MS Office",
"HP Elite x360 830 33.8 cm (13.3) G11 2-in-1 Business Laptop PC, Silver",2.75,The enterprise notebook that’s anything but ordinary,Intel® Core™ Ultra 7 processor | Windows 11 Pro | 33.8 cm (13.3) diagonal WUXGA touch display | Intel® Graphics | 32 GB LPDDR5x RAM | 1 TB SSD Hard Drive,B85PZPT,157199.0,179449.0,"HP 215 39.6 cm (15.6) Laptop Backpack worth ₹ 1,785",https://www.hp.com/in-en/shop/hp-elite-x360-830-13-inch-g11-2-in-1-notebook-pc-b85pzpt.html,Intel® Core™ Ultra 7 processor,Windows 11 Pro,33.8 cm (13.3) diagonal WUXGA touch display,Intel® Graphics,32 GB LPDDR5x RAM,1 TB SSD Hard Drive,No,hp 215 39.6 cm (15.6) laptop backpack ,32.0,1,SSD,1024,22250.0,Intel,Other,Premium,Integrated,Premium,1,0,False,79.75,Mouse,
HP ZBook Power 40.6 cm (16) G11 Mobile Workstation PC,3.8,"Recommended for  2D and light 3D workflows, photography, and for running multiple large Microsoft Office files.",Intel® Core™ Ultra 9 processor | Windows 11 Pro | 40.6 cm (16) diagonal WUXGA display | NVIDIA RTX™ 2000 Ada Generation Laptop GPU | 32 GB DDR5-5600 RAM | 1 TB SSD Solid State Drive,A8WM4PT,263999.0,409781.0,,https://www.hp.com/in-en/shop/hp-zbook-power-16-g11-mobile-workstation-pc-a8wm4pt.html,Intel® Core™ Ultra 9 processor,Windows 11 Pro,40.6 cm (16) diagonal WUXGA display,Integrated,32 GB DDR5-5600 RAM,1 TB SSD Solid State Drive,No,none,32.0,1,SSD,1024,145782.0,Intel,Other,Premium,Integrated,Premium,0,0,False,85.0,"Mouse, MS Office",
"HP 240R 35.6 cm (14) G9 Business Laptop PC, Silver",3.8,"Compact and reliable, value-packed notebooks with essential business features to help you excel in hybrid work","13th Generation Intel® Core™ i3 processor | Windows 11 Pro | 35.6 cm (14) diagonal, HD display | Intel® UHD Graphics | 8 GB DDR4-3200 MT/s RAM | 512 GB SSD Hard Drive",B15JNAT,56999.0,59452.0,"HP 215 39.6 cm (15.6) Laptop Backpack worth ₹ 1,785",https://www.hp.com/in-en/shop/hp-240r-g9-notebook-pc-b15jnat.html,13th Generation Intel® Core™ i3 processor,Windows 11 Pro,"35.6 cm (14) diagonal, HD display",Intel® UHD Graphics,8 GB DDR4-3200 MT/s RAM,512 GB SSD Hard Drive,No,hp 215 39.6 cm (15.6) laptop backpack ,8.0,512,SSD,512,2453.0,Intel,i3,Normal,Integrated,Mid-Range,1,0,False,36.0,,
"HP EliteBook 845 35.6 cm (14) G9 Notebook PC, Silver",5.0,Work where you’re needed,"AMD Ryzen™ 7 PRO processor | FreeDOS | 35.6 cm (14) diagonal, WUXGA, IPS display | AMD Radeon™ 660M Graphics | 16 GB DDR5-4800 RAM | 512 GB SSD Hard Drive",B25U7AT,75499.0,107640.0,,https://www.hp.com/in-en/shop/hp-elitebook-845-14-g9-notebook-pc-b25u7at.html,AMD Ryzen™ 7 PRO processor,Unknown,"35.6 cm (14) diagonal, WUXGA, IPS display",AMD Radeon™ 660M Graphics,16 GB DDR5-4800 RAM,512 GB SSD Hard Drive,No,none,16.0,512,SSD,512,32141.0,AMD,Other,Normal,Integrated,Mid-Range,0,0,False,58.0,,
"HP Laptop 35.6 cm 14-ep1129TU, Silver",0.0,Powerfully and responsibly made to get things done everyday,Intel® Core™ Ultra 5 125H processor | Windows 11 Home | 35.6 cm (14) diagonal FHD display | Intel® Arc™ Graphics | 32 GB DDR5-5600 MT/s RAM | 1TB SSD Hard Drive,C0YN5PA,79999.0,89869.0,Microsoft Office Home 2024 Lifetime Subscription worth ₹9199.00,https://www.hp.com/in-en/shop/hp-laptop-14-ep1129tu-c0yn5pa.html,Intel® Core™ Ultra 5 125H processor,Windows 11 Home,35.6 cm (14) diagonal FHD display,Intel® Arc™ Graphics,32 GB DDR5-5600 MT/s RAM,1TB SSD Hard Drive,Microsoft Office Home 2024 Lifetime Subscription worth ₹9199.00,none,32.0,1,SSD,1024,9870.0,Intel,Other,Normal,Integrated,Mid-Range,0,0,True,66.0,,
HP ZBook Firefly 40.6 cm (16) G11 Mobile Workstation PC,4.6667,"Recommended for  2D and light 3D workflows, photography, and for running multiple large Microsoft Office files.","Intel® Core™ Ultra 7 processor | Windows 11 Pro | 40.6 cm (16) diagonal, WUXGA display | NVIDIA RTX™ A500 Graphics | 32 GB DDR5-5600 MHz RAM | 1 TB PCIe® NVMe™ SSD Solid State Drive",A1VX4PT,167499.0,270789.0,Evon Essential Series Black Bagpack,https://www.hp.com/in-en/shop/hp-zbook-firefly-16-g11-mobile-workstation-pc-a1vx4pt.html,Intel® Core™ Ultra 7 processor,Windows 11 Pro,"40.6 cm (16) diagonal, WUXGA display",NVIDIA RTX™ A500 Graphics,32 GB DDR5-5600 MHz RAM,1 TB PCIe® NVMe™ SSD Solid State Drive,No,evon essential series black bagpack,32.0,1,SSD,1024,103290.0,Intel,Other,Premium,Dedicated,Premium,0,0,False,89.3335,,
"HP Fortis 35.6 cm (14) G10 Chromebook, Black",0.0,Stay productive with a ruggedized Chromebook,"Intel® Pentium® Silver processor | ChromeOS | 35.6 cm (14) diagonal, HD display | Intel® UHD Graphics | 8 GB LPDDR4x RAM | 64 GB eMMC Hard drive",7D5X9PC,31999.0,48910.0,,https://www.hp.com/in-en/shop/hp-fortis-14-inch-g10-chromebook-7d5x9pc.html,Intel® Pentium® Silver processor,Unknown,"35.6 cm (14) diagonal, HD display",Intel® UHD Graphics,8 GB LPDDR4x RAM,64 GB eMMC Hard drive,No,none,8.0,64,Unknown,64,16911.0,Intel,Other,Normal,Integrated,Budget,0,0,False,16.125,,
"HP Laptop 39.6 cm (15.6) 15-fd1354TU, Silver",0.0,Reliable computing yet stylish laptop that makes the wallet happy,"Intel® Core™ Ultra 5-125H processor | Windows 11 Home Single Language | 39.6 cm (15.6) diagonal FHD, IPS, anti-glare display | Intel® Arc™ Graphics | 16 GB DDR5-5600 RAM | 1 TB SSD Hard Drive",C72QKPA,70999.0,79930.0,HP X Entry Backpack worth  ₹1999.00,https://www.hp.com/in-en/shop/hp-laptop-15-fd1354tu-c72qkpa.html,Intel® Core™ Ultra 5-125H processor,Windows 11 Home Single Language,"39.6 cm (15.6) diagonal FHD, IPS, anti-glare display",Intel® Arc™ Graphics,16 GB DDR5-5600 RAM,1 TB SSD Hard Drive,No,hp x entry backpack ,16.0,1,SSD,1024,8931.0,Intel,Other,Normal,Integrated,Mid-Range,1,0,False,34.0,,
"HP ProBook 4 35.6 cm (14) G1iR Business Laptop PC, Silver",0.0,Affordable devices designed with business in mind; commercial grade features with durable design,"13th Generation Intel® Core™ i5 processor | FreeDOS | 35.6 cm (14) diagonal, WUXGA IPS display | Intel® Iris® Xᵉ Graphics | 16 GB DDR5-5600 RAM | 512 GB SSD Hard Drive",C22NMAT,77999.0,85556.0,,https://www.hp.com/in-en/shop/hp-probook-4-g1ir-14-inch-notebook-pc-c22nmat.html,13th Generation Intel® Core™ i5 processor,Unknown,"35.6 cm (14) diagonal, WUXGA IPS display",Intel® Iris® Xᵉ Graphics,16 GB DDR5-5600 RAM,512 GB SSD Hard Drive,No,none,16.0,512,SSD,512,7557.0,Intel,i5,Normal,Integrated,Mid-Range,0,0,False,33.0,,
"HP ZBook Firefly 35.6 cm (14) G11 Mobile Workstation PC, Silver",3.9375,"Recommended for  2D and light 3D workflows, photography, and for running multiple large Microsoft Office files.",Intel® Core™ Ultra 7 processor | Windows 11 Pro | 35.6 cm (14) diagonal WUXGA IPS display | Intel® UMA Graphics | 16 GB DDR5-5600 RAM | 1 TB SSD Solid State Drive,B6SW6PT,123351.0,221964.0,"FREE Bag (35L98AA) worth ₹ 1,785",https://www.hp.com/in-en/shop/hp-zbook-firefly-14-inch-g11-mobile-workstation-pc-b6sw6pt.html,Intel® Core™ Ultra 7 processor,Windows 11 Pro,35.6 cm (14) diagonal WUXGA IPS display,Intel® UMA Graphics,16 GB DDR5-5600 RAM,1 TB SSD Solid State Drive,No,free bag (35l98aa) ,16.0,1,SSD,1024,98613.0,Intel,Other,Premium,Integrated,Premium,0,0,False,53.6875,,
HP ZBook Firefly 40.6 cm (16) G11 Mobile Workstation PC,4.6667,"Recommended for  2D and light 3D workflows, photography, and for running multiple large Microsoft Office files.","Intel® Core™ Ultra 7 processor | Windows 11 Pro | 40.6 cm (16) diagonal, WUXGA display | Intel® Graphics | 16 GB DDR5-5600 MHz RAM | 1 TB SSD Solid State Drive",A1VU1PT,142072.0,226763.0,,https://www.hp.com/in-en/shop/hp-zbook-firefly-16-g11-mobile-workstation-pc-a1vu1pt.html,Intel® Core™ Ultra 7 processor,Windows 11 Pro,"40.6 cm (16) diagonal, WUXGA display",Intel® Graphics,16 GB DDR5-5600 MHz RAM,1 TB SSD Solid State Drive,No,none,16.0,1,SSD,1024,84691.0,Intel,Other,Premium,Integrated,Premium,0,0,False,57.3335,,
HP ZBook Firefly 40.6 cm (16) G11 Mobile Workstation PC,5.0,"Recommended for  2D and light 3D workflows, photography, and for running multiple large Microsoft Office files.","Intel® Core™ Ultra 7 processor | Windows 11 Pro | 40.6 cm (16) diagonal, WUXGA display | NVIDIA RTX™ A500 Graphics | 16 GB DDR5-5600 MHz RAM | 1 TB SSD Solid State Drive",A1VX6PT,157499.0,237854.0,,https://www.hp.com/in-en/shop/hp-zbook-firefly-16-g11-mobile-workstation-pc-a1vx6pt.html,Intel® Core™ Ultra 7 processor,Windows 11 Pro,"40.6 cm (16) diagonal, WUXGA display",NVIDIA RTX™ A500 Graphics,16 GB DDR5-5600 MHz RAM,1 TB SSD Solid State Drive,No,none,16.0,1,SSD,1024,80355.0,Intel,Other,Premium,Dedicated,Premium,0,0,False,59.0,,
HP ZBook Firefly 35.6 cm (14) G11 Mobile Workstation PC,3.8,"Recommended for  2D and light 3D workflows, photography, and for running multiple large Microsoft Office files.","Intel® Core™ Ultra 7 processor | Windows 11 Pro | 35.6 cm (14) diagonal, WUXGA display | NVIDIA RTX™ A500 Graphics | 32 GB DDR5-5600 RAM | 1 TB SSD Solid State Drive",A1VL1PT,165999.0,268618.0,,https://www.hp.com/in-en/shop/hp-zbook-firefly-14-g11-mobile-workstation-pc-a1vl1pt.html,Intel® Core™ Ultra 7 processor,Windows 11 Pro,"35.6 cm (14) diagonal, WUXGA display",NVIDIA RTX™ A500 Graphics,32 GB DDR5-5600 RAM,1 TB SSD Solid State Drive,No,none,32.0,1,SSD,1024,102619.0,Intel,Other,Premium,Dedicated,Premium,0,0,False,85.0,,
"HP EliteBook 6 G1i 33.8 cm (13.3) Notebook AI PC, Silver",0.0,AI-ready for enterprise productivity,"Intel® Core™ Ultra 7 processor | Windows 11 Pro | 33.8 cm (13.3) diagonal, WUXGA, IPS, 800 nits display | Intel® Graphics | 32 GB DDR5-5600 RAM | 512 GB SSD Hard Drive",BQ8J9PT,188999.0,,,https://www.hp.com/in-en/shop/hp-elitebook-6-g1i-13-3-notebook-ai-pc-bq8j9pt.html,Intel® Core™ Ultra 7 processor,Windows 11 Pro,"33.8 cm (13.3) diagonal, WUXGA, IPS, 800 nits display",Intel® Graphics,32 GB DDR5-5600 RAM,512 GB SSD Hard Drive,No,none,32.0,512,SSD,512,,Intel,Other,Premium,Integrated,Premium,0,0,False,65.0,,
"HP EliteBook 6 G1i 35.6 cm (14) Notebook Next Gen AI PC, Silver",0.0,AI-ready for enterprise productivity,"Intel® Core™ Ultra 7 processor | Windows 11 Pro | 35.6 cm (14) diagonal WUXGA, IPS, 800 nits display | Intel® Graphics | 64 GB DDR5-5600 RAM | 1 TB SSD Hard Drive",BQ8J8PT,204999.0,206534.0,,https://www.hp.com/in-en/shop/hp-elitebook-6-g1i-14-inch-notebook-next-gen-ai-pc-bq8j8pt.html,Intel® Core™ Ultra 7 processor,Windows 11 Pro,"35.6 cm (14) diagonal WUXGA, IPS, 800 nits display",Intel® Graphics,64 GB DDR5-5600 RAM,1 TB SSD Hard Drive,No,none,64.0,1,SSD,1024,1535.0,Intel,Other,Premium,Integrated,Premium,0,0,False,130.0,,
HP ZBook Power 40.6 cm (16) G11 Mobile Workstation PC,3.8,"Recommended for  2D and light 3D workflows, photography, and for running multiple large Microsoft Office files.",Intel® Core™ Ultra 7 processor | Windows 11 Pro | 40.6 cm (16) diagonal WUXGA display | NVIDIA RTX™ 2000 Ada Generation Laptop GPU | 32 GB DDR5-5600 RAM | 1 TB SSD Solid State Drive,A8WM9PT,229999.0,346527.0,,https://www.hp.com/in-en/shop/hp-zbook-power-16-g11-mobile-workstation-pc-a8wm9pt.html,Intel® Core™ Ultra 7 processor,Windows 11 Pro,40.6 cm (16) diagonal WUXGA display,Integrated,32 GB DDR5-5600 RAM,1 TB SSD Solid State Drive,No,none,32.0,1,SSD,1024,116528.0,Intel,Other,Premium,Integrated,Premium,0,0,False,85.0,,
HP ZBook Studio 40.64cm (16) G10 Mobile Workstation PC,0.0,"Recommended for  2D and light 3D workflows, photography, and for running multiple large Microsoft Office files.",13th Generation Intel® Core™ i9 processor | Windows 11 Pro | 40.6 cm (16) diagonal WUXGA display | NVIDIA® GeForce RTX™ 4080 | 32 GB DDR5 RAM | 2 TB SSD Solid State Drive,8L168PA,419499.0,519957.0,Evon Essential Series Black Bagpack,https://www.hp.com/in-en/shop/hp-zbook-studio-16-g10-mobile-workstation-pc-8l168pa.html,13th Generation Intel® Core™ i9 processor,Windows 11 Pro,40.6 cm (16) diagonal WUXGA display,Integrated,32 GB DDR5 RAM,2 TB SSD Solid State Drive,No,evon essential series black bagpack,32.0,2,SSD,2048,100458.0,Intel,i9,Premium,Integrated,Premium,0,0,False,68.0,,
"HP 255 39.6 cm (15.6)  G10 Business Laptop PC, Silver",0.0,"Compact and reliable, value-packed notebooks with essential business features to help you excel in hybrid work","AMD Ryzen™ 3 processor | FreeDOS 3.0 | 39.6 cm (15.6) diagonal, HD display | AMD Radeon™ Graphics | 8 GB DDR4-3200 MT/s RAM | 512 GB SSD Hard Drive",B1FW9PT,34499.0,37123.0,"HP 215 39.6 cm (15.6) Laptop Backpack worth ₹ 1,785",https://www.hp.com/in-en/shop/hp-255-15-6-g10-notebook-pc-b1fw9pt.html,AMD Ryzen™ 3 processor,Unknown,"39.6 cm (15.6) diagonal, HD display",AMD Radeon™ Graphics,8 GB DDR4-3200 MT/s RAM,512 GB SSD Hard Drive,No,hp 215 39.6 cm (15.6) laptop backpack ,8.0,512,SSD,512,2624.0,AMD,Other,Normal,Integrated,Budget,1,0,False,17.0,,
"HP 255R 39.6 cm (15.6) G10 Business Laptop PC, Silver",0.0,"Compact and reliable, value-packed notebooks with essential business features to help you excel in hybrid work","AMD Ryzen™ 3 processor | FreeDOS 3.0 | 39.6 cm (15.6) diagonal, HD display | AMD Radeon™ 660M Graphics | 8 GB DDR5-4800 RAM | 512 GB SSD Hard Drive",C8HS5AT,35499.0,38135.0,"HP 215 39.6 cm (15.6) Laptop Backpack worth ₹ 1,785",https://www.hp.com/in-en/shop/hp-255r-15-6-inch-g10-notebook-pc-c8hs5at.html,AMD Ryzen™ 3 processor,Unknown,"39.6 cm (15.6) diagonal, HD display",AMD Radeon™ 660M Graphics,8 GB DDR5-4800 RAM,512 GB SSD Hard Drive,No,hp 215 39.6 cm (15.6) laptop backpack ,8.0,512,SSD,512,2636.0,AMD,Other,Normal,Integrated,Budget,1,0,False,17.0,,
"HP 255R 39.6 cm (15.6) G10 Business Laptop PC, Silver",0.0,"Compact and reliable, value-packed notebooks with essential business features to help you excel in hybrid work","AMD Ryzen™ 3 processor | FreeDOS 3.0 | 39.6 cm (15.6) diagonal, FHD, SVA display | AMD Radeon™ 660M Graphics | 8 GB DDR5-4800 RAM | 512 GB SSD Hard Drive",C8HS6AT,35499.0,42393.0,"HP 215 39.6 cm (15.6) Laptop Backpack worth ₹ 1,785",https://www.hp.com/in-en/shop/hp-255r-15-6-inch-g10-notebook-pc-c8hs6at.html,AMD Ryzen™ 3 processor,Unknown,"39.6 cm (15.6) diagonal, FHD, SVA display",AMD Radeon™ 660M Graphics,8 GB DDR5-4800 RAM,512 GB SSD Hard Drive,No,hp 215 39.6 cm (15.6) laptop backpack ,8.0,512,SSD,512,6894.0,AMD,Other,Normal,Integrated,Budget,1,0,False,17.0,,
"HP 255R 39.6 cm (15.6) G10 Business Laptop PC, Silver",0.0,"Compact and reliable, value-packed notebooks with essential business features to help you excel in hybrid work","AMD Ryzen™ 3 processor | FreeDOS 3.0 | 39.6 cm (15.6) diagonal, FHD, SVA display | AMD Radeon™ 660M Graphics | 16 GB DDR5-4800 RAM | 512 GB SSD Hard Drive",C8HS9AT,39999.0,47344.0,"HP 215 39.6 cm (15.6) Laptop Backpack worth ₹ 1,785",https://www.hp.com/in-en/shop/hp-255r-15-6-inch-g10-notebook-pc-c8hs9at.html,AMD Ryzen™ 3 processor,Unknown,"39.6 cm (15.6) diagonal, FHD, SVA display",AMD Radeon™ 660M Graphics,16 GB DDR5-4800 RAM,512 GB SSD Hard Drive,No,hp 215 39.6 cm (15.6) laptop backpack ,16.0,512,SSD,512,7345.0,AMD,Other,Normal,Integrated,Budget,1,0,False,33.0,,
"HP 240R 35.6 cm (14) G9 Business Laptop PC, Silver",3.8,"Compact and reliable, value-packed notebooks with essential business features to help you excel in hybrid work","13th Generation Intel® Core™ i3 processor | FreeDOS 3.0 | 35.6 cm (14) diagonal, display | Intel® UHD Graphics | 8 GB DDR4-3200 MT/s RAM | 512 GB SSD Solid State Drive",B10MRAT,40999.0,44156.0,"HP 215 39.6 cm (15.6) Laptop Backpack worth ₹ 1,785",https://www.hp.com/in-en/shop/hp-240r-g9-notebook-pc-b10mrat.html,13th Generation Intel® Core™ i3 processor,Unknown,"35.6 cm (14) diagonal, display",Intel® UHD Graphics,8 GB DDR4-3200 MT/s RAM,512 GB SSD Solid State Drive,No,hp 215 39.6 cm (15.6) laptop backpack ,8.0,512,SSD,512,3157.0,Intel,i3,Normal,Integrated,Budget,1,0,False,36.0,,
"HP 240R 35.6 cm (14) G10 Business Laptop PC, Silver",0.0,"Compact and reliable, value-packed notebooks with essential business features to help you excel in hybrid work","Intel® Core™ 3 processor | FreeDOS 3.0 | 35.6 cm (14) diagonal, FHD, IPS display | Intel® Graphics | 16 GB DDR4-3200 RAM | 512 GB SSD Hard Drive",C8HR8AT,41799.0,54445.0,"HP 215 39.6 cm (15.6) Laptop Backpack worth ₹ 1,785",https://www.hp.com/in-en/shop/hp-240r-14-inch-g10-notebook-pc-c8hr8at.html,Intel® Core™ 3 processor,Unknown,"35.6 cm (14) diagonal, FHD, IPS display",Intel® Graphics,16 GB DDR4-3200 RAM,512 GB SSD Hard Drive,No,hp 215 39.6 cm (15.6) laptop backpack ,16.0,512,SSD,512,12646.0,Intel,Other,Normal,Integrated,Budget,1,0,False,33.0,,
"HP 240R 35.6 cm (14) G10 Business Laptop PC, Silver",0.0,"Compact and reliable, value-packed notebooks with essential business features to help you excel in hybrid work","Intel® Core™ 3 processor | FreeDOS 3.0 | 35.6 cm (14) diagonal, HD, SVA display | Intel® Graphics | 8 GB DDR4-3200 RAM | 512 GB SSD Hard Drive",C8HR7AT,44099.0,49000.0,"HP 215 39.6 cm (15.6) Laptop Backpack worth ₹ 1,785",https://www.hp.com/in-en/shop/hp-240r-14-inch-g10-notebook-pc-c8hr7at.html,Intel® Core™ 3 processor,Unknown,"35.6 cm (14) diagonal, HD, SVA display",Intel® Graphics,8 GB DDR4-3200 RAM,512 GB SSD Hard Drive,No,hp 215 39.6 cm (15.6) laptop backpack ,8.0,512,SSD,512,4901.0,Intel,Other,Normal,Integrated,Budget,1,0,False,17.0,,
"HP Laptop 39.6 cm (15.6) 15-fd0573TU, Silver",0.0,A reliably built laptop to keep you in the zone,13th Generation Intel® Core™ i3 processor | Windows 11 Home | 39.6 cm (15.6) diagonal FHD display | Intel® UHD Graphics | 12 GB DDR4 RAM | 512 GB SSD Hard Drive,BG6E0PA,47499.0,53932.0,Microsoft Office Home 2024 Lifetime Subscription worth ₹9199.00,https://www.hp.com/in-en/shop/hp-laptop-15-fd0573tu-bg6e0pa.html,13th Generation Intel® Core™ i3 processor,Windows 11 Home,39.6 cm (15.6) diagonal FHD display,Intel® UHD Graphics,12 GB DDR4 RAM,512 GB SSD Hard Drive,Microsoft Office Home 2024 Lifetime Subscription worth ₹9199.00,none,12.0,512,SSD,512,6433.0,Intel,i3,Normal,Integrated,Budget,0,0,True,25.0,,
"HP Laptop 39.6 cm (15.6) 15-fc0389AU, Silver",0.0,Reliable computing yet stylish laptop that makes the wallet happy,AMD Ryzen™ 5-7430U processor | Windows 11 Home | 39.6 cm (15.6) diagonal FHD display | AMD Radeon™ Graphics | 16 GB DDR4-3200 RAM | 512 GB SSD Hard Drive,B7UV7PA,48000.0,55691.0,HP X Entry Backpack worth  ₹1999.00 | Microsoft Office Home 2024 Lifetime Subscription worth ₹9199.00 | 1 year Microsoft 365 basic subscription,https://www.hp.com/in-en/shop/hp-laptop-15-fc0389au-b7uv7pa.html,AMD Ryzen™ 5-7430U processor,Windows 11 Home,39.6 cm (15.6) diagonal FHD display,AMD Radeon™ Graphics,16 GB DDR4-3200 RAM,512 GB SSD Hard Drive,1 year Microsoft 365 basic subscription,hp x entry backpack ,16.0,512,SSD,512,7691.0,AMD,Other,Normal,Integrated,Budget,1,0,False,33.0,,
"HP 255 39.6 cm (15.6) G10 Notebook PC, Silver",0.0,Powered for business,"AMD Ryzen™ 7 processor | FreeDOS | 39.6 cm (15.6) diagonal, FHD display | AMD Radeon™ Graphics | 16 GB DDR4 RAM | 512 GB SSD Hard Drive",BJ3Q4PT,54999.0,64556.0,"HP 215 39.6 cm (15.6) Laptop Backpack worth ₹ 1,785",https://www.hp.com/in-en/shop/hp-255-15-6-g10-notebook-pc-bj3q4pt.html,AMD Ryzen™ 7 processor,Unknown,"39.6 cm (15.6) diagonal, FHD display",AMD Radeon™ Graphics,16 GB DDR4 RAM,512 GB SSD Hard Drive,No,hp 215 39.6 cm (15.6) laptop backpack ,16.0,512,SSD,512,9557.0,AMD,Other,Normal,Integrated,Mid-Range,1,0,False,33.0,,
"HP 250 39.6 cm (15.6) G10 Business Laptop PC, Silver",0.0,"Compact and reliable, value-packed notebooks with essential business features to help you excel in hybrid work","13th Generation Intel® Core™ i5 processor | FreeDOS 3.0 | 39.6 cm (15.6) diagonal, FHD display | Intel® Iris® Xᵉ Graphics | 16 GB DDR4-3200 RAM | 512 GB SSD Hard Drive",BJ3T3AT,56999.0,57245.0,,https://www.hp.com/in-en/shop/hp-250-15-6-g10-notebook-pc-bj3t3at.html,13th Generation Intel® Core™ i5 processor,Unknown,"39.6 cm (15.6) diagonal, FHD display",Intel® Iris® Xᵉ Graphics,16 GB DDR4-3200 RAM,512 GB SSD Hard Drive,No,none,16.0,512,SSD,512,246.0,Intel,i5,Normal,Integrated,Mid-Range,0,0,False,33.0,,
"HP 250R 39.6 cm (15.6) G10 Business Laptop PC, Silver",0.0,"Compact and reliable, value-packed notebooks with essential business features to help you excel in hybrid work","Intel® Core™ 5 processor | FreeDOS 3.0 | 39.6 cm (15.6) diagonal, FHD, SVA display | Intel® Graphics | 8 GB DDR4-3200 RAM | 512 GB SSD Hard Drive",C91T7AT,57799.0,65489.0,"HP 215 39.6 cm (15.6) Laptop Backpack worth ₹ 1,785",https://www.hp.com/in-en/shop/hp-250r-15-6-inch-g10-notebook-pc-c91t7at.html,Intel® Core™ 5 processor,Unknown,"39.6 cm (15.6) diagonal, FHD, SVA display",Intel® Graphics,8 GB DDR4-3200 RAM,512 GB SSD Hard Drive,No,hp 215 39.6 cm (15.6) laptop backpack ,8.0,512,SSD,512,7690.0,Intel,Other,Normal,Integrated,Mid-Range,1,0,False,17.0,,
"HP Laptop 35.6 cm (14) 14-ep0340TU, Silver",2.6,Reliable computing yet stylish laptop that makes the wallet happy,"13th Generation Intel® Core™ i5 processor | Windows 11 Home | 35.6 cm (14) diagonal, FHD display | Intel® UHD Graphics | 16 GB DDR4 RAM | 512 GB SSD Hard Drive",BG6D3PA,58999.0,73265.0,HP X Entry Backpack worth  ₹1999.00 | Microsoft Office Home 2024 Lifetime Subscription worth ₹9199.00 | 1 year Microsoft 365 basic subscription,https://www.hp.com/in-en/shop/hp-laptop-14-ep0340tu-bg6d3pa.html,13th Generation Intel® Core™ i5 processor,Windows 11 Home,"35.6 cm (14) diagonal, FHD display",Intel® UHD Graphics,16 GB DDR4 RAM,512 GB SSD Hard Drive,1 year Microsoft 365 basic subscription,hp x entry backpack ,16.0,512,SSD,512,14266.0,Intel,i5,Normal,Integrated,Mid-Range,1,0,False,46.0,,
"HP Laptop 39.6 cm (15.6) 15-fd1353TU, Silver",0.0,Reliable computing yet stylish laptop that makes the wallet happy,"Intel® Core™ Ultra 5-125H processor | Windows 11 Home Single Language | 39.6 cm (15.6) diagonal FHD, IPS, anti-glare display | Intel® Arc™ Graphics | 16 GB DDR5-5600 RAM | 512 GB SSD Hard Drive",C72X5PA,68499.0,76294.0,HP X Entry Backpack worth  ₹1999.00,https://www.hp.com/in-en/shop/hp-laptop-15-fd1353tu-c72x5pa.html,Intel® Core™ Ultra 5-125H processor,Windows 11 Home Single Language,"39.6 cm (15.6) diagonal FHD, IPS, anti-glare display",Intel® Arc™ Graphics,16 GB DDR5-5600 RAM,512 GB SSD Hard Drive,No,hp x entry backpack ,16.0,512,SSD,512,7795.0,Intel,Other,Normal,Integrated,Mid-Range,1,0,False,33.0,,
"HP Laptop 15-fr0025TU, Silver",3.0,"HP PCs are built with dependable technology, next-level power, and rock-solid performance.",13th Generation Intel® Core™ i7-13620H processor | Windows 11 Home | 39.6 cm (15.6) diagonal FHD display | Intel® UHD Graphics | 16 GB DDR4 RAM | 512 GB SSD Hard Drive,BZ5F7PA,70500.0,77506.0,HP X Entry Backpack worth  ₹1999.00 | Microsoft Office Home 2024 Lifetime Subscription worth ₹9199.00,https://www.hp.com/in-en/shop/hp-laptop-15-fr0025tu-bz5f7pa.html,13th Generation Intel® Core™ i7-13620H processor,Windows 11 Home,39.6 cm (15.6) diagonal FHD display,Intel® UHD Graphics,16 GB DDR4 RAM,512 GB SSD Hard Drive,Microsoft Office Home 2024 Lifetime Subscription worth ₹9199.00,hp x entry backpack ,16.0,512,SSD,512,7006.0,Intel,i7,Normal,Integrated,Mid-Range,1,0,True,48.0,,
"HP ProBook 445 35.6 cm (14) G11 Business Laptop PC, Silver",0.0,Affordable devices designed with business in mind; commercial grade features with durable design,"AMD Ryzen™ 5 processor | Windows 11 Pro | 35.6 cm (14) diagonal, WUXGA, IPS display | AMD Radeon™ 660M Graphics | 16 GB DDR5-4800 RAM | 512 GB SSD Hard Drive",CD9A5PT,74599.0,77778.0,"HP 215 39.6 cm (15.6) Laptop Backpack worth ₹ 1,785",https://www.hp.com/in-en/shop/hp-probook-445-14-inch-g11-notebook-pc-cd9a5pt.html,AMD Ryzen™ 5 processor,Windows 11 Pro,"35.6 cm (14) diagonal, WUXGA, IPS display",AMD Radeon™ 660M Graphics,16 GB DDR5-4800 RAM,512 GB SSD Hard Drive,No,hp 215 39.6 cm (15.6) laptop backpack ,16.0,512,SSD,512,3179.0,AMD,Other,Normal,Integrated,Mid-Range,1,0,False,33.0,,
"HP EliteBook 845 35.6 cm (14) G11 Notebook PC, Silver",0.0,The enterprise notebook that’s anything but ordinary,AMD Ryzen™ 7 processor | Windows 11 Pro | 35.6 cm (14) diagonal WUXGA display | AMD Radeon™ 780M Graphics | 16 GB DDR5-5600 RAM | 1 TB SSD Hard Drive,B85PYPT,116533.0,129889.0,"HP 215 39.6 cm (15.6) Laptop Backpack worth ₹ 1,785",https://www.hp.com/in-en/shop/hp-elitebook-845-14-inch-g11-notebook-pc-b85pypt.html,AMD Ryzen™ 7 processor,Windows 11 Pro,35.6 cm (14) diagonal WUXGA display,AMD Radeon™ 780M Graphics,16 GB DDR5-5600 RAM,1 TB SSD Hard Drive,No,hp 215 39.6 cm (15.6) laptop backpack ,8.0,1,SSD,1024,17390.0,AMD,Ryzen 3,Premium,Integrated,Premium,0,0,False,34.0,"Mouse, MS Office",Lenovo
"HP ZBook Firefly 35.6 cm (14) G11 Mobile Workstation PC, Silver",3.0,"Recommended for  2D and light 3D workflows, photography, and for running multiple large Microsoft Office files.",AMD Ryzen™ 5 processor | FreeDOS | 35.6 cm (14) diagonal WUXGA display | Intel® UMA Graphics | 16 GB DDR5-5600 RAM | 512 GB SSD Solid State Drive,B7EQ4PT,80031.0,158695.0,"FREE Bag (35L98AA) worth ₹ 1,785",https://www.hp.com/in-en/shop/hp-zbook-firefly-14-g11-a-mobile-workstation-pc-b7eq4pt.html,AMD Ryzen™ 5 processor,Unknown,35.6 cm (14) diagonal WUXGA display,Intel® UMA Graphics,16 GB DDR5-5600 RAM,512 GB SSD Solid State Drive,No,free bag (35l98aa) ,16.0,512,SSD,512,82160.0,Intel,i3,Normal,Integrated,Premium,0,0,False,48.0,"Backpack, Mouse, MS Office",Lenovo
"HP ProBook 4 G1i 35.6 cm (14) Laptop AI PC, Silver",0.0,Affordable devices designed with business in mind; commercial grade features with durable design,"Intel® Core™ Ultra 7 processor | Windows 11 Pro | 35.6 cm (14) diagonal, WUXGA, IPS display | Intel® Graphics | 32 GB DDR5-5600 RAM | 512 GB SSD Hard Drive",CK2F6PA,152392.0,150920.0,,https://www.hp.com/in-en/shop/hp-probook-4-g1i-14-inch-notebook-ai-pc-ck2f6pa.html,Intel® Core™ Ultra 7 processor,Windows 11 Pro,"35.6 cm (14) diagonal, WUXGA, IPS display",Intel® Graphics,32 GB DDR5-5600 RAM,512 GB SSD Hard Drive,No,none,8.0,512,SSD,256,921.0,Intel,i7,Premium,Integrated,Premium,0,0,False,65.0,"Backpack, Mouse, MS Office",Lenovo
"HP EliteBook 640 35.6 cm (14) G11 Business Laptop PC, Silver",0.0,Devices that maximize business value to enterprise employees across all hybrid workstyles,"Intel® Core™ Ultra 5 processor | Windows 11 Pro | 35.6 cm (14) diagonal, WUXGA, IPS display | Intel® Graphics | 16 GB DDR5-5600 RAM | 512 GB SSD Hard Drive",B7TU5PT,115590.0,127112.0,,https://www.hp.com/in-en/shop/hp-elitebook-640-14-g11-notebook-pc-b7tu5pt.html,Intel® Core™ Ultra 5 processor,Windows 11 Pro,"35.6 cm (14) diagonal, WUXGA, IPS display",Intel® Graphics,16 GB DDR5-5600 RAM,512 GB SSD Hard Drive,No,none,32.0,512,SSD,512,10077.0,Intel,i5,Premium,Integrated,Premium,0,1,False,33.0,"Mouse, MS Office",Lenovo
"HP 240 35.6 cm (14) G10 Business Laptop PC, Silver",0.0,"Compact and reliable, value-packed notebooks with essential business features to help you excel in hybrid work","13th Generation Intel® Core™ i3 processor | Windows 11 Pro | 35.6 cm (14) diagonal, FHD, IPS display | Intel® UHD Graphics | 8 GB DDR4-3200 RAM | 512 GB SSD Hard Drive",BN2M6AT,61305.0,59945.0,,https://www.hp.com/in-en/shop/hp-240-14-inch-g10-notebook-pc-bn2m6at.html,13th Generation Intel® Core™ i3 processor,Windows 11 Pro,"35.6 cm (14) diagonal, FHD, IPS display",Intel® UHD Graphics,8 GB DDR4-3200 RAM,512 GB SSD Hard Drive,No,none,16.0,512,SSD,512,1946.0,Intel,i5,Normal,Integrated,Mid-Range,0,1,False,17.0,"Backpack, Mouse, MS Office",Lenovo
"HP OMEN Gaming Laptop 16-am0279TX, Black",5.0,Bold performance without the burnout,"14th generation Intel® Core™ i9 processor | Windows 11 Home | 40.6 cm (16) diagonal, 2K, IPS, anti-glare, Low Blue Light, 165 Hz, 400 nits display | NVIDIA® GeForce RTX™ 5060 8GB | 24 GB DDR5-5600 RAM (Upgradeable) | 1 TB SSD Hard Drive",C57F3PA,170237.0,191099.0,Microsoft Office Home 2024 Lifetime Subscription worth ₹9199.00 | 1 year Microsoft 365 basic subscription,https://www.hp.com/in-en/shop/hp-omen-gaming-laptop-16-am0279tx-c57f3pa.html,14th generation Intel® Core™ i9 processor,Windows 11 Home,"40.6 cm (16) diagonal, 2K, IPS, anti-glare, Low Blue Light, 165 Hz, 400 nits display",Integrated,24 GB DDR5-5600 RAM (Upgradeable),1 TB SSD Hard Drive,1 year Microsoft 365 basic subscription,none,16.0,1,SSD,512,25100.0,AMD,Ryzen 3,Premium,Integrated,Premium,0,1,False,75.0,"Backpack, Mouse, MS Office",Lenovo
"HP Pavilion 40.6 cm (16) Laptop 16-ag0019AU, Silver",4.3333,Create on a PC that has all the power you need,"AMD Ryzen™ 5 processor | Windows 11 Home | 40.6 cm (16) diagonal, WUXGA IPS display | AMD Radeon™ Graphics | 16 GB LPDDR5 RAM | 512 GB SSD Hard Drive",A1UD7PA,71114.0,76923.0,"HP 310 15.6 Laptop Backpack worth ₹2,999.00",https://www.hp.com/in-en/shop/hp-pavilion-laptop-16-ag0019au-a1ud7pa.html,AMD Ryzen™ 5 processor,Windows 11 Home,"40.6 cm (16) diagonal, WUXGA IPS display",AMD Radeon™ Graphics,16 GB LPDDR5 RAM,512 GB SSD Hard Drive,No,hp 310 15.6 laptop backpack ,8.0,512,SSD,1024,10424.0,Intel,i3,Normal,Integrated,Mid-Range,1,1,False,54.6665,"Backpack, Mouse, MS Office",Lenovo
"HP 240R 35.6 cm (14) G10 Business Laptop PC, Silver",0.0,"Compact and reliable, value-packed notebooks with essential business features to help you excel in hybrid work","Intel® Core™ 5 processor | Windows 11 Pro | 35.6 cm (14) diagonal, FHD IPS display | Intel® Graphics | 16 GB DDR4-3200 RAM | 512 GB SSD Hard Drive",C8HS3AT,73992.0,85245.0,"HP 215 39.6 cm (15.6) Laptop Backpack worth ₹ 1,785",https://www.hp.com/in-en/shop/hp-240r-14-inch-g10-notebook-pc-c8hs3at.html,Intel® Core™ 5 processor,Windows 11 Pro,"35.6 cm (14) diagonal, FHD IPS display",Intel® Graphics,16 GB DDR4-3200 RAM,512 GB SSD Hard Drive,No,hp 215 39.6 cm (15.6) laptop backpack ,32.0,512,SSD,512,10146.0,AMD,Ryzen 3,Normal,Integrated,Mid-Range,1,1,False,33.0,"Backpack, Mouse, MS Office",Lenovo
HP ZBook Firefly 35.6 cm (14) G11 Mobile Workstation PC,3.8,"Recommended for  2D and light 3D workflows, photography, and for running multiple large Microsoft Office files.","Intel® Core™ Ultra 7 processor | Windows 11 Pro | 35.6 cm (14) diagonal, WUXGA display | NVIDIA RTX™ A500 Graphics | 32 GB DDR5-5600 RAM | 1 TB SSD Solid State Drive",A1VL1PT,164168.0,268618.0,,https://www.hp.com/in-en/shop/hp-zbook-firefly-14-g11-mobile-workstation-pc-a1vl1pt.html,Intel® Core™ Ultra 7 processor,Windows 11 Pro,"35.6 cm (14) diagonal, WUXGA display",NVIDIA RTX™ A500 Graphics,32 GB DDR5-5600 RAM,1 TB SSD Solid State Drive,No,none,16.0,1,SSD,512,102619.0,AMD,Ryzen 5,Premium,Dedicated,Premium,1,0,False,85.0,,Lenovo
"HP ProBook 440 35.6 cm (14) G10 Business Laptop PC, Silver",4.0,"Essential, commercial-grade features","13th Generation Intel® Core™ i7 processor | Windows 11 Pro | 35.6 cm (14) diagonal, FHD, IPS display | Intel® UHD Graphics | 16 GB DDR4 RAM | 1 TB SSD Hard Drive",B83ZJAT,105472.0,119778.0,"HP 215 39.6 cm (15.6) Laptop Backpack worth ₹ 1,785",https://www.hp.com/in-en/shop/hp-probook-440-14-g10-notebook-pc-b83zjat.html,13th Generation Intel® Core™ i7 processor,Windows 11 Pro,"35.6 cm (14) diagonal, FHD, IPS display",Intel® UHD Graphics,16 GB DDR4 RAM,1 TB SSD Hard Drive,No,hp 215 39.6 cm (15.6) laptop backpack ,16.0,1,SSD,256,14779.0,Intel,i5,Premium,Integrated,Premium,1,1,False,54.0,"Backpack, Mouse, MS Office",Lenovo
"HP EliteBook X G1a 35.6 cm (14) Notebook Next Gen AI PC, Silver",0.0,Copilot+ PC.The game-changing AI PC tech experts dream about,AMD Ryzen™ AI 9 processor | Windows 11 Pro | 35.6 cm (14) diagonal 2.8K OLED touch display | AMD Radeon™ 890M Graphics | 64 GB LPDDR5x RAM | 1 TB SSD Hard Drive,B85W7PT,216668.0,246667.0,"HP 215 39.6 cm (15.6) Laptop Backpack worth ₹ 1,785",https://www.hp.com/in-en/shop/hp-elitebook-x-g1a-14-inch-notebook-next-gen-ai-pc-b85w7pt.html,AMD Ryzen™ AI 9 processor,Windows 11 Pro,35.6 cm (14) diagonal 2.8K OLED touch display,AMD Radeon™ 890M Graphics,64 GB LPDDR5x RAM,1 TB SSD Hard Drive,No,hp 215 39.6 cm (15.6) laptop backpack ,16.0,1,SSD,256,25668.0,AMD,Ryzen 7,Premium,Integrated,Premium,1,1,False,130.0,"Backpack, Mouse, MS Office",Lenovo
"HP OMEN Gaming Laptop 16, Black, Ryzen AI 5 340 (6C), RTX 5050 8GB, 16 GB",0.0,Copilot+ PC.Pro Gaming. Built for unbelievable speed and immersive gameplay.,"AMD Ryzen™ AI 5 340 (6C) processor | Windows 11 Home | 40.6 cm (16) diagonal, 2K, IPS, anti-glare, Low Blue Light, 165 Hz, 400 nits display | NVIDIA® GeForce RTX™ 5050 8GB | 16 GB DDR5 RAM | 1 TB SSD Hard Drive",C1NW1PA,145608.0,162996.0,Microsoft Office Home 2024 Lifetime Subscription worth ₹9199.00 | Microsoft Xbox Game Pass 3 month,https://www.hp.com/in-en/shop/hp-omen-gaming-laptop-16-ap0067ax-c1nw1pa.html,AMD Ryzen™ AI 5 340 (6C) processor,Windows 11 Home,"40.6 cm (16) diagonal, 2K, IPS, anti-glare, Low Blue Light, 165 Hz, 400 nits display",Integrated,16 GB DDR5 RAM,1 TB SSD Hard Drive,Microsoft Xbox Game Pass 3 month,none,8.0,1,SSD,512,17997.0,Intel,i7,Premium,Integrated,Premium,1,1,False,34.0,"Backpack, Mouse, MS Office",Lenovo
HP ZBook Power 40.6 cm (16) G11 Mobile Workstation PC,3.8,"Recommended for  2D and light 3D workflows, photography, and for running multiple large Microsoft Office files.",Intel® Core™ Ultra 7 processor | Windows 11 Pro | 40.6 cm (16) diagonal WUXGA display | NVIDIA RTX™ A500 graphics | 16 GB DDR5-5600 RAM | 1 TB SSD Solid State Drive,A8WN3PT,187622.0,279605.0,,https://www.hp.com/in-en/shop/hp-zbook-power-16-g11-mobile-workstation-pc-a8wn3pt.html,Intel® Core™ Ultra 7 processor,Windows 11 Pro,40.6 cm (16) diagonal WUXGA display,NVIDIA RTX™ A500 graphics,16 GB DDR5-5600 RAM,1 TB SSD Solid State Drive,No,none,8.0,1,SSD,512,91606.0,Intel,i5,Premium,Dedicated,Premium,0,0,False,53.0,"Backpack, Mouse, MS Office",Lenovo
"HP OMEN 40.6 cm (16.1) Gaming Laptop 16-am0241TX, Black",5.0,Bold performance without the burnout,"14th Generation Intel® Core™ i7 processor | Windows 11 Home | 40.6 cm (16) diagonal, 2K, 165Hz, IPS, anti-glare, Low Blue Light, 400 nits display | NVIDIA® GeForce RTX™ 5050 8 GB | 24 GB DDR5-5600 RAM | 1 TB SSD Hard Drive",C25MXPA,146882.0,162996.0,Microsoft Office Home 2024 Lifetime Subscription worth ₹9199.00 | 1 year Microsoft 365 basic subscription,https://www.hp.com/in-en/shop/hp-omen-gaming-laptop-16-am0241tx-c25mxpa.html,14th Generation Intel® Core™ i7 processor,Windows 11 Home,"40.6 cm (16) diagonal, 2K, 165Hz, IPS, anti-glare, Low Blue Light, 400 nits display",Integrated,24 GB DDR5-5600 RAM,1 TB SSD Hard Drive,1 year Microsoft 365 basic subscription,none,8.0,1,SSD,256,20997.0,Intel,i3,Premium,Integrated,Premium,0,1,False,75.0,"Backpack, Mouse, MS Office",Lenovo
"HP ProBook 4 35.6 cm (14) G1iR Business Laptop PC, Silver",0.0,Affordable devices designed with business in mind; commercial grade features with durable design,"13th Generation Intel® Core™ i5 processor | Windows 11 Pro | 35.6 cm (14) diagonal, WUXGA IPS display | Intel® Iris® Xᵉ Graphics | 16 GB DDR5-5600 RAM | 1 TB SSD Hard Drive",C22NJAT,104335.0,112778.0,"HP 215 39.6 cm (15.6) Laptop Backpack worth ₹ 1,785",https://www.hp.com/in-en/shop/hp-probook-4-g1ir-14-inch-notebook-pc-c22njat.html,13th Generation Intel® Core™ i5 processor,Windows 11 Pro,"35.6 cm (14) diagonal, WUXGA IPS display",Intel® Iris® Xᵉ Graphics,16 GB DDR5-5600 RAM,1 TB SSD Hard Drive,No,hp 215 39.6 cm (15.6) laptop backpack ,16.0,1,SSD,256,11279.0,Intel,i3,Premium,Integrated,Premium,1,1,False,34.0,"Backpack, Mouse",Lenovo
"HP OMEN Gaming Laptop 16, Black, Core 7 - 240H (10C), RTX 5060 8GB, 16 GB",0.0,Bold performance without the burnout,"Intel® Core™ 7 240H (10C) processor | Windows 11 Home | 40.6 cm (16) diagonal, 2K, IPS, anti-glare, Low Blue Light, 165 Hz, 400 nits display | NVIDIA® GeForce RTX™ 5060 8GB | 16 GB DDR5 RAM | 1 TB SSD Hard Drive",BP3Y6PA,140912.0,154003.0,Microsoft Office Home 2024 Lifetime Subscription worth ₹9199.00 | Microsoft Xbox Game Pass 3 month,https://www.hp.com/in-en/shop/hp-omen-gaming-laptop-16-am0078tx-bp3y6pa.html,Intel® Core™ 7 240H (10C) processor,Windows 11 Home,"40.6 cm (16) diagonal, 2K, IPS, anti-glare, Low Blue Light, 165 Hz, 400 nits display",Integrated,16 GB DDR5 RAM,1 TB SSD Hard Drive,Microsoft Xbox Game Pass 3 month,none,32.0,1,SSD,512,17004.0,AMD,Ryzen 7,Premium,Integrated,Premium,0,1,False,34.0,"Backpack, Mouse, MS Office",Lenovo
"HP EliteBook 6 G1i 35.6 cm (14) Notebook Next Gen AI PC, Silver",0.0,AI-ready for enterprise productivity,"Intel® Core™ Ultra 7 processor | Windows 11 Pro | 35.6 cm (14) diagonal WUXGA, IPS, 800 nits display | Intel® Graphics | 64 GB DDR5-5600 RAM | 1 TB SSD Hard Drive",BQ8J8PT,201778.0,206534.0,,https://www.hp.com/in-en/shop/hp-elitebook-6-g1i-14-inch-notebook-next-gen-ai-pc-bq8j8pt.html,Intel® Core™ Ultra 7 processor,Windows 11 Pro,"35.6 cm (14) diagonal WUXGA, IPS, 800 nits display",Intel® Graphics,64 GB DDR5-5600 RAM,1 TB SSD Hard Drive,No,none,16.0,1,SSD,1024,1535.0,Intel,i7,Premium,Integrated,Premium,1,1,False,130.0,,Lenovo
"HP 240R 35.6 cm (14) G10 Business Laptop PC, Silver",0.0,"Compact and reliable, value-packed notebooks with essential business features to help you excel in hybrid work","Intel® Core™ 5 processor | Windows 11 Pro | 35.6 cm (14) diagonal, FHD IPS display | Intel® Graphics | 16 GB DDR4-3200 RAM | 512 GB SSD Hard Drive",C8HS3AT,79663.0,85245.0,"HP 215 39.6 cm (15.6) Laptop Backpack worth ₹ 1,785",https://www.hp.com/in-en/shop/hp-240r-14-inch-g10-notebook-pc-c8hs3at.html,Intel® Core™ 5 processor,Windows 11 Pro,"35.6 cm (14) diagonal, FHD IPS display",Intel® Graphics,16 GB DDR4-3200 RAM,512 GB SSD Hard Drive,No,hp 215 39.6 cm (15.6) laptop backpack ,32.0,512,SSD,512,10146.0,AMD,Ryzen 3,Normal,Integrated,Mid-Range,0,0,False,33.0,"Backpack, Mouse, MS Office",Lenovo
"HP OMEN MAX Gaming Laptop 16, Black, Ryzen AI 7 350 (8C), RTX 5070 8GB, 32 GB",0.0,Copilot+ PC.Pro Gaming. Built for unbelievable speed and immersive gameplay.,"AMD Ryzen™ AI 7 350 (8C) processor | Windows 11 Home | 40.6 cm (16) diagonal, 2K, IPS, anti-glare, Low Blue Light, 165 Hz, 400 nits display | NVIDIA® GeForce RTX™ 5070 8 GB | 32 GB DDR5 RAM | 1 TB SSD Hard Drive",BE6Z6PA,187447.0,213581.0,Microsoft Office Home 2024 Lifetime Subscription worth ₹9199.00 | Microsoft Xbox Game Pass 3 month,https://www.hp.com/in-en/shop/hp-omen-max-gaming-laptop-16-ak0021ax-be6z6pa.html,AMD Ryzen™ AI 7 350 (8C) processor,Windows 11 Home,"40.6 cm (16) diagonal, 2K, IPS, anti-glare, Low Blue Light, 165 Hz, 400 nits display",Integrated,32 GB DDR5 RAM,1 TB SSD Hard Drive,Microsoft Xbox Game Pass 3 month,none,8.0,1,SSD,256,23582.0,Intel,i5,Premium,Integrated,Premium,1,1,False,66.0,"Backpack, Mouse, MS Office",Lenovo
"HP Laptop 39.6 cm (15.6) 15-fd0640TU, Silver",4.5,A reliably built laptop to keep you in the zone,Intel® Core™ 5-120U processor | Windows 11 Home | 39.6 cm (15.6) diagonal FHD display | Intel® UHD Graphics | 16 GB DDR4-3200 RAM | 512 GB SSD Hard Drive,BX9R8PA,57504.0,69629.0,HP X Entry Backpack worth  ₹1999.00 | Microsoft Office Home 2024 Lifetime Subscription worth ₹9199.00 | 1 year Microsoft 365 basic subscription,https://www.hp.com/in-en/shop/hp-laptop-15-fd0640tu-bx9r8pa.html,Intel® Core™ 5-120U processor,Windows 11 Home,39.6 cm (15.6) diagonal FHD display,Intel® UHD Graphics,16 GB DDR4-3200 RAM,512 GB SSD Hard Drive,1 year Microsoft 365 basic subscription,hp x entry backpack ,16.0,512,SSD,256,10130.0,Intel,i3,Normal,Integrated,Mid-Range,0,1,False,55.5,"Backpack, Mouse, MS Office",Lenovo
"HP OmniBook 5 40.6 cm (16) Next Gen AI 16-fb0001QU, Silver",0.0,Copilot+ PC.The upgrade you need from HP Pavilion. Excellent for students and families.,"Snapdragon® X processor | Next-Gen Windows | 40.6 cm (16) diagonal, 2K, OLED, UWVA, Low Blue Light display | Qualcomm® Adreno™ GPU | 16 GB LPDDR5x-8448 RAM | 1 TB SSD Hard Drive",C40F2PA,77872.0,87095.0,Microsoft Office Home 2024 Lifetime Subscription worth ₹9199.00,https://www.hp.com/in-en/shop/hp-omnibook-5-laptop-next-gen-ai-16-fb0001qu-c40f2pa.html,Snapdragon® X processor,Next-Gen Windows,"40.6 cm (16) diagonal, 2K, OLED, UWVA, Low Blue Light display",Integrated,16 GB LPDDR5x-8448 RAM,1 TB SSD Hard Drive,Microsoft Office Home 2024 Lifetime Subscription worth ₹9199.00,none,8.0,1,SSD,256,9596.0,AMD,Ryzen 3,Normal,Integrated,Mid-Range,1,1,True,34.0,Mouse,Lenovo
"HP OMEN Gaming Laptop 16-am0277TX, Black",0.0,Bold performance without the burnout,"Intel® Core™ 7 processor | Windows 11 Home | 40.6 cm (16) diagonal, 2K, IPS, anti-glare, Low Blue Light, 165 Hz, 400 nits display | NVIDIA® GeForce RTX™ 5050 8GB | 24 GB DDR5-5600 RAM (Upgradeable) | 1 TB SSD Hard Drive",C5BW1PA,129660.0,146134.0,Microsoft Office Home 2024 Lifetime Subscription worth ₹9199.00 | 1 year Microsoft 365 basic subscription,https://www.hp.com/in-en/shop/hp-omen-gaming-laptop-16-am0277tx-c5bw1pa.html,Intel® Core™ 7 processor,Windows 11 Home,"40.6 cm (16) diagonal, 2K, IPS, anti-glare, Low Blue Light, 165 Hz, 400 nits display",Integrated,24 GB DDR5-5600 RAM (Upgradeable),1 TB SSD Hard Drive,1 year Microsoft 365 basic subscription,none,8.0,1,SSD,1024,16635.0,AMD,Ryzen 3,Premium,Integrated,Premium,0,1,False,50.0,"Backpack, Mouse, MS Office",Lenovo
"HP ZBook 8 G1i 40.6 cm (16) Mobile Workstation PC, Silver",0.0,Step up performance. Not size.,"Intel® Core™ Ultra 7 processor | Windows 11 Pro | 40.6 cm (16) diagonal, WUXGA IPS display | Intel® UMA Graphics | 32 GB DDR5-5600 RAM | 1 TB SSD Solid State Drive",C1JP4PT,154510.0,244045.0,"HP 215 39.6 cm (15.6) Laptop Backpack worth ₹ 1,785",https://www.hp.com/in-en/shop/hp-zbook-8-g1i-16-inch-mobile-workstation-pc-data-science-c1jp4pt.html,Intel® Core™ Ultra 7 processor,Windows 11 Pro,"40.6 cm (16) diagonal, WUXGA IPS display",Intel® UMA Graphics,32 GB DDR5-5600 RAM,1 TB SSD Solid State Drive,No,hp 215 39.6 cm (15.6) laptop backpack ,32.0,1,SSD,256,92046.0,Intel,i5,Premium,Integrated,Premium,1,1,False,66.0,"Mouse, MS Office",Lenovo
"HP ProBook 4 35.6 cm (14) G1iR Business Laptop PC, Silver",0.0,Affordable devices designed with business in mind; commercial grade features with durable design,"13th Generation Intel® Core™ i5 processor | FreeDOS | 35.6 cm (14) diagonal, WUXGA IPS display | Intel® Iris® Xᵉ Graphics | 8 GB DDR5-5600 RAM | 512 GB SSD Hard Drive",C22NLAT,76544.0,82445.0,"HP 215 39.6 cm (15.6) Laptop Backpack worth ₹ 1,785",https://www.hp.com/in-en/shop/hp-probook-4-g1ir-14-inch-notebook-pc-c22nlat.html,13th Generation Intel® Core™ i5 processor,Unknown,"35.6 cm (14) diagonal, WUXGA IPS display",Intel® Iris® Xᵉ Graphics,8 GB DDR5-5600 RAM,512 GB SSD Hard Drive,No,hp 215 39.6 cm (15.6) laptop backpack ,8.0,512,SSD,512,2946.0,Intel,i3,Normal,Integrated,Mid-Range,1,0,False,17.0,"Backpack, Mouse, MS Office",Lenovo
"HP Laptop 39.6 cm (15.6) 15-fd0682TU, Silver",0.0,Reliable computing yet stylish laptop that makes the wallet happy,"Intel® Core™ 5-120U processor | Windows 11 Home Single Language | 39.6 cm (15.6) diagonal, FHD, anti-glare display | Intel® UHD Graphics | 16 GB DDR4-3200 RAM | 512 GB SSD Hard Drive",C27FBPA,57431.0,71446.0,Microsoft Office Home 2024 Lifetime Subscription worth ₹9199.00 | 1 year Microsoft 365 basic subscription,https://www.hp.com/in-en/shop/hp-laptop-15-fd0682tu-c27fbpa.html,Intel® Core™ 5-120U processor,Windows 11 Home Single Language,"39.6 cm (15.6) diagonal, FHD, anti-glare display",Intel® UHD Graphics,16 GB DDR4-3200 RAM,512 GB SSD Hard Drive,1 year Microsoft 365 basic subscription,none,32.0,512,SSD,1024,10947.0,AMD,Ryzen 3,Normal,Integrated,Mid-Range,1,1,False,33.0,"Backpack, Mouse, MS Office",Lenovo
HP ZBook Power 40.6 cm (16) G11 Mobile Workstation PC,3.8,"Recommended for  2D and light 3D workflows, photography, and for running multiple large Microsoft Office files.",Intel® Core™ Ultra 7 processor | Windows 11 Pro | 40.6 cm (16) diagonal WUXGA display | NVIDIA RTX™ A1000 Laptop GPU | 32 GB DDR5-5600 RAM | 1 TB SSD Solid State Drive,A8WN0PT,213617.0,318733.0,,https://www.hp.com/in-en/shop/hp-zbook-power-16-g11-mobile-workstation-pc-a8wn0pt.html,Intel® Core™ Ultra 7 processor,Windows 11 Pro,40.6 cm (16) diagonal WUXGA display,Integrated,32 GB DDR5-5600 RAM,1 TB SSD Solid State Drive,No,none,8.0,1,SSD,512,107234.0,Intel,i5,Premium,Integrated,Premium,0,1,False,85.0,"Backpack, Mouse, MS Office",Lenovo
"HP Laptop 39.6 cm (15.6) 15-fc0388AU, Silver",4.0,"A powerful, sleek laptop for getting things done everyday",AMD Ryzen™ 5-7430U processor | Windows 11 Home Single Language | 39.6 cm (15.6) diagonal FHD display | AMD Radeon™ Graphics | 8 GB DDR4-3200 RAM | 512 GB SSD Hard Drive,B7UV6PA,36360.0,50843.0,HP X Entry Backpack worth  ₹1999.00 | Microsoft Office Home 2024 Lifetime Subscription worth ₹9199.00 | 1 year Microsoft 365 basic subscription,https://www.hp.com/in-en/shop/hp-laptop-15-fc0388au-b7uv6pa.html,AMD Ryzen™ 5-7430U processor,Windows 11 Home Single Language,39.6 cm (15.6) diagonal FHD display,AMD Radeon™ Graphics,8 GB DDR4-3200 RAM,512 GB SSD Hard Drive,1 year Microsoft 365 basic subscription,hp x entry backpack ,32.0,512,SSD,1024,11834.0,Intel,i7,Normal,Integrated,Budget,1,0,False,37.0,"Mouse, MS Office",Lenovo
HP ZBook Firefly 40.6 cm (16) G11 Mobile Workstation PC,5.0,"Recommended for  2D and light 3D workflows, photography, and for running multiple large Microsoft Office files.","Intel® Core™ Ultra 7 processor | Windows 11 Pro | 40.6 cm (16) diagonal, WUXGA display | NVIDIA RTX™ A500 Graphics | 16 GB DDR5-5600 MHz RAM | 1 TB SSD Solid State Drive",A1VX6PT,159024.0,237854.0,,https://www.hp.com/in-en/shop/hp-zbook-firefly-16-g11-mobile-workstation-pc-a1vx6pt.html,Intel® Core™ Ultra 7 processor,Windows 11 Pro,"40.6 cm (16) diagonal, WUXGA display",NVIDIA RTX™ A500 Graphics,16 GB DDR5-5600 MHz RAM,1 TB SSD Solid State Drive,No,none,32.0,1,SSD,512,80355.0,Intel,i5,Premium,Dedicated,Premium,0,1,False,59.0,,Lenovo
"HP Laptop 39.6 cm (15.6) 15-fd1354TU, Silver",0.0,Reliable computing yet stylish laptop that makes the wallet happy,"Intel® Core™ Ultra 5-125H processor | Windows 11 Home Single Language | 39.6 cm (15.6) diagonal FHD, IPS, anti-glare display | Intel® Arc™ Graphics | 16 GB DDR5-5600 RAM | 1 TB SSD Hard Drive",C72QKPA,74658.0,79930.0,HP X Entry Backpack worth  ₹1999.00,https://www.hp.com/in-en/shop/hp-laptop-15-fd1354tu-c72qkpa.html,Intel® Core™ Ultra 5-125H processor,Windows 11 Home Single Language,"39.6 cm (15.6) diagonal FHD, IPS, anti-glare display",Intel® Arc™ Graphics,16 GB DDR5-5600 RAM,1 TB SSD Hard Drive,No,hp x entry backpack ,32.0,1,SSD,1024,8931.0,AMD,Ryzen 5,Normal,Integrated,Mid-Range,1,0,False,34.0,,Lenovo
"HP Elitebook Ultra 35.6 cm (14) G1q Business Laptop AI PC, Blue",5.0,Copilot+ PC.Lead the way with this sophisticated next-gen AI PC,Qualcomm® Snapdragon™ processor | Windows 11 Pro | 35.6 cm (14) diagonal 2.2K touch display supports Qualcomm® Adreno™ | 16 GB LPDDR5x-8400 RAM | 1 TB SSD Hard Drive,A5KJ7PA,171665.0,,,https://www.hp.com/in-en/shop/elitebook-ultra-g1q-business-laptop-ai-pc.html,Qualcomm® Snapdragon™ processor,Windows 11 Pro,35.6 cm (14) diagonal 2.2K touch display supports Qualcomm® Adreno™,Integrated,16 GB LPDDR5x-8400 RAM,1 TB SSD Hard Drive,No,none,8.0,1,SSD,256,,Intel,i7,Premium,Integrated,Premium,1,1,False,59.0,"Mouse, MS Office",Lenovo
"HP OMEN Gaming Laptop 16, Black, Ultra 7-255H (16C), RTX 5070 8GB, 24 GB",0.0,Bold performance without the burnout,"Intel® Core™ Ultra 7 processor | Windows 11 Home | 40.6 cm (16) diagonal, 2K, 165 Hz, IPS, anti-glare, 400 nits | NVIDIA® GeForce RTX™ 5070 8GB | 24 GB DDR5 RAM (Upgradeable) | 1 TB SSD Hard Drive",C8JZ4PA,175491.0,196719.0,Microsoft Office Home 2024 Lifetime Subscription worth ₹9199.00,https://www.hp.com/in-en/shop/hp-omen-gaming-laptop-16-am0303tx-c8jz4pa.html,Intel® Core™ Ultra 7 processor,Windows 11 Home,"40.6 cm (16) diagonal, 2K, 165 Hz, IPS, anti-glare, 400 nits",Integrated,24 GB DDR5 RAM (Upgradeable),1 TB SSD Hard Drive,Microsoft Office Home 2024 Lifetime Subscription worth ₹9199.00,none,8.0,1,SSD,1024,21720.0,AMD,Ryzen 3,Premium,Integrated,Premium,0,1,True,50.0,"Backpack, Mouse, MS Office",Lenovo
"HP EliteBook 8 G1i 35.6 cm (14) Notebook Next Gen AI PC, Silver",0.0,Copilot+ PC.Next-gen AI redefines productivity for modern professionals,"Intel® Core™ Ultra 7 processor | Windows 11 Pro | 35.6 cm (14) diagonal WUXGA, 800 nits, touch display | Intel® Arc™ Graphics | 32 GB RAM | 1 TB SSD Hard Drive",BQ9B7PT,207567.0,206849.0,,https://www.hp.com/in-en/shop/hp-elitebook-8-g1i-14-inch-notebook-next-gen-ai-pc-bq9b7pt.html,Intel® Core™ Ultra 7 processor,Windows 11 Pro,"35.6 cm (14) diagonal WUXGA, 800 nits, touch display",Intel® Arc™ Graphics,32 GB RAM,1 TB SSD Hard Drive,No,none,8.0,1,SSD,1024,1350.0,Intel,i3,Premium,Integrated,Premium,0,0,False,66.0,"Backpack, Mouse, MS Office",Lenovo
"HP ZBook Firefly 35.6 cm (14) G11 Mobile Workstation PC, Silver",3.9375,"Recommended for  2D and light 3D workflows, photography, and for running multiple large Microsoft Office files.",Intel® Core™ Ultra 7 processor | FreeDOS | 35.6 cm (14) diagonal WUXGA IPS display | Intel® UMA Graphics | 16 GB DDR5-5600 RAM | 1 TB SSD Solid State Drive,B71DRPT,106622.0,187122.0,"FREE Bag (35L98AA) worth ₹ 1,785",https://www.hp.com/in-en/shop/hp-zbook-firefly-14-inch-g11-mobile-workstation-pc-b71drpt.html,Intel® Core™ Ultra 7 processor,Unknown,35.6 cm (14) diagonal WUXGA IPS display,Intel® UMA Graphics,16 GB DDR5-5600 RAM,1 TB SSD Solid State Drive,No,free bag (35l98aa) ,32.0,1,SSD,1024,77341.0,AMD,Ryzen 7,Premium,Integrated,Premium,0,1,False,53.6875,"Backpack, Mouse, MS Office",Lenovo
HP ZBook Ultra 35.6 cm (14) G1a Mobile Workstation PC,0.0,Copilot+ PC. Transformative AI performance. Redefining workflows.,"AMD Ryzen™ AI Max PRO processor | Windows 11 Pro | 35.6 cm (14) diagonal, WUXGA, IPS display | AMD Radeon™ 8050S Graphics | 32 GB LPDDR5x-8533 RAM | 1 TB SSD Hard Drive",BZ6H7PT,242884.0,377376.0,"HP 215 39.6 cm (15.6) Laptop Backpack worth ₹ 1,785",https://www.hp.com/in-en/shop/hp-zbook-ultra-14-inch-g1a-mobile-workstation-pc-bz6h7pt.html,AMD Ryzen™ AI Max PRO processor,Windows 11 Pro,"35.6 cm (14) diagonal, WUXGA, IPS display",AMD Radeon™ 8050S Graphics,32 GB LPDDR5x-8533 RAM,1 TB SSD Hard Drive,No,hp 215 39.6 cm (15.6) laptop backpack ,8.0,1,SSD,256,138777.0,Intel,i7,Premium,Integrated,Premium,1,0,False,66.0,"Mouse, MS Office",Lenovo
"HP 250R 39.6 cm (15.6) G10 Business Laptop PC, Silver",0.0,"Compact and reliable, value-packed notebooks with essential business features to help you excel in hybrid work","Intel® Core™ 3 processor | FreeDOS 3.0 | 39.6 cm (15.6) diagonal, HD, IPS display | Intel® Graphics | 8 GB DDR4-3200 RAM | 512 GB SSD Hard Drive",C91W6AT,47932.0,49778.0,"HP 215 39.6 cm (15.6) Laptop Backpack worth ₹ 1,785",https://www.hp.com/in-en/shop/hp-250r-15-6-inch-g10-notebook-pc-c91w6at.html,Intel® Core™ 3 processor,Unknown,"39.6 cm (15.6) diagonal, HD, IPS display",Intel® Graphics,8 GB DDR4-3200 RAM,512 GB SSD Hard Drive,No,hp 215 39.6 cm (15.6) laptop backpack ,8.0,512,SSD,512,4979.0,Intel,i5,Normal,Integrated,Mid-Range,1,0,False,17.0,"Mouse, MS Office",Lenovo
"HP 240R 35.6 cm (14) G10 Business Laptop PC, Silver",0.0,"Compact and reliable, value-packed notebooks with essential business features to help you excel in hybrid work","Intel® Core™ 7 processor | Windows 11 Pro | 35.6 cm (14) diagonal, FHD, IPS display | Intel® Graphics | 16 GB DDR4-3200 RAM | 512 GB SSD Hard Drive",C8HU1PT,87671.0,104731.0,"HP 215 39.6 cm (15.6) Laptop Backpack worth ₹ 1,785",https://www.hp.com/in-en/shop/hp-240r-14-inch-g10-notebook-pc-c8hu1pt.html,Intel® Core™ 7 processor,Windows 11 Pro,"35.6 cm (14) diagonal, FHD, IPS display",Intel® Graphics,16 GB DDR4-3200 RAM,512 GB SSD Hard Drive,No,hp 215 39.6 cm (15.6) laptop backpack ,16.0,512,SSD,512,12832.0,AMD,Ryzen 7,Premium,Integrated,Premium,0,0,False,33.0,"Backpack, Mouse, MS Office",Lenovo
"OMEN MAX Gaming Laptop 16, Black, Core Ultra 9 - 275HX (24C), RTX 5080 16GB, 32 GB DDR5",0.0,Built to break limits,"Intel® Core™ Ultra 9 275HX processor | Windows 11 Home | 40.6 cm (16) diagonal WQXGA display,240 Hz, 3 ms response time, | NVIDIA® GeForce RTX™ 5080 16GB | 32 GB DDR5-5600 MT/s (2 x 16 GB) RAM | 2 TB SSD Hard Drive",C27DYPA,321843.0,359716.0,,https://www.hp.com/in-en/shop/omen-max-gaming-laptop-16-ah0219tx-c27dypa.html,Intel® Core™ Ultra 9 275HX processor,Windows 11 Home,"40.6 cm (16) diagonal WQXGA display,240 Hz, 3 ms response time,",Integrated,32 GB DDR5-5600 MT/s (2 x 16 GB) RAM,2 TB SSD Hard Drive,No,none,16.0,2,SSD,1024,39717.0,Intel,i3,Premium,Integrated,Premium,1,0,False,68.0,"Mouse, MS Office",Lenovo
"HP OMEN MAX Gaming Laptop 16, Black, Ryzen AI 9 HX 375 (12C), RTX 5070 Ti 12GB, 32 GB",0.0,Copilot+ PC.Pro Gaming. Built for unbelievable speed and immersive gameplay.,"AMD Ryzen™ AI 9 HX 375 (12C) processor | Windows 11 Home | 40.6 cm (16) diagonal, 2K, IPS, anti-glare, Low Blue Light, 165 Hz, 400 nits display | NVIDIA® GeForce RTX™ 5070 Ti | 32 GB DDR5 RAM | 1 TB SSD Hard Drive",C1NZ6PA,247491.0,269787.0,Microsoft Office Home 2024 Lifetime Subscription worth ₹9199.00 | Microsoft Xbox Game Pass 3 month,https://www.hp.com/in-en/shop/hp-omen-max-gaming-laptop-16-ak0070ax-c1nz6pa.html,AMD Ryzen™ AI 9 HX 375 (12C) processor,Windows 11 Home,"40.6 cm (16) diagonal, 2K, IPS, anti-glare, Low Blue Light, 165 Hz, 400 nits display",Integrated,32 GB DDR5 RAM,1 TB SSD Hard Drive,Microsoft Xbox Game Pass 3 month,none,32.0,1,SSD,256,19788.0,Intel,i5,Premium,Integrated,Premium,0,0,False,66.0,"Mouse, MS Office",Lenovo
"HP Laptop 39.6 cm (15.6) 15-fr0046TU, Silver",0.0,Reliable computing yet stylish laptop that makes the wallet happy,"13th Generation Intel® Core™ i7-13620H processor | Windows 11 Home | 39.6 cm (15.6) diagonal, FHD display | Intel® Graphics | 16 GB DDR4-3200 RAM | 512 GB SSD Hard Drive",C27GLPA,72037.0,77506.0,HP X Entry Backpack worth  ₹1999.00 | Microsoft Office Home 2024 Lifetime Subscription worth ₹9199.00,https://www.hp.com/in-en/shop/hp-laptop-15-fr0046tu-c27glpa.html,13th Generation Intel® Core™ i7-13620H processor,Windows 11 Home,"39.6 cm (15.6) diagonal, FHD display",Intel® Graphics,16 GB DDR4-3200 RAM,512 GB SSD Hard Drive,Microsoft Office Home 2024 Lifetime Subscription worth ₹9199.00,hp x entry backpack ,32.0,512,SSD,1024,4806.0,AMD,Ryzen 5,Normal,Integrated,Mid-Range,1,0,True,33.0,Mouse,Lenovo
"HP ProBook 4 G1i 35.6 cm (14) Laptop AI PC, Silver",0.0,Affordable devices designed with business in mind; commercial grade features with durable design,"Intel® Core™ Ultra 7 processor | Windows 11 Pro | 35.6 cm (14) diagonal, WUXGA, IPS display | Intel® Graphics | 16 GB DDR5-5600 RAM | 1 TB SSD Hard Drive",CG1Z9PA,142602.0,141954.0,,https://www.hp.com/in-en/shop/hp-probook-4-g1i-14-notebook-ai-pc-cg1z9pa.html,Intel® Core™ Ultra 7 processor,Windows 11 Pro,"35.6 cm (14) diagonal, WUXGA, IPS display",Intel® Graphics,16 GB DDR5-5600 RAM,1 TB SSD Hard Drive,No,none,16.0,1,SSD,1024,1455.0,AMD,Ryzen 7,Premium,Integrated,Premium,0,0,False,34.0,"Backpack, Mouse, MS Office",Lenovo
"HP ProBook 4 35.6 cm (14) G1iR Business Laptop PC, Silver",0.0,Affordable devices designed with business in mind; commercial grade features with durable design,"Intel® Core™ 5 processor | Windows 11 Pro | 35.6 cm (14) diagonal, WUXGA, IPS display | Intel® Graphics | 16 GB DDR5-5600 RAM | 1 TB SSD Hard Drive",CC0M6AT,95185.0,110445.0,"HP 215 39.6 cm (15.6) Laptop Backpack worth ₹ 1,785",https://www.hp.com/in-en/shop/hp-probook-4-g1ir-14-inch-notebook-pc-cc0m6at.html,Intel® Core™ 5 processor,Windows 11 Pro,"35.6 cm (14) diagonal, WUXGA, IPS display",Intel® Graphics,16 GB DDR5-5600 RAM,1 TB SSD Hard Drive,No,hp 215 39.6 cm (15.6) laptop backpack ,8.0,1,SSD,256,14646.0,AMD,Ryzen 3,Premium,Integrated,Premium,0,0,False,34.0,"Backpack, Mouse, MS Office",Lenovo
"HP Pavilion 40.6 cm (16) Laptop 16-ag0019AU, Silver",4.3333,Create on a PC that has all the power you need,"AMD Ryzen™ 5 processor | Windows 11 Home | 40.6 cm (16) diagonal, WUXGA IPS display | AMD Radeon™ Graphics | 16 GB LPDDR5 RAM | 512 GB SSD Hard Drive",A1UD7PA,65714.0,76923.0,"HP 310 15.6 Laptop Backpack worth ₹2,999.00",https://www.hp.com/in-en/shop/hp-pavilion-laptop-16-ag0019au-a1ud7pa.html,AMD Ryzen™ 5 processor,Windows 11 Home,"40.6 cm (16) diagonal, WUXGA IPS display",AMD Radeon™ Graphics,16 GB LPDDR5 RAM,512 GB SSD Hard Drive,No,hp 310 15.6 laptop backpack ,8.0,512,SSD,1024,10424.0,AMD,Ryzen 3,Normal,Integrated,Mid-Range,1,1,False,54.6665,"Backpack, Mouse, MS Office",Lenovo
"HP EliteBook 6 G1i 35.6 cm (14) Notebook Next Gen AI PC, Silver",0.0,AI-ready for enterprise productivity,"Intel® Core™ Ultra 5 processor | Windows 11 Pro | 35.6 cm (14) diagonal WUXGA, IPS, anti-glare, 800 nits display | Intel® Graphics | 32 GB DDR5-5600 RAM | 512 GB SSD Hard Drive",BQ8J5PT,158384.0,,,https://www.hp.com/in-en/shop/hp-elitebook-6-g1i-14-inch-notebook-next-gen-ai-pc-bq8j5pt.html,Intel® Core™ Ultra 5 processor,Windows 11 Pro,"35.6 cm (14) diagonal WUXGA, IPS, anti-glare, 800 nits display",Intel® Graphics,32 GB DDR5-5600 RAM,512 GB SSD Hard Drive,No,none,32.0,512,SSD,512,,Intel,i3,Premium,Integrated,Premium,0,0,False,65.0,"Mouse, MS Office",Lenovo
"HP OmniBook 5 Flip 35.6 cm (14) 14-fp0790TU, Silver",1.0,The upgrade you need from HP Pavilion. Excellent for students and families.,13th Generation Intel® Core™ i5 processor | Windows 11 Home Single Language | 35.6 cm (14) diagonal 2K IPS display | Intel® Iris® Xᵉ Graphics | 16 GB LPDDR5-5200 RAM | 1 TB SSD Hard Drive,BX9Q8PA,84895.0,90485.0,"HP 310 15.6 Laptop Backpack worth ₹2,999.00 | Microsoft Office Home 2024 Lifetime Subscription worth ₹9199.00",https://www.hp.com/in-en/shop/hp-omnibook-5-flip-14-fp0790tu-bx9q8pa.html,13th Generation Intel® Core™ i5 processor,Windows 11 Home Single Language,35.6 cm (14) diagonal 2K IPS display,Intel® Iris® Xᵉ Graphics,16 GB LPDDR5-5200 RAM,1 TB SSD Hard Drive,Microsoft Office Home 2024 Lifetime Subscription worth ₹9199.00,hp 310 15.6 laptop backpack ,8.0,1,SSD,1024,9486.0,AMD,Ryzen 7,Premium,Integrated,Premium,1,1,True,39.0,Mouse,Lenovo
"HP Laptop 39.6 cm (15.6) 15-fd0640TU, Silver",4.5,A reliably built laptop to keep you in the zone,Intel® Core™ 5-120U processor | Windows 11 Home | 39.6 cm (15.6) diagonal FHD display | Intel® UHD Graphics | 16 GB DDR4-3200 RAM | 512 GB SSD Hard Drive,BX9R8PA,60358.0,69629.0,HP X Entry Backpack worth  ₹1999.00 | Microsoft Office Home 2024 Lifetime Subscription worth ₹9199.00 | 1 year Microsoft 365 basic subscription,https://www.hp.com/in-en/shop/hp-laptop-15-fd0640tu-bx9r8pa.html,Intel® Core™ 5-120U processor,Windows 11 Home,39.6 cm (15.6) diagonal FHD display,Intel® UHD Graphics,16 GB DDR4-3200 RAM,512 GB SSD Hard Drive,1 year Microsoft 365 basic subscription,hp x entry backpack ,32.0,512,SSD,1024,10130.0,AMD,Ryzen 3,Normal,Integrated,Mid-Range,1,1,False,55.5,"Backpack, Mouse, MS Office",Lenovo
"HP EliteBook 6 G1i 35.6 cm (14) Notebook Next Gen AI PC, Silver",0.0,AI-ready for enterprise productivity,"Intel® Core™ Ultra 5 processor | Windows 11 Pro | 35.6 cm (14) diagonal WUXGA, IPS, anti-glare, 800 nits display | Intel® Graphics | 32 GB DDR5-5600 RAM | 512 GB SSD Hard Drive",BQ8J5PT,159946.0,,,https://www.hp.com/in-en/shop/hp-elitebook-6-g1i-14-inch-notebook-next-gen-ai-pc-bq8j5pt.html,Intel® Core™ Ultra 5 processor,Windows 11 Pro,"35.6 cm (14) diagonal WUXGA, IPS, anti-glare, 800 nits display",Intel® Graphics,32 GB DDR5-5600 RAM,512 GB SSD Hard Drive,No,none,32.0,512,SSD,1024,,Intel,i5,Premium,Integrated,Premium,0,0,False,65.0,"Mouse, MS Office",Lenovo
"HP OMEN MAX 40.6 cm (16) Gaming Laptop 16-ah0152TX, Black",0.0,Maximize gaming power with the OMEN range featuring a large display for the most immersive gaming experience.,"Intel® Core™ Ultra 7 processor | Windows 11 Home | 40.6 cm (16) diagonal, 2K (1920 x 1200) Antiglare Low Blue Light 400 nits [A4NT5AV], 60-165 Hz, 3 ms response time, IPS | NVIDIA® GeForce RTX™ 5080 (16 GB) | 64 GB DDR5-5600 RAM | 1 TB SSD Hard Drive",BQ6N9PA,280738.0,314751.0,,https://www.hp.com/in-en/shop/omen-max-gaming-laptop-16-ah0152tx-bq6n9pa.html,Intel® Core™ Ultra 7 processor,Windows 11 Home,"40.6 cm (16) diagonal, 2K (1920 x 1200) Antiglare Low Blue Light 400 nits [A4NT5AV], 60-165 Hz, 3 ms response time, IPS",Integrated,64 GB DDR5-5600 RAM,1 TB SSD Hard Drive,No,none,16.0,1,SSD,512,34752.0,AMD,Ryzen 3,Premium,Integrated,Premium,0,1,False,130.0,"Mouse, MS Office",Lenovo
"HP OMEN Gaming Laptop 16, Black, Ryzen AI 7 350 (8C), RTX 5070 8GB, 24 GB",0.0,Copilot+ PC.Pro Gaming. Built for unbelievable speed and immersive gameplay.,"AMD Ryzen™ AI 7 processor | Windows 11 Home | 40.6 cm (16) diagonal, 2K, 165Hz, IPS, anti-glare, Low Blue Light, 400 nits display | NVIDIA® GeForce RTX™ 5070 8 GB | 24 GB DDR5-5600 RAM (Upgradeable) | 1 TB SSD Hard Drive",C8KJ9PA,165334.0,191099.0,Microsoft Office Home 2024 Lifetime Subscription worth ₹9199.00,https://www.hp.com/in-en/shop/hp-omen-gaming-laptop-16-ap0184ax-c8kj9pa.html,AMD Ryzen™ AI 7 processor,Windows 11 Home,"40.6 cm (16) diagonal, 2K, 165Hz, IPS, anti-glare, Low Blue Light, 400 nits display",Integrated,24 GB DDR5-5600 RAM (Upgradeable),1 TB SSD Hard Drive,Microsoft Office Home 2024 Lifetime Subscription worth ₹9199.00,none,32.0,1,SSD,512,21100.0,AMD,Ryzen 5,Premium,Integrated,Premium,0,1,True,50.0,"Backpack, Mouse, MS Office",Lenovo
"HP 240R 35.6 cm (14) G10 Business Laptop PC, Silver",0.0,"Compact and reliable, value-packed notebooks with essential business features to help you excel in hybrid work","Intel® Core™ 3 processor | FreeDOS 3.0 | 35.6 cm (14) diagonal, HD, SVA display | Intel® Graphics | 8 GB DDR4-3200 RAM | 512 GB SSD Hard Drive",C8HR7AT,44520.0,49000.0,"HP 215 39.6 cm (15.6) Laptop Backpack worth ₹ 1,785",https://www.hp.com/in-en/shop/hp-240r-14-inch-g10-notebook-pc-c8hr7at.html,Intel® Core™ 3 processor,Unknown,"35.6 cm (14) diagonal, HD, SVA display",Intel® Graphics,8 GB DDR4-3200 RAM,512 GB SSD Hard Drive,No,hp 215 39.6 cm (15.6) laptop backpack ,32.0,512,SSD,1024,4901.0,AMD,Ryzen 5,Normal,Integrated,Mid-Range,1,0,False,17.0,,Lenovo
HP ZBook Power 40.6 cm (16) G11 Mobile Workstation PC,3.8,"Recommended for  2D and light 3D workflows, photography, and for running multiple large Microsoft Office files.",Intel® Core™ Ultra 9 processor | Windows 11 Pro | 40.6 cm (16) diagonal WUXGA display | NVIDIA RTX™ 3000 Ada Generation Laptop GPU | 64 GB DDR5-5600 RAM | 1 TB SSD Solid State Drive,A8WM3PT,301895.0,487807.0,Evon Essential Series Black Bagpack,https://www.hp.com/in-en/shop/hp-zbook-power-16-g11-mobile-workstation-pc-a8wm3pt.html,Intel® Core™ Ultra 9 processor,Windows 11 Pro,40.6 cm (16) diagonal WUXGA display,Integrated,64 GB DDR5-5600 RAM,1 TB SSD Solid State Drive,No,evon essential series black bagpack,32.0,1,SSD,1024,181808.0,Intel,i3,Premium,Integrated,Premium,1,1,False,149.0,"Mouse, MS Office",Lenovo
"HP ProBook 4 35.6 cm (14) G1iR Business Laptop PC, Silver",0.0,Affordable devices designed with business in mind; commercial grade features with durable design,"Intel® Core™ 7 processor | FreeDOS | 35.6 cm (14) diagonal, WUXGA, IPS display | Intel® Graphics | 24 GB DDR5-5600 RAM | 512 GB SSD Hard Drive",CF2V0PT,86848.0,105200.0,"HP 215 39.6 cm (15.6) Laptop Backpack worth ₹ 1,785",https://www.hp.com/in-en/shop/hp-probook-4-g1ir-14-inch-notebook-pc-cf2v0pt.html,Intel® Core™ 7 processor,Unknown,"35.6 cm (14) diagonal, WUXGA, IPS display",Intel® Graphics,24 GB DDR5-5600 RAM,512 GB SSD Hard Drive,No,hp 215 39.6 cm (15.6) laptop backpack ,32.0,512,SSD,1024,14301.0,AMD,Ryzen 3,Premium,Integrated,Premium,1,0,False,49.0,"Backpack, Mouse, MS Office",Lenovo
"HP EliteBook 845 35.6 cm (14) G9 Notebook PC, Silver",5.0,Work where you’re needed,"AMD Ryzen™ 7 PRO processor | FreeDOS | 35.6 cm (14) diagonal, WUXGA, IPS display | AMD Radeon™ 660M Graphics | 16 GB DDR5-4800 RAM | 512 GB SSD Hard Drive",B25U7AT,77278.0,107640.0,,https://www.hp.com/in-en/shop/hp-elitebook-845-14-g9-notebook-pc-b25u7at.html,AMD Ryzen™ 7 PRO processor,Unknown,"35.6 cm (14) diagonal, WUXGA, IPS display",AMD Radeon™ 660M Graphics,16 GB DDR5-4800 RAM,512 GB SSD Hard Drive,No,none,8.0,512,SSD,256,32141.0,Intel,i5,Normal,Integrated,Mid-Range,1,1,False,58.0,,Lenovo
"HP OmniBook 5 Next Gen AI 14-he0015QU, Silver",5.0,Copilot+ PC.The upgrade you need from HP Pavilion. Excellent for students and families.,Snapdragon® X processor | Windows 11 Home | 35.6 cm (14) diagonal 2K OLED display | Qualcomm® Adreno™ GPU | 16 GB LPDDR5x-8448 RAM | 1 TB SSD Hard Drive,C08Q7PA,81657.0,88225.0,"HP 310 15.6 Laptop Backpack worth ₹2,999.00 | Microsoft Office Home 2024 Lifetime Subscription worth ₹9199.00 | 1 year Microsoft 365 basic subscription",https://www.hp.com/in-en/shop/hp-omnibook-5-next-gen-ai-14-he0015qu-c08q7pa.html,Snapdragon® X processor,Windows 11 Home,35.6 cm (14) diagonal 2K OLED display,Integrated,16 GB LPDDR5x-8448 RAM,1 TB SSD Hard Drive,1 year Microsoft 365 basic subscription,hp 310 15.6 laptop backpack ,16.0,1,SSD,1024,8726.0,AMD,Ryzen 3,Normal,Integrated,Premium,0,0,False,59.0,"Mouse, MS Office",Lenovo
"HP Victus 39.6 cm (15.6) Gaming Laptop 15-fb3118AX, Blue",4.6667,Fulfill your gaming destiny,"AMD Ryzen™ 7-7445HS processor | Windows 11 Home | 39.6 cm (15.6) diagonal FHD 144 Hz, IPS, 300 nits display | NVIDIA® GeForce RTX™ 4050 6GB | 16 GB DDR5-5600 RAM | 512 GB SSD Hard Drive",BT6D0PA,85398.0,95745.0,Microsoft Office Home 2024 Lifetime Subscription worth ₹9199.00 | 1 year Microsoft 365 basic subscription,https://www.hp.com/in-en/shop/hp-victus-gaming-laptop-15-fb3118ax-bt6d0pa.html,AMD Ryzen™ 7-7445HS processor,Windows 11 Home,"39.6 cm (15.6) diagonal FHD 144 Hz, IPS, 300 nits display",Integrated,16 GB DDR5-5600 RAM,512 GB SSD Hard Drive,1 year Microsoft 365 basic subscription,none,16.0,512,SSD,1024,9246.0,Intel,i5,Premium,Integrated,Premium,0,1,False,56.3335,"Backpack, Mouse, MS Office",Lenovo
"HP ZBook Firefly 35.6 cm (14) G11 Mobile Workstation PC, Silver",3.9375,"Recommended for  2D and light 3D workflows, photography, and for running multiple large Microsoft Office files.",Intel® Core™ Ultra 7 processor | Windows 11 Pro | 35.6 cm (14) diagonal WUXGA display | Intel® Graphics | 16 GB DDR5-5600 RAM | 1 TB PCIe® NVMe™ SSD Solid State Drive,A1VR2PT,142625.0,224666.0,,https://www.hp.com/in-en/shop/hp-zbook-firefly-14-inch-g11-mobile-workstation-pc-a1vr2pt.html,Intel® Core™ Ultra 7 processor,Windows 11 Pro,35.6 cm (14) diagonal WUXGA display,Intel® Graphics,16 GB DDR5-5600 RAM,1 TB PCIe® NVMe™ SSD Solid State Drive,No,none,32.0,1,SSD,256,83667.0,Intel,i5,Premium,Integrated,Premium,0,1,False,53.6875,"Backpack, Mouse, MS Office",Lenovo
"HP OMEN Slim Gaming Laptop 16-an0012TX, Black",4.6667,Bold Performance Without the Burnout,"Intel® Core™ Ultra 9 processor | Windows 11 Home | 40.6 cm (16) diagonal, 2K, IPS, anti-glare, Low Blue Light, 165 Hz, 400 nits display | NVIDIA® GeForce RTX™ 5070 8GB | 32 GB DDR5-5600 RAM | 1 TB SSD Hard Drive",C78GKPA,174713.0,196719.0,Microsoft Office Home 2024 Lifetime Subscription worth ₹9199.00 | 1 year Microsoft 365 basic subscription,https://www.hp.com/in-en/shop/hp-omen-slim-gaming-laptop-16-an0012tx-c78gkpa.html,Intel® Core™ Ultra 9 processor,Windows 11 Home,"40.6 cm (16) diagonal, 2K, IPS, anti-glare, Low Blue Light, 165 Hz, 400 nits display",Integrated,32 GB DDR5-5600 RAM,1 TB SSD Hard Drive,1 year Microsoft 365 basic subscription,none,8.0,1,SSD,512,20720.0,AMD,Ryzen 3,Premium,Integrated,Premium,0,0,False,89.3335,"Backpack, Mouse, MS Office",Lenovo
"OMEN MAX Gaming Laptop 16, Black, Ultra 7 - 255HX (20C), RTX 5060 8GB, 32 GB",0.0,Built to break limits,"Intel® Core™ Ultra 7 255HX processor | Windows 11 Home | 40.6 cm (16), diagonal,2K (1920 x 1200),165 Hz, 3 ms response time, IPS | NVIDIA® GeForce RTX™ 5060 8GB | 32 GB DDR5-5600 MT/s (2 x 16 GB) RAM | 1TB SSD Hard Drive",BN7U3PA,187504.0,213581.0,,https://www.hp.com/in-en/shop/omen-max-gaming-laptop-16-ah0065tx-bn7u3pa.html,Intel® Core™ Ultra 7 255HX processor,Windows 11 Home,"40.6 cm (16), diagonal,2K (1920 x 1200),165 Hz, 3 ms response time, IPS",Integrated,32 GB DDR5-5600 MT/s (2 x 16 GB) RAM,1TB SSD Hard Drive,No,none,32.0,1,SSD,512,23582.0,Intel,i3,Premium,Integrated,Premium,0,1,False,66.0,"Backpack, Mouse, MS Office",Lenovo
"OMEN Transcend Laptop 14, Black, Ultra 9-285H (16C), RTX 5070 8GB, 32 GB DDR5",0.0,"Built to Game, Made to Create","Intel® Core™ Ultra 9 processor | Windows 11 Home | 35.6 cm (14) diagonal 3K OLED display, 48-120 Hz refresh rate, 0.2 ms response time display | NVIDIA® GeForce RTX™ 5070 8GB | 32 GB LPDDR5x-7500 MT/s  RAM | 1 TB SSD Hard Drive",C27DRPA,214915.0,236063.0,,https://www.hp.com/in-en/shop/omen-transcend-laptop-14-fb1028tx-c27drpa.html,Intel® Core™ Ultra 9 processor,Windows 11 Home,"35.6 cm (14) diagonal 3K OLED display, 48-120 Hz refresh rate, 0.2 ms response time display",Integrated,32 GB LPDDR5x-7500 MT/s  RAM,1 TB SSD Hard Drive,No,none,32.0,1,SSD,256,26064.0,Intel,i5,Premium,Integrated,Premium,1,1,False,66.0,"Backpack, Mouse",Lenovo
"HP ProBook 445 35.6 cm (14) G11 Business Laptop PC, Silver",0.0,Affordable devices designed with business in mind; commercial grade features with durable design,"AMD Ryzen™ 7 processor | Windows 11 Pro | 35.6 cm (14) diagonal, WUXGA, IPS display | AMD Radeon™ 680M Graphics | 16 GB DDR5-4800 RAM | 512 GB SSD Hard Drive",CD9A6PT,87182.0,93334.0,"HP 215 39.6 cm (15.6) Laptop Backpack worth ₹ 1,785",https://www.hp.com/in-en/shop/hp-probook-445-14-inch-g11-notebook-pc-cd9a6pt.html,AMD Ryzen™ 7 processor,Windows 11 Pro,"35.6 cm (14) diagonal, WUXGA, IPS display",AMD Radeon™ 680M Graphics,16 GB DDR5-4800 RAM,512 GB SSD Hard Drive,No,hp 215 39.6 cm (15.6) laptop backpack ,8.0,512,SSD,1024,9535.0,AMD,Ryzen 3,Premium,Integrated,Premium,0,0,False,33.0,"Mouse, MS Office",Lenovo
"HP OmniBook 7 35.6 cm (14) AI Laptop 14-fr0789TU, Silver",0.0,Engineered for durability and performance for power users and students.,"Intel® Core™ Ultra 5-225H processor | Windows 11 Home | 35.6 cm (14) diagonal, 3K, OLED, UWVA, Low Blue Light display | Intel® Arc™ 130T GPU | 16 GB LPDDR5-5200 RAM | 1 TB SSD Hard Drive",C58RFPA,87783.0,99527.0,"HP 310 15.6 Laptop Backpack worth ₹2,999.00 | Microsoft Office Home 2024 Lifetime Subscription worth ₹9199.00",https://www.hp.com/in-en/shop/hp-omnibook-7-laptop-ai-14-fr0789tu-c58rfpa.html,Intel® Core™ Ultra 5-225H processor,Windows 11 Home,"35.6 cm (14) diagonal, 3K, OLED, UWVA, Low Blue Light display",Integrated,16 GB LPDDR5-5200 RAM,1 TB SSD Hard Drive,Microsoft Office Home 2024 Lifetime Subscription worth ₹9199.00,hp 310 15.6 laptop backpack ,16.0,1,SSD,256,7028.0,Intel,i5,Premium,Integrated,Premium,0,0,True,34.0,"Mouse, MS Office",Lenovo
"HP EliteBook 8 35.6 cm (14) G1i Next Gen AI PC, Silver",0.0,Copilot+ PC.Next-gen AI redefines productivity for modern professionals,"Intel® Core™ Ultra 7 processor | Windows 11 Pro | 35.6 cm (14) diagonal, WUXGA, IPS display, Touchscreen | Intel® Arc™ Graphics | 32 GB LPDDR5x-8533 RAM | 1 TB SSD Hard Drive",C27T5PT,177770.0,203109.0,"HP 215 39.6 cm (15.6) Laptop Backpack worth ₹ 1,785",https://www.hp.com/in-en/shop/hp-elitebook-8-g1i-14-inch-notebook-next-gen-ai-pc-c27t5pt.html,Intel® Core™ Ultra 7 processor,Windows 11 Pro,"35.6 cm (14) diagonal, WUXGA, IPS display, Touchscreen",Intel® Arc™ Graphics,32 GB LPDDR5x-8533 RAM,1 TB SSD Hard Drive,No,hp 215 39.6 cm (15.6) laptop backpack ,16.0,1,SSD,1024,29310.0,Intel,i7,Premium,Integrated,Premium,0,1,False,66.0,Mouse,Lenovo
HP Pavilion Aero 33.8 cm (13) Laptop 13-bg0017AU,4.5,"Stream, listen, browse and do all the things. More modern, more premium design elements on mainstream devices for a great price","AMD Ryzen™ 7-8840U processor | Windows 11 Home | 33.8 cm (13.3) diagonal, WUXGA 400 nits display | AMD Radeon™ Graphics | 16 GB LPDDR5x RAM | 512 GB SSD Hard Drive",A1RA7PA,86088.0,103975.0,Microsoft Office Home & Student 2021 Lifetime Subscription worth ₹9199.00,https://www.hp.com/in-en/shop/hp-pavilion-aero-laptop-13-bg0017au-a1ra7pa.html,AMD Ryzen™ 7-8840U processor,Windows 11 Home,"33.8 cm (13.3) diagonal, WUXGA 400 nits display",AMD Radeon™ Graphics,16 GB LPDDR5x RAM,512 GB SSD Hard Drive,Microsoft Office Home & Student 2021 Lifetime Subscription worth ₹9199.00,none,16.0,512,SSD,256,15976.0,AMD,Ryzen 5,Premium,Integrated,Premium,0,1,True,55.5,"Backpack, Mouse, MS Office",Lenovo
"HP EliteBook X G1i 35.6 cm (14) Notebook Next Gen AI PC, Blue",0.0,Copilot+ PC.The game-changing AI PC tech experts dream about,Intel® Core™ Ultra 7 processor | Windows 11 Pro | 35.6 cm (14) diagonal WUXGA touch display | Intel® Arc™ Graphics | 32 GB LPDDR5x RAM | 1 TB SSD Hard Drive,B8QX7PT,198302.0,223456.0,,https://www.hp.com/in-en/shop/hp-elitebook-x-g1i-14-inch-notebook-next-gen-ai-pc-b8qx7pt.html,Intel® Core™ Ultra 7 processor,Windows 11 Pro,35.6 cm (14) diagonal WUXGA touch display,Intel® Arc™ Graphics,32 GB LPDDR5x RAM,1 TB SSD Hard Drive,No,none,16.0,1,SSD,256,23457.0,Intel,i5,Premium,Integrated,Premium,0,0,False,66.0,"Mouse, MS Office",Lenovo
"HP OMEN Gaming Laptop 16, Black, Core Ultra 5-225H (14C), RTX 5060 8GB, 16 GB",0.0,Bold performance without the burnout,"Intel® Core™ Ultra 5 225H (14C) processor | Windows 11 Home | 40.6 cm (16) diagonal, 2K, IPS, anti-glare, Low Blue Light, 165 Hz, 400 nits display | NVIDIA® GeForce RTX™ 5060 8GB | 16 GB DDR5 RAM | 1 TB SSD Hard Drive",C1PF5PA,150452.0,165244.0,Microsoft Office Home 2024 Lifetime Subscription worth ₹9199.00 | Microsoft Xbox Game Pass 3 month | 1 year Microsoft 365 basic subscription,https://www.hp.com/in-en/shop/hp-omen-gaming-laptop-16-am0172tx-c1pf5pa.html,Intel® Core™ Ultra 5 225H (14C) processor,Windows 11 Home,"40.6 cm (16) diagonal, 2K, IPS, anti-glare, Low Blue Light, 165 Hz, 400 nits display",Integrated,16 GB DDR5 RAM,1 TB SSD Hard Drive,1 year Microsoft 365 basic subscription,none,32.0,1,SSD,256,18245.0,AMD,Ryzen 3,Premium,Integrated,Premium,0,0,False,34.0,"Backpack, Mouse",Lenovo
"HP Victus 39.6cm (15.6) Gaming Laptop 15-fb3130AX, Blue",0.0,Fulfill your gaming destiny,"AMD Ryzen™ 7-7445HS processor | Windows 11 Home | 39.6 cm (15.6) diagonal FHD 144 Hz, IPS, 300 nits display with NVIDIA® GeForce RTX™ 4050 6GB | 16 GB DDR5-5600 RAM (Upgradeable) | 512 GB SSD Hard Drive | Full-size, backlit with numeric keypad, HP Wide Vision 720p HD camera",BV3A7PA,86266.0,95746.0,Microsoft Office Home 2024 Lifetime Subscription worth ₹9199.00,https://www.hp.com/in-en/shop/hp-victus-gaming-laptop-15-fb3130ax-bv3a7pa.html,AMD Ryzen™ 7-7445HS processor,Windows 11 Home,"39.6 cm (15.6) diagonal FHD 144 Hz, IPS, 300 nits display with NVIDIA® GeForce RTX™ 4050 6GB",Integrated,16 GB DDR5-5600 RAM (Upgradeable),512 GB SSD Hard Drive,Microsoft Office Home 2024 Lifetime Subscription worth ₹9199.00,none,8.0,512,SSD,256,11247.0,Intel,i5,Premium,Integrated,Premium,1,0,True,33.0,Mouse,Lenovo
"HP Victus 39.6 cm (15.6) Gaming Laptop 15-fa2381TX, Silver",0.0,Step up the fun with our most affordable gaming laptop range that doesn't shy on performance.,"13th Generation Intel® Core™ i5 processor | Windows 11 Home | 39.6 cm (15.6) diagonal, FHD, IPS, anti-glare display | NVIDIA® GeForce RTX™ 4050 (6 GB) | 16 GB DDR4-3200 RAM | 512 GB SSD Hard Drive",C91SXPA,88653.0,98170.0,Microsoft Office Home 2024 Lifetime Subscription worth ₹9199.00 | Microsoft Xbox Game Pass 3 month,https://www.hp.com/in-en/shop/victus-gaming-laptop-15-fa2381tx-c91sxpa.html,13th Generation Intel® Core™ i5 processor,Windows 11 Home,"39.6 cm (15.6) diagonal, FHD, IPS, anti-glare display",Integrated,16 GB DDR4-3200 RAM,512 GB SSD Hard Drive,Microsoft Xbox Game Pass 3 month,none,16.0,512,SSD,512,11670.0,Intel,i7,Premium,Integrated,Premium,0,0,False,33.0,"Backpack, Mouse, MS Office",Lenovo
"HP ProBook 4 35.6 cm (14) G1iR Business Laptop PC, Silver",0.0,Affordable devices designed with business in mind; commercial grade features with durable design,"13th Generation Intel® Core™ i5 processor | Windows 11 Pro | 35.6 cm (14) diagonal, WUXGA IPS display | Intel® Iris® Xᵉ Graphics | 16 GB DDR5-5600 RAM | 1 TB SSD Hard Drive",C22NJAT,105449.0,112778.0,"HP 215 39.6 cm (15.6) Laptop Backpack worth ₹ 1,785",https://www.hp.com/in-en/shop/hp-probook-4-g1ir-14-inch-notebook-pc-c22njat.html,13th Generation Intel® Core™ i5 processor,Windows 11 Pro,"35.6 cm (14) diagonal, WUXGA IPS display",Intel® Iris® Xᵉ Graphics,16 GB DDR5-5600 RAM,1 TB SSD Hard Drive,No,hp 215 39.6 cm (15.6) laptop backpack ,32.0,1,SSD,512,11279.0,Intel,i5,Premium,Integrated,Premium,1,1,False,34.0,"Backpack, Mouse",Lenovo
"OMEN MAX Gaming Laptop 16, Black, Core Ultra 9 - 275HX (24C), RTX 5080 16GB, 32 GB DDR5",0.0,Built to break limits,"Intel® Core™ Ultra 9 275HX processor | Windows 11 Home | 40.6 cm (16) diagonal WQXGA display,240 Hz, 3 ms response time, | NVIDIA® GeForce RTX™ 5080 16GB | 32 GB DDR5-5600 MT/s (2 x 16 GB) RAM | 2 TB SSD Hard Drive",C27DYPA,322312.0,359716.0,,https://www.hp.com/in-en/shop/omen-max-gaming-laptop-16-ah0219tx-c27dypa.html,Intel® Core™ Ultra 9 275HX processor,Windows 11 Home,"40.6 cm (16) diagonal WQXGA display,240 Hz, 3 ms response time,",Integrated,32 GB DDR5-5600 MT/s (2 x 16 GB) RAM,2 TB SSD Hard Drive,No,none,16.0,2,SSD,1024,39717.0,AMD,Ryzen 3,Premium,Integrated,Premium,1,1,False,68.0,"Mouse, MS Office",Lenovo
"OMEN MAX Gaming Laptop 16, Black, Core Ultra 7 - 255HX (20C), RTX 5070 8GB, 32 GB DDR5",0.0,Built to break limits,"Intel® Core™ Ultra 7 255HX processor | Windows 11 Home | 40.6 cm (16) diagonal 2K display,165 Hz, 3 ms response time, IPS | NVIDIA® GeForce RTX™ 5070 8GB | 32 GB DDR5-5600 RAM | 1 TB SSD Hard Drive",C27DVPA,201727.0,230443.0,,https://www.hp.com/in-en/shop/omen-max-gaming-laptop-16-ah0087tx-c27dvpa.html,Intel® Core™ Ultra 7 255HX processor,Windows 11 Home,"40.6 cm (16) diagonal 2K display,165 Hz, 3 ms response time, IPS",Integrated,32 GB DDR5-5600 RAM,1 TB SSD Hard Drive,No,none,8.0,1,SSD,256,25444.0,AMD,Ryzen 5,Premium,Integrated,Premium,0,0,False,66.0,"Mouse, MS Office",Lenovo
"HP EliteBook X G1a 35.6 cm (14) Notebook Next Gen AI PC, Silver",0.0,Copilot+ PC.The game-changing AI PC tech experts dream about,AMD Ryzen™ AI 7 PRO processor | Windows 11 Pro | 35.6 cm (14) diagonal 2.8K OLED touch display | AMD Radeon™ 880M Graphics | 64 GB LPDDR5x RAM | 1 TB SSD Hard Drive,B85TPPT,227648.0,248445.0,"HP 215 39.6 cm (15.6) Laptop Backpack worth ₹ 1,785",https://www.hp.com/in-en/shop/hp-elitebook-x-g1a-14-inch-notebook-next-gen-ai-pc-b85tppt.html,AMD Ryzen™ AI 7 PRO processor,Windows 11 Pro,35.6 cm (14) diagonal 2.8K OLED touch display,AMD Radeon™ 880M Graphics,64 GB LPDDR5x RAM,1 TB SSD Hard Drive,No,hp 215 39.6 cm (15.6) laptop backpack ,8.0,1,SSD,256,23446.0,Intel,i5,Premium,Integrated,Premium,1,1,False,130.0,"Mouse, MS Office",Lenovo
"HP Laptop 35.6 cm (14) 14-ep0340TU, Silver",2.6,Reliable computing yet stylish laptop that makes the wallet happy,"13th Generation Intel® Core™ i5 processor | Windows 11 Home | 35.6 cm (14) diagonal, FHD display | Intel® UHD Graphics | 16 GB DDR4 RAM | 512 GB SSD Hard Drive",BG6D3PA,62586.0,73265.0,HP X Entry Backpack worth  ₹1999.00 | Microsoft Office Home 2024 Lifetime Subscription worth ₹9199.00 | 1 year Microsoft 365 basic subscription,https://www.hp.com/in-en/shop/hp-laptop-14-ep0340tu-bg6d3pa.html,13th Generation Intel® Core™ i5 processor,Windows 11 Home,"35.6 cm (14) diagonal, FHD display",Intel® UHD Graphics,16 GB DDR4 RAM,512 GB SSD Hard Drive,1 year Microsoft 365 basic subscription,hp x entry backpack ,8.0,512,SSD,256,14266.0,Intel,i5,Normal,Integrated,Mid-Range,0,1,False,46.0,,Lenovo
"HP EliteBook X G1a 35.6 cm (14) Notebook Next Gen AI PC, Silver",0.0,Copilot+ PC.The game-changing AI PC tech experts dream about,AMD Ryzen™ AI 7 PRO processor | Windows 11 Pro | 35.6 cm (14) diagonal 2.8K OLED touch display | AMD Radeon™ 880M Graphics | 64 GB LPDDR5x RAM | 1 TB SSD Hard Drive,B85TPPT,229868.0,248445.0,"HP 215 39.6 cm (15.6) Laptop Backpack worth ₹ 1,785",https://www.hp.com/in-en/shop/hp-elitebook-x-g1a-14-inch-notebook-next-gen-ai-pc-b85tppt.html,AMD Ryzen™ AI 7 PRO processor,Windows 11 Pro,35.6 cm (14) diagonal 2.8K OLED touch display,AMD Radeon™ 880M Graphics,64 GB LPDDR5x RAM,1 TB SSD Hard Drive,No,hp 215 39.6 cm (15.6) laptop backpack ,32.0,1,SSD,256,23446.0,Intel,i7,Premium,Integrated,Premium,1,1,False,130.0,"Mouse, MS Office",Lenovo
"HP Laptop 35.6 cm (14) 14-ep0385TU, Silver",0.0,Reliable computing yet stylish laptop that makes the wallet happy,"Intel® Core™ 5-120U processor | Windows 11 Home | 35.6 cm (14) diagonal, FHD display | Intel® UHD Graphics | 16 GB DDR4-3200 RAM | 512 GB SSD Hard Drive",C21ZCPA,65692.0,73265.0,HP X Entry Backpack worth  ₹1999.00 | Microsoft Office Home 2024 Lifetime Subscription worth ₹9199.00 | 1 year Microsoft 365 basic subscription,https://www.hp.com/in-en/shop/hp-laptop-14-ep0385tu-c21zcpa.html,Intel® Core™ 5-120U processor,Windows 11 Home,"35.6 cm (14) diagonal, FHD display",Intel® UHD Graphics,16 GB DDR4-3200 RAM,512 GB SSD Hard Drive,1 year Microsoft 365 basic subscription,hp x entry backpack ,16.0,512,SSD,512,11766.0,Intel,i7,Normal,Integrated,Mid-Range,1,0,False,33.0,"Backpack, Mouse, MS Office",Lenovo
"OMEN MAX Gaming Laptop 16, Black, Core Ultra 7 - 255HX (20C), RTX 5070 8GB, 32 GB DDR5",0.0,Built to break limits,"Intel® Core™ Ultra 7 255HX processor | Windows 11 Home | 40.6 cm (16) diagonal 2K display,165 Hz, 3 ms response time, IPS | NVIDIA® GeForce RTX™ 5070 8GB | 32 GB DDR5-5600 RAM | 1 TB SSD Hard Drive",C27DVPA,201818.0,230443.0,,https://www.hp.com/in-en/shop/omen-max-gaming-laptop-16-ah0087tx-c27dvpa.html,Intel® Core™ Ultra 7 255HX processor,Windows 11 Home,"40.6 cm (16) diagonal 2K display,165 Hz, 3 ms response time, IPS",Integrated,32 GB DDR5-5600 RAM,1 TB SSD Hard Drive,No,none,8.0,1,SSD,1024,25444.0,AMD,Ryzen 7,Premium,Integrated,Premium,1,0,False,66.0,"Mouse, MS Office",Lenovo
"HP EliteBook 8 G1i 33.8 cm (13.3) Notebook AI PC, Silver",0.0,An innovative AI PC tailored for hybrid teams,"Intel® Core™ Ultra 7 processor | Windows 11 Pro | 33.8 cm (13.3) diagonal, WUXGA, IPS, 800 nits touch display | Intel® Graphics | 16 GB RAM | 1 TB SSD Hard Drive",BQ8J4PT,186560.0,186103.0,,https://www.hp.com/in-en/shop/elitebook-8-13-inch-flip-g1i-bq8j4pt.html,Intel® Core™ Ultra 7 processor,Windows 11 Pro,"33.8 cm (13.3) diagonal, WUXGA, IPS, 800 nits touch display",Intel® Graphics,16 GB RAM,1 TB SSD Hard Drive,No,none,16.0,1,SSD,256,104.0,Intel,i5,Premium,Integrated,Premium,0,0,False,34.0,"Backpack, Mouse",Lenovo
"HP EliteBook 6 G1q 35.6 cm (14) Notebook Next Gen AI PC, Silver",0.0,Power your organization into the future with next-gen AI,"Snapdragon® X processor | Windows 11 Pro | 35.6 cm (14) diagonal, WUXGA, IPS, anti-glare, 300 nits, touch display | Qualcomm® Adreno™ GPU | 16 GB LPDDR5x-8533 RAM | 512 GB SSD Hard Drive",C27TFPT,94913.0,99667.0,,https://www.hp.com/in-en/shop/hp-elitebook-6-g1q-14-notebook-next-gen-ai-pc-c27tfpt.html,Snapdragon® X processor,Windows 11 Pro,"35.6 cm (14) diagonal, WUXGA, IPS, anti-glare, 300 nits, touch display",Integrated,16 GB LPDDR5x-8533 RAM,512 GB SSD Hard Drive,No,none,16.0,512,SSD,256,2168.0,AMD,Ryzen 5,Premium,Integrated,Premium,1,1,False,33.0,"Backpack, Mouse, MS Office",Lenovo
"HP ProBook 4 35.6 cm (14) G1iR Business Laptop PC, Silver",0.0,Affordable devices designed with business in mind; commercial grade features with durable design,"13th Generation Intel® Core™ i5 processor | FreeDOS | 35.6 cm (14) diagonal, WUXGA IPS display | Intel® Iris® Xᵉ Graphics | 8 GB DDR5-5600 RAM | 512 GB SSD Hard Drive",C22NLAT,77696.0,82445.0,"HP 215 39.6 cm (15.6) Laptop Backpack worth ₹ 1,785",https://www.hp.com/in-en/shop/hp-probook-4-g1ir-14-inch-notebook-pc-c22nlat.html,13th Generation Intel® Core™ i5 processor,Unknown,"35.6 cm (14) diagonal, WUXGA IPS display",Intel® Iris® Xᵉ Graphics,8 GB DDR5-5600 RAM,512 GB SSD Hard Drive,No,hp 215 39.6 cm (15.6) laptop backpack ,8.0,512,SSD,1024,2946.0,AMD,Ryzen 7,Normal,Integrated,Mid-Range,0,1,False,17.0,"Backpack, Mouse, MS Office",Lenovo
"HP EliteBook X G1a 35.6 cm (14) Notebook Next Gen AI PC, Silver",0.0,Copilot+ PC.The game-changing AI PC tech experts dream about,AMD Ryzen™ AI 7 PRO processor | Windows 11 Pro | 35.6 cm (14) diagonal 2.8K OLED touch display | AMD Radeon™ 880M Graphics | 64 GB LPDDR5x RAM | 1 TB SSD Hard Drive,B85TPPT,220904.0,248445.0,"HP 215 39.6 cm (15.6) Laptop Backpack worth ₹ 1,785",https://www.hp.com/in-en/shop/hp-elitebook-x-g1a-14-inch-notebook-next-gen-ai-pc-b85tppt.html,AMD Ryzen™ AI 7 PRO processor,Windows 11 Pro,35.6 cm (14) diagonal 2.8K OLED touch display,AMD Radeon™ 880M Graphics,64 GB LPDDR5x RAM,1 TB SSD Hard Drive,No,hp 215 39.6 cm (15.6) laptop backpack ,16.0,1,SSD,256,23446.0,Intel,i3,Premium,Integrated,Premium,1,0,False,130.0,"Mouse, MS Office",Lenovo
"HP Laptop 35.6 cm (14) 14-ep1181TU, Silver",0.0,Reliable computing yet stylish laptop that makes the wallet happy,"Intel® Core™ Ultra 7-155H processor | Windows 11 Home | 35.6 cm (14) diagonal, FHD, anti-glare display | Intel® Arc™ Graphics | 24 GB DDR5-5600 RAM | 1 TB SSD Hard Drive",CJ9E0PA,79561.0,93262.0,HP X Entry Backpack worth  ₹1999.00 | Microsoft Office Home 2024 Lifetime Subscription worth ₹9199.00,https://www.hp.com/in-en/shop/hp-laptop-14-ep1181tu-cj9e0pa.html,Intel® Core™ Ultra 7-155H processor,Windows 11 Home,"35.6 cm (14) diagonal, FHD, anti-glare display",Intel® Arc™ Graphics,24 GB DDR5-5600 RAM,1 TB SSD Hard Drive,Microsoft Office Home 2024 Lifetime Subscription worth ₹9199.00,hp x entry backpack ,32.0,1,SSD,1024,9763.0,AMD,Ryzen 5,Premium,Integrated,Mid-Range,1,0,True,50.0,"Mouse, MS Office",Lenovo
"HP ProBook 440 35.6 cm (14) G10 Business Laptop PC, Silver",4.0,Affordable devices designed with business in mind; commercial grade features with durable design,"13th Generation Intel® Core™ i5 processor | Windows 11 Pro | 35.6 cm (14) diagonal, FHD display | Intel® Iris® Xᶱ Graphics | 16 GB DDR4-3200 MT/s RAM | 512 GB SSD Hard Drive",B15JRAT,90877.0,100086.0,"HP 215 39.6 cm (15.6) Laptop Backpack worth ₹ 1,785",https://www.hp.com/in-en/shop/hp-probook-440-14-g10-notebook-pc-b15jrat.html,13th Generation Intel® Core™ i5 processor,Windows 11 Pro,"35.6 cm (14) diagonal, FHD display",Intel® Iris® Xᶱ Graphics,16 GB DDR4-3200 MT/s RAM,512 GB SSD Hard Drive,No,hp 215 39.6 cm (15.6) laptop backpack ,8.0,512,SSD,1024,9087.0,Intel,i3,Premium,Integrated,Premium,1,1,False,53.0,"Backpack, Mouse, MS Office",Lenovo
"HP Laptop 39.6 cm (15.6) 15-fd1444TU, Silver",0.0,Reliable computing yet stylish laptop that makes the wallet happy,"Intel® Core™ 5-120U processor | Windows 11 Home Single Language | 39.6 cm (15.6) diagonal, FHD, anti-glare display | Intel® Graphics | 8 GB DDR4-3200 RAM | 512 GB SSD Hard Drive",C9LZ5PA,51493.0,61750.0,HP X Entry Backpack worth  ₹1999.00 | Microsoft Office Home 2024 Lifetime Subscription worth ₹9199.00 | 1 year Microsoft 365 basic subscription,https://www.hp.com/in-en/shop/hp-laptop-15-fd1444tu-c9lz5pa.html,Intel® Core™ 5-120U processor,Windows 11 Home Single Language,"39.6 cm (15.6) diagonal, FHD, anti-glare display",Intel® Graphics,8 GB DDR4-3200 RAM,512 GB SSD Hard Drive,1 year Microsoft 365 basic subscription,hp x entry backpack ,8.0,512,SSD,256,6251.0,AMD,Ryzen 5,Normal,Integrated,Mid-Range,0,0,False,17.0,"Mouse, MS Office",Lenovo
"HP ZBook Firefly 40.6 cm (16) G11 Mobile Workstation PC, Silver",4.6667,"Recommended for  2D and light 3D workflows, photography, and for running multiple large Microsoft Office files.",Intel® Core™ Ultra 7 processor | Windows 11 Pro | 40.6 cm (16) diagonal WUXGA display | Intel® Graphics | 32 GB DDR5-5600 RAM | 1 TB SSD Solid State Drive,A1VT7PT,151140.0,241017.0,,https://www.hp.com/in-en/shop/hp-zbook-firefly-16-inch-g11-mobile-workstation-pc-a1vt7pt.html,Intel® Core™ Ultra 7 processor,Windows 11 Pro,40.6 cm (16) diagonal WUXGA display,Intel® Graphics,32 GB DDR5-5600 RAM,1 TB SSD Solid State Drive,No,none,16.0,1,SSD,1024,90355.0,Intel,i7,Premium,Integrated,Premium,0,1,False,89.3335,"Mouse, MS Office",Lenovo
HP ZBook Power 40.6 cm (16) G11 Mobile Workstation PC,3.8,"Recommended for  2D and light 3D workflows, photography, and for running multiple large Microsoft Office files.",Intel® Core™ Ultra 9 processor | Windows 11 Pro | 40.6 cm (16) diagonal WUXGA display | NVIDIA RTX™ 3000 Ada Generation Laptop GPU | 64 GB DDR5-5600 RAM | 1 TB SSD Solid State Drive,A8WM3PT,301011.0,487807.0,Evon Essential Series Black Bagpack,https://www.hp.com/in-en/shop/hp-zbook-power-16-g11-mobile-workstation-pc-a8wm3pt.html,Intel® Core™ Ultra 9 processor,Windows 11 Pro,40.6 cm (16) diagonal WUXGA display,Integrated,64 GB DDR5-5600 RAM,1 TB SSD Solid State Drive,No,evon essential series black bagpack,8.0,1,SSD,1024,181808.0,AMD,Ryzen 5,Premium,Integrated,Premium,0,1,False,149.0,"Mouse, MS Office",Lenovo
"HP OMEN MAX 40.6 cm (16) Gaming Laptop 16-ah0152TX, Black",0.0,Maximize gaming power with the OMEN range featuring a large display for the most immersive gaming experience.,"Intel® Core™ Ultra 7 processor | Windows 11 Home | 40.6 cm (16) diagonal, 2K (1920 x 1200) Antiglare Low Blue Light 400 nits [A4NT5AV], 60-165 Hz, 3 ms response time, IPS | NVIDIA® GeForce RTX™ 5080 (16 GB) | 64 GB DDR5-5600 RAM | 1 TB SSD Hard Drive",BQ6N9PA,278584.0,314751.0,,https://www.hp.com/in-en/shop/omen-max-gaming-laptop-16-ah0152tx-bq6n9pa.html,Intel® Core™ Ultra 7 processor,Windows 11 Home,"40.6 cm (16) diagonal, 2K (1920 x 1200) Antiglare Low Blue Light 400 nits [A4NT5AV], 60-165 Hz, 3 ms response time, IPS",Integrated,64 GB DDR5-5600 RAM,1 TB SSD Hard Drive,No,none,8.0,1,SSD,1024,34752.0,Intel,i7,Premium,Integrated,Premium,0,0,False,130.0,"Mouse, MS Office",Lenovo
"OMEN MAX Gaming Laptop 16, Black, Core Ultra 9 - 275HX (24C), RTX 5090 24GB, 32 GB DDR5",0.0,Built to break limits,"Intel® Core™ Ultra 9 275HX processor | Windows 11 Home | 40.6 cm (16) diagonal WQXGA OLED display,240 Hz, 0.2 ms response time, | NVIDIA® GeForce RTX™ 5090 24GB | 32 GB DDR5-5600 MT/s (2 x 16 GB) RAM | 1TB SSD Hard Drive",C27DXPA,384796.0,427163.0,,https://www.hp.com/in-en/shop/omen-max-gaming-laptop-16-ah0218tx-c27dxpa.html,Intel® Core™ Ultra 9 275HX processor,Windows 11 Home,"40.6 cm (16) diagonal WQXGA OLED display,240 Hz, 0.2 ms response time,",Integrated,32 GB DDR5-5600 MT/s (2 x 16 GB) RAM,1TB SSD Hard Drive,No,none,32.0,1,SSD,1024,47164.0,AMD,Ryzen 7,Premium,Integrated,Premium,1,0,False,66.0,"Backpack, Mouse, MS Office",Lenovo
"HP Laptop 39.6 cm (15.6) 15-fd0640TU, Silver",4.5,A reliably built laptop to keep you in the zone,Intel® Core™ 5-120U processor | Windows 11 Home | 39.6 cm (15.6) diagonal FHD display | Intel® UHD Graphics | 16 GB DDR4-3200 RAM | 512 GB SSD Hard Drive,BX9R8PA,54584.0,69629.0,HP X Entry Backpack worth  ₹1999.00 | Microsoft Office Home 2024 Lifetime Subscription worth ₹9199.00 | 1 year Microsoft 365 basic subscription,https://www.hp.com/in-en/shop/hp-laptop-15-fd0640tu-bx9r8pa.html,Intel® Core™ 5-120U processor,Windows 11 Home,39.6 cm (15.6) diagonal FHD display,Intel® UHD Graphics,16 GB DDR4-3200 RAM,512 GB SSD Hard Drive,1 year Microsoft 365 basic subscription,hp x entry backpack ,8.0,512,SSD,256,10130.0,Intel,i7,Normal,Integrated,Mid-Range,1,0,False,55.5,"Backpack, Mouse, MS Office",Lenovo
"HP Laptop 39.6 cm (15.6) 15-fc0500AU, Silver",4.5,Reliable computing yet stylish laptop that makes the wallet happy,"AMD Ryzen™ 3-7320U processor | Windows 11 Home | 39.6 cm (15.6) diagonal, FHD display | AMD Radeon™ Graphics | 8 GB 5500 LPDDR5 (on-board) RAM | 512 GB SSD Hard Drive",BV2W0PA,44114.0,44783.0,HP X Entry Backpack worth  ₹1999.00 | Microsoft Office Home 2024 Lifetime Subscription worth ₹9199.00 | 1 year Microsoft 365 basic subscription,https://www.hp.com/in-en/shop/hp-laptop-15-fc0500au-bv2w0pa.html,AMD Ryzen™ 3-7320U processor,Windows 11 Home,"39.6 cm (15.6) diagonal, FHD display",AMD Radeon™ Graphics,8 GB 5500 LPDDR5 (on-board) RAM,512 GB SSD Hard Drive,1 year Microsoft 365 basic subscription,hp x entry backpack ,8.0,512,SSD,256,4784.0,AMD,Ryzen 7,Normal,Integrated,Mid-Range,1,0,False,39.5,"Mouse, MS Office",Lenovo
"HP EliteBook 640 35.6 cm (14) G11 Business Laptop PC, Silver",0.0,Devices that maximize business value to enterprise employees across all hybrid workstyles,"Intel® Core™ Ultra 5 processor | Windows 11 Pro | 35.6 cm (14) diagonal, WUXGA, IPS display | Intel® Graphics | 16 GB DDR5-5600 RAM | 512 GB SSD Hard Drive",B7TU5PT,116081.0,127112.0,,https://www.hp.com/in-en/shop/hp-elitebook-640-14-g11-notebook-pc-b7tu5pt.html,Intel® Core™ Ultra 5 processor,Windows 11 Pro,"35.6 cm (14) diagonal, WUXGA, IPS display",Intel® Graphics,16 GB DDR5-5600 RAM,512 GB SSD Hard Drive,No,none,32.0,512,SSD,1024,10077.0,AMD,Ryzen 5,Premium,Integrated,Premium,0,1,False,33.0,"Mouse, MS Office",Lenovo
HP ZBook Power 40.6 cm (16) G11 Mobile Workstation PC,3.8,"Recommended for  2D and light 3D workflows, photography, and for running multiple large Microsoft Office files.",Intel® Core™ Ultra 9 processor | Windows 11 Pro | 40.6 cm (16) diagonal WUXGA display | NVIDIA RTX™ 2000 Ada Generation Laptop GPU | 32 GB DDR5-5600 RAM | 1 TB SSD Solid State Drive,A8WM4PT,262262.0,409781.0,,https://www.hp.com/in-en/shop/hp-zbook-power-16-g11-mobile-workstation-pc-a8wm4pt.html,Intel® Core™ Ultra 9 processor,Windows 11 Pro,40.6 cm (16) diagonal WUXGA display,Integrated,32 GB DDR5-5600 RAM,1 TB SSD Solid State Drive,No,none,32.0,1,SSD,256,145782.0,AMD,Ryzen 3,Premium,Integrated,Premium,1,0,False,85.0,"Mouse, MS Office",Lenovo
"HP Victus 39.6cm (15.6) Gaming Laptop 15-fb3122AX, Blue",0.0,Fulfill your gaming destiny,"AMD Ryzen™ 7-7445HS processor | Windows 11 Home | 39.6 cm (15.6) diagonal FHD 144 Hz, IPS, 300 nits display | NVIDIA® GeForce RTX™ 2050 4GB | 16 GB DDR5-5600 RAM(Upgradeable) | 512 GB SSD Hard Drive",BV0R4PA,67809.0,76354.0,Microsoft Office Home 2024 Lifetime Subscription worth ₹9199.00,https://www.hp.com/in-en/shop/hp-victus-gaming-laptop-15-fb3122ax-bv0r4pa.html,AMD Ryzen™ 7-7445HS processor,Windows 11 Home,"39.6 cm (15.6) diagonal FHD 144 Hz, IPS, 300 nits display",Integrated,16 GB DDR5-5600 RAM(Upgradeable),512 GB SSD Hard Drive,Microsoft Office Home 2024 Lifetime Subscription worth ₹9199.00,none,8.0,512,SSD,1024,8954.0,Intel,i5,Gaming,Integrated,Mid-Range,1,1,True,33.0,"Backpack, Mouse, MS Office",Lenovo
"HP EliteBook 640 35.6 cm (14) G11 Business Laptop PC, Silver",0.0,Devices that maximize business value to enterprise employees across all hybrid workstyles,"Intel® Core™ Ultra 5 processor | Windows 11 Pro | 35.6 cm (14) diagonal, WUXGA, IPS display | Intel® Graphics | 16 GB DDR5-5600 RAM | 512 GB SSD Hard Drive",B7TU5PT,117875.0,127112.0,,https://www.hp.com/in-en/shop/hp-elitebook-640-14-g11-notebook-pc-b7tu5pt.html,Intel® Core™ Ultra 5 processor,Windows 11 Pro,"35.6 cm (14) diagonal, WUXGA, IPS display",Intel® Graphics,16 GB DDR5-5600 RAM,512 GB SSD Hard Drive,No,none,32.0,512,SSD,256,10077.0,Intel,i5,Premium,Integrated,Premium,1,0,False,33.0,"Mouse, MS Office",Lenovo
HP ZBook Power 40.6 cm (16) G11 Mobile Workstation PC,3.8,"Recommended for  2D and light 3D workflows, photography, and for running multiple large Microsoft Office files.",Intel® Core™ Ultra 9 processor | Windows 11 Pro | 40.6 cm (16) diagonal WUXGA display | NVIDIA RTX™ 2000 Ada Generation Laptop GPU | 32 GB DDR5-5600 RAM | 1 TB SSD Solid State Drive,A8WM4PT,266022.0,409781.0,,https://www.hp.com/in-en/shop/hp-zbook-power-16-g11-mobile-workstation-pc-a8wm4pt.html,Intel® Core™ Ultra 9 processor,Windows 11 Pro,40.6 cm (16) diagonal WUXGA display,Integrated,32 GB DDR5-5600 RAM,1 TB SSD Solid State Drive,No,none,16.0,1,SSD,1024,145782.0,Intel,i5,Premium,Integrated,Premium,0,0,False,85.0,"Mouse, MS Office",Lenovo
"HP ProBook 4 G1q 35.6 cm (14) Notebook Next Gen AI PC, Silver",0.0,Copilot+ PC.Power your business with next-gen AI performance,"Snapdragon® X processor | Windows 11 Pro | 35.6 cm (14) diagonal, WUXGA, IPS, 300 nits display | Qualcomm® Adreno™ GPU | 16 GB LPDDR5x-8533 RAM | 512 GB SSD Hard Drive",C22NGAT,88788.0,96777.0,,https://www.hp.com/in-en/shop/hp-probook-4-g1q-14-notebook-next-gen-ai-pc-c22ngat.html,Snapdragon® X processor,Windows 11 Pro,"35.6 cm (14) diagonal, WUXGA, IPS, 300 nits display",Integrated,16 GB LPDDR5x-8533 RAM,512 GB SSD Hard Drive,No,none,8.0,512,SSD,256,9178.0,Intel,i3,Premium,Integrated,Premium,1,1,False,33.0,"Backpack, Mouse, MS Office",Lenovo
HP ZBook Power 40.6 cm (16) G11 Mobile Workstation PC,3.8,"Recommended for  2D and light 3D workflows, photography, and for running multiple large Microsoft Office files.",Intel® Core™ Ultra 7 processor | Windows 11 Pro | 40.6 cm (16) diagonal WUXGA display | NVIDIA RTX™ A500 graphics | 16 GB DDR5-5600 RAM | 1 TB SSD Solid State Drive,A8WN3PT,192283.0,279605.0,,https://www.hp.com/in-en/shop/hp-zbook-power-16-g11-mobile-workstation-pc-a8wn3pt.html,Intel® Core™ Ultra 7 processor,Windows 11 Pro,40.6 cm (16) diagonal WUXGA display,NVIDIA RTX™ A500 graphics,16 GB DDR5-5600 RAM,1 TB SSD Solid State Drive,No,none,32.0,1,SSD,1024,91606.0,Intel,i3,Premium,Dedicated,Premium,1,1,False,53.0,"Backpack, Mouse, MS Office",Lenovo
"HP ZBook Firefly 35.6 cm (14) G11 Mobile Workstation PC, Silver",3.0,"Recommended for  2D and light 3D workflows, photography, and for running multiple large Microsoft Office files.",AMD Ryzen™ 7 processor | FreeDOS | 35.6 cm (14) diagonal WUXGA IPS display | Intel® UMA Graphics | 16 GB DDR5-5600 RAM | 1 TB SSD Solid State Drive,B7ER6PT,96745.0,189802.0,"FREE Bag (35L98AA) worth ₹ 1,785",https://www.hp.com/in-en/shop/hp-zbook-firefly-14-inch-g11-a-mobile-workstation-pc-b7er6pt.html,AMD Ryzen™ 7 processor,Unknown,35.6 cm (14) diagonal WUXGA IPS display,Intel® UMA Graphics,16 GB DDR5-5600 RAM,1 TB SSD Solid State Drive,No,free bag (35l98aa) ,32.0,1,SSD,256,92098.0,AMD,Ryzen 3,Premium,Integrated,Premium,1,1,False,49.0,"Backpack, Mouse",Lenovo
"HP Laptop 39.6 cm (15.6) 15-fd0465TU, Silver",3.0,A reliably built laptop to keep you in the zone,13th Generation Intel® Core™ i3 processor | Windows 11 Home Single Language | 39.6 cm (15.6) diagonal FHD display | Intel® Graphics | 8 GB DDR4-3200 MT/s RAM | 512 GB SSD Hard Drive,B61ZFPA,41971.0,50842.0,HP X Entry Backpack worth  ₹1999.00 | Microsoft Office Home 2024 Lifetime Subscription worth ₹9199.00 | 1 year Microsoft 365 basic subscription,https://www.hp.com/in-en/shop/hp-laptop-15-fd0465tu-b61zfpa.html,13th Generation Intel® Core™ i3 processor,Windows 11 Home Single Language,39.6 cm (15.6) diagonal FHD display,Intel® Graphics,8 GB DDR4-3200 MT/s RAM,512 GB SSD Hard Drive,1 year Microsoft 365 basic subscription,hp x entry backpack ,8.0,512,SSD,256,10343.0,AMD,Ryzen 3,Normal,Integrated,Mid-Range,1,1,False,32.0,"Backpack, Mouse, MS Office",Lenovo
"HP EliteBook X G1i 35.6 cm (14) Notebook Next Gen AI PC, Blue",0.0,Copilot+ PC.The game-changing AI PC tech experts dream about,Intel® Core™ Ultra 7 processor | Windows 11 Pro | 35.6 cm (14) diagonal WUXGA touch display | Intel® Arc™ Graphics | 32 GB LPDDR5x RAM | 1 TB SSD Hard Drive,B8QX0PT,231237.0,252778.0,,https://www.hp.com/in-en/shop/hp-elitebook-x-g1i-14-inch-notebook-next-gen-ai-pc-b8qx0pt.html,Intel® Core™ Ultra 7 processor,Windows 11 Pro,35.6 cm (14) diagonal WUXGA touch display,Intel® Arc™ Graphics,32 GB LPDDR5x RAM,1 TB SSD Hard Drive,No,none,8.0,1,SSD,256,23779.0,Intel,i3,Premium,Integrated,Premium,0,1,False,66.0,"Mouse, MS Office",Lenovo
"HP ProBook 4 35.6 cm (14) G1iR Business Laptop PC, Silver",0.0,Affordable devices designed with business in mind; commercial grade features with durable design,"13th Generation Intel® Core™ i5 processor | Windows 11 Pro | 35.6 cm (14) diagonal, WUXGA, IPS display | Intel® Iris® Xᵉ Graphics | 8 GB DDR5-5600 RAM | 512 GB SSD Hard Drive",C22NKAT,92208.0,103445.0,"HP 215 39.6 cm (15.6) Laptop Backpack worth ₹ 1,785",https://www.hp.com/in-en/shop/hp-probook-4-g1ir-14-inch-notebook-pc-c22nkat.html,13th Generation Intel® Core™ i5 processor,Windows 11 Pro,"35.6 cm (14) diagonal, WUXGA, IPS display",Intel® Iris® Xᵉ Graphics,8 GB DDR5-5600 RAM,512 GB SSD Hard Drive,No,hp 215 39.6 cm (15.6) laptop backpack ,16.0,512,SSD,512,6946.0,AMD,Ryzen 5,Normal,Integrated,Premium,1,1,False,17.0,"Backpack, Mouse, MS Office",Lenovo
"HP OmniBook 7 Aero Next Gen AI 13-bg1456AU, Silver",5.0,Copilot+ PC.Engineered for durability and performance for power users and students.,AMD Ryzen™ AI 7 processor | Windows 11 Home Single Language | 33.78 cm (13.3) diagonal WQXGA IPS display | AMD Radeon™ 860M Graphics | 16 GB LPDDR5x-7500 RAM | 512 GB SSD Hard Drive,BK1T2PA,98758.0,106875.0,Trendsetter Backpack | Microsoft Office Home 2024 Lifetime Subscription worth ₹9199.00 | 1 year Microsoft 365 basic subscription,https://www.hp.com/in-en/shop/hp-omnibook-7-aerongai-13-bg1456au-bk1t2pa.html,AMD Ryzen™ AI 7 processor,Windows 11 Home Single Language,33.78 cm (13.3) diagonal WQXGA IPS display,AMD Radeon™ 860M Graphics,16 GB LPDDR5x-7500 RAM,512 GB SSD Hard Drive,1 year Microsoft 365 basic subscription,trendsetter backpack,8.0,512,SSD,256,9876.0,AMD,Ryzen 7,Premium,Integrated,Premium,1,0,False,58.0,"Backpack, Mouse, MS Office",Lenovo
HP ZBook Studio 40.6 cm (16) G11,1.950016958,,"up to Intel® Core™ Ultra 9 processor | up to Windows 11 Pro | up to NVIDIA® GeForce RTX™ 4070 Laptop GPU | up to 64GB DDR5 5600 RAM | up to 2 TB SSD Solid State Drive | Fingerprint reader, Spill-resistant, full-size, backlit keyboard, Audio by Poly Studio",zbookstudiog11,269115.0,,,https://www.hp.com/in-en/shop/hp-zbook-studio-40-6-cm-16-g11.html,up to Intel® Core™ Ultra 9 processor,up to Windows 11 Pro,,Integrated,up to 64GB DDR5 5600 RAM,up to 2 TB SSD Solid State Drive,No,none,8.0,2,SSD,256,,AMD,Ryzen 7,Premium,Integrated,Premium,0,0,False,141.7500848,"Backpack, Mouse, MS Office",Lenovo
HP Laptop 39.6 cm (15.6) 15-fc0390AU,3.0,Reliable computing yet stylish laptop that makes the wallet happy,AMD Ryzen™ 7-7730U processor | Windows 11 Home | 39.6 cm (15.6) diagonal FHD display | AMD Radeon™ Graphics | 16 GB DDR4-3200 RAM | 512 GB SSD Hard Drive,B7UW1PA,56406.0,64175.0,HP X Entry Backpack worth  ₹1999.00 | Microsoft Office Home 2024 Lifetime Subscription worth ₹9199.00 | 1 year Microsoft 365 basic subscription,https://www.hp.com/in-en/shop/hp-laptop-15-fc0390au-b7uw1pa.html,AMD Ryzen™ 7-7730U processor,Windows 11 Home,39.6 cm (15.6) diagonal FHD display,AMD Radeon™ Graphics,16 GB DDR4-3200 RAM,512 GB SSD Hard Drive,1 year Microsoft 365 basic subscription,hp x entry backpack ,32.0,512,SSD,256,12176.0,AMD,Ryzen 3,Normal,Integrated,Mid-Range,0,1,False,48.0,"Backpack, Mouse, MS Office",Lenovo
"HP EliteBook X G1a 35.6 cm (14) Notebook Next Gen AI PC, Silver",0.0,Copilot+ PC.The game-changing AI PC tech experts dream about,AMD Ryzen™ AI 9 processor | Windows 11 Pro | 35.6 cm (14) diagonal 2.8K OLED touch display | AMD Radeon™ 890M Graphics | 32 GB LPDDR5x RAM | 1 TB SSD Hard Drive,B85W6PT,229446.0,,"HP 215 39.6 cm (15.6) Laptop Backpack worth ₹ 1,785",https://www.hp.com/in-en/shop/hp-elitebook-x-g1a-14-inch-notebook-next-gen-ai-pc-b85w6pt.html,AMD Ryzen™ AI 9 processor,Windows 11 Pro,35.6 cm (14) diagonal 2.8K OLED touch display,AMD Radeon™ 890M Graphics,32 GB LPDDR5x RAM,1 TB SSD Hard Drive,No,hp 215 39.6 cm (15.6) laptop backpack ,8.0,1,SSD,256,,AMD,Ryzen 7,Premium,Integrated,Premium,0,0,False,66.0,"Backpack, Mouse, MS Office",Lenovo
"HP Elite x360 1040 35.6 cm (14) G11 2-in-1 Business Laptop PC, Silver",5.0,Innovative design and real power for real work,Intel® Core™ Ultra 7 processor | Windows 11 Pro | 35.6 cm (14) diagonal 2.8K OLED touch display | Intel® Arc™ Graphics | 32 GB LPDDR5x RAM | 1 TB SSD Hard Drive,B85XHPT,181661.0,221107.0,HP Pen,https://www.hp.com/in-en/shop/hp-elite-x360-1040-14-inch-g11-2-in-1-notebook-pc-b85xhpt.html,Intel® Core™ Ultra 7 processor,Windows 11 Pro,35.6 cm (14) diagonal 2.8K OLED touch display,Intel® Arc™ Graphics,32 GB LPDDR5x RAM,1 TB SSD Hard Drive,No,hp pen,32.0,1,SSD,512,37108.0,Intel,i7,Premium,Integrated,Premium,0,1,False,91.0,"Backpack, Mouse, MS Office",Lenovo
"HP ZBook Firefly 40.6 cm (16) G11 Mobile Workstation PC, Silver",4.6667,"Recommended for  2D and light 3D workflows, photography, and for running multiple large Microsoft Office files.",Intel® Core™ Ultra 7 processor | Windows 11 Pro | 40.6 cm (16) diagonal WUXGA display | Intel® Graphics | 32 GB DDR5-5600 RAM | 1 TB SSD Solid State Drive,A1VT7PT,153868.0,241017.0,,https://www.hp.com/in-en/shop/hp-zbook-firefly-16-inch-g11-mobile-workstation-pc-a1vt7pt.html,Intel® Core™ Ultra 7 processor,Windows 11 Pro,40.6 cm (16) diagonal WUXGA display,Intel® Graphics,32 GB DDR5-5600 RAM,1 TB SSD Solid State Drive,No,none,16.0,1,SSD,1024,90355.0,Intel,i3,Premium,Integrated,Premium,0,0,False,89.3335,"Mouse, MS Office",Lenovo
"HP OmniBook 5 Next Gen AI 16-ag1037AU, Silver",4.5,Copilot+ PC.The upgrade you need from HP Pavilion. Excellent for students and families.,"AMD Ryzen™ AI 5 processor | Windows 11 Home | 40.6 cm (16) diagonal, 2K IPS, 300 nits display | AMD Radeon™ 840M Graphics | 16 GB LPDDR5x-7500 RAM | 512 GB SSD Hard Drive",BP0J7PA,73863.0,85965.0,Trendsetter Backpack | Microsoft Office Home 2024 Lifetime Subscription worth ₹9199.00 | 1 year Microsoft 365 basic subscription,https://www.hp.com/in-en/shop/hp-omnibook-5-ngai-16-ag1037au-bp0j7pa.html,AMD Ryzen™ AI 5 processor,Windows 11 Home,"40.6 cm (16) diagonal, 2K IPS, 300 nits display",AMD Radeon™ 840M Graphics,16 GB LPDDR5x-7500 RAM,512 GB SSD Hard Drive,1 year Microsoft 365 basic subscription,trendsetter backpack,16.0,512,SSD,512,8966.0,AMD,Ryzen 3,Normal,Integrated,Mid-Range,1,0,False,55.5,"Mouse, MS Office",Lenovo
"HP Victus 39.6 cm (15.6) Gaming Laptop 15-fb3118AX, Blue",4.6667,Fulfill your gaming destiny,"AMD Ryzen™ 7-7445HS processor | Windows 11 Home | 39.6 cm (15.6) diagonal FHD 144 Hz, IPS, 300 nits display | NVIDIA® GeForce RTX™ 4050 6GB | 16 GB DDR5-5600 RAM | 512 GB SSD Hard Drive",BT6D0PA,88764.0,95745.0,Microsoft Office Home 2024 Lifetime Subscription worth ₹9199.00 | 1 year Microsoft 365 basic subscription,https://www.hp.com/in-en/shop/hp-victus-gaming-laptop-15-fb3118ax-bt6d0pa.html,AMD Ryzen™ 7-7445HS processor,Windows 11 Home,"39.6 cm (15.6) diagonal FHD 144 Hz, IPS, 300 nits display",Integrated,16 GB DDR5-5600 RAM,512 GB SSD Hard Drive,1 year Microsoft 365 basic subscription,none,16.0,512,SSD,256,9246.0,AMD,Ryzen 7,Premium,Integrated,Premium,0,1,False,56.3335,"Backpack, Mouse, MS Office",Lenovo
HP ZBook Power 40.6 cm (16) G11 Mobile Workstation PC,3.8,"Recommended for  2D and light 3D workflows, photography, and for running multiple large Microsoft Office files.",Intel® Core™ Ultra 7 processor | Windows 11 Pro | 40.6 cm (16) diagonal WUXGA display | NVIDIA RTX™ 2000 Ada Generation Laptop GPU | 32 GB DDR5-5600 RAM | 1 TB SSD Solid State Drive,A8WM9PT,234809.0,346527.0,,https://www.hp.com/in-en/shop/hp-zbook-power-16-g11-mobile-workstation-pc-a8wm9pt.html,Intel® Core™ Ultra 7 processor,Windows 11 Pro,40.6 cm (16) diagonal WUXGA display,Integrated,32 GB DDR5-5600 RAM,1 TB SSD Solid State Drive,No,none,16.0,1,SSD,1024,116528.0,Intel,i3,Premium,Integrated,Premium,1,0,False,85.0,,Lenovo
"OMEN MAX Gaming Laptop 16, Black, Ultra 7 - 255HX (20C), RTX 5060 8GB, 32 GB",0.0,Built to break limits,"Intel® Core™ Ultra 7 255HX processor | Windows 11 Home | 40.6 cm (16), diagonal,2K (1920 x 1200),165 Hz, 3 ms response time, IPS | NVIDIA® GeForce RTX™ 5060 8GB | 32 GB DDR5-5600 MT/s (2 x 16 GB) RAM | 1TB SSD Hard Drive",BN7U3PA,189607.0,213581.0,,https://www.hp.com/in-en/shop/omen-max-gaming-laptop-16-ah0065tx-bn7u3pa.html,Intel® Core™ Ultra 7 255HX processor,Windows 11 Home,"40.6 cm (16), diagonal,2K (1920 x 1200),165 Hz, 3 ms response time, IPS",Integrated,32 GB DDR5-5600 MT/s (2 x 16 GB) RAM,1TB SSD Hard Drive,No,none,32.0,1,SSD,256,23582.0,Intel,i3,Premium,Integrated,Premium,1,0,False,66.0,"Backpack, Mouse, MS Office",Lenovo
"HP ProBook 440 35.6 cm (14) G11 Business Laptop PC, Silver",3.5,Affordable devices designed with business in mind; commercial grade features with durable design,"Intel® Core™ Ultra 5 processor | Windows 11 Pro | 35.6 cm (14) diagonal, WUXGA IPS display | Intel® Graphics | 16 GB DDR5-5600 RAM | 512 GB SSD Hard Drive",C3CL6PT,96344.0,106452.0,"HP 215 39.6 cm (15.6) Laptop Backpack worth ₹ 1,785",https://www.hp.com/in-en/shop/hp-probook-440-14-inch-g11-notebook-pc-c3cl6pt.html,Intel® Core™ Ultra 5 processor,Windows 11 Pro,"35.6 cm (14) diagonal, WUXGA IPS display",Intel® Graphics,16 GB DDR5-5600 RAM,512 GB SSD Hard Drive,No,hp 215 39.6 cm (15.6) laptop backpack ,16.0,512,SSD,1024,13653.0,Intel,i5,Premium,Integrated,Premium,0,1,False,50.5,"Mouse, MS Office",Lenovo
"HP EliteBook 6 G1i 35.6 cm (14) Notebook Next Gen AI PC, Silver",0.0,AI-ready for enterprise productivity,"Intel® Core™ Ultra 7 processor | Windows 11 Pro | 35.6 cm (14) diagonal WUXGA, IPS, 800 nits display | Intel® Graphics | 64 GB DDR5-5600 RAM | 1 TB SSD Hard Drive",BQ8J8PT,208514.0,206534.0,,https://www.hp.com/in-en/shop/hp-elitebook-6-g1i-14-inch-notebook-next-gen-ai-pc-bq8j8pt.html,Intel® Core™ Ultra 7 processor,Windows 11 Pro,"35.6 cm (14) diagonal WUXGA, IPS, 800 nits display",Intel® Graphics,64 GB DDR5-5600 RAM,1 TB SSD Hard Drive,No,none,16.0,1,SSD,512,1535.0,AMD,Ryzen 5,Premium,Integrated,Premium,0,1,False,130.0,,Lenovo
"HP ProBook 4 35.6 cm (14) G1iR Business Laptop PC, Silver",0.0,Affordable devices designed with business in mind; commercial grade features with durable design,"Intel® Core™ 5 processor | Windows 11 Pro | 35.6 cm (14) diagonal, WUXGA, IPS display | Intel® Graphics | 24 GB DDR5-5600 RAM | 512 GB SSD Hard Drive",CE1A7AT,90617.0,108889.0,"HP 215 39.6 cm (15.6) Laptop Backpack worth ₹ 1,785",https://www.hp.com/in-en/shop/hp-probook-4-g1ir-14-inch-notebook-pc-ce1a7at.html,Intel® Core™ 5 processor,Windows 11 Pro,"35.6 cm (14) diagonal, WUXGA, IPS display",Intel® Graphics,24 GB DDR5-5600 RAM,512 GB SSD Hard Drive,No,hp 215 39.6 cm (15.6) laptop backpack ,16.0,512,SSD,1024,14790.0,AMD,Ryzen 5,Premium,Integrated,Premium,1,1,False,49.0,"Backpack, Mouse, MS Office",Lenovo
"HP OmniBook Ultra Flip 35.6 cm (14) Next Gen AI 14-fh0368TU, Blue",0.0,"Copilot+ PC.Beautifully crafted, our fast and powerful OmniBook is perfect for freelancers and creators. Meet the AI-enhanced evolution of HP Spectre.","Intel® Core™ Ultra 9 processor with 48 TOPs | Next-Gen Windows | 35.6 cm (14) diagonal, 2.8K, OLED, UWVA, Corning® Gorilla® Glass 5, Low Blue Light display, 120Hz VRR and 400 nits brightness | Intel® Arc™ Graphics | 32 GB LPDDR5x-8533 RAM | 1 TB SSD Hard Drive",C88U8PA,194973.0,213581.0,Microsoft Office Home 2024 Lifetime Subscription worth ₹9199.00,https://www.hp.com/in-en/shop/hp-omnibook-ultra-flip-laptop-14-fh0368tu-c88u8pa.html,Intel® Core™ Ultra 9 processor with 48 TOPs,Next-Gen Windows,"35.6 cm (14) diagonal, 2.8K, OLED, UWVA, Corning® Gorilla® Glass 5, Low Blue Light display, 120Hz VRR and 400 nits brightness",Intel® Arc™ Graphics,32 GB LPDDR5x-8533 RAM,1 TB SSD Hard Drive,Microsoft Office Home 2024 Lifetime Subscription worth ₹9199.00,none,32.0,1,SSD,512,15582.0,Intel,i5,Premium,Integrated,Premium,1,1,True,66.0,"Backpack, Mouse, MS Office",Lenovo
"HP Victus 39.6 cm (15.6) Gaming Laptop 15-fa2409TX, Silver",0.0,Step up the fun with our most affordable gaming laptop range that doesn't shy on performance.,"Intel® Core™ 7 processor | Windows 11 Home | 39.6 cm (15.6) diagonal, FHD, IPS, anti-glare display | NVIDIA® GeForce RTX™ 5050 8 GB | 24 GB DDR5-5600 RAM (Upgradeable) | 1 TB SSD Hard Drive",CF5M6PA,116784.0,127709.0,Microsoft Office Home 2024 Lifetime Subscription worth ₹9199.00,https://www.hp.com/in-en/shop/victus-gaming-laptop-15-fa2409tx-cf5m6pa.html,Intel® Core™ 7 processor,Windows 11 Home,"39.6 cm (15.6) diagonal, FHD, IPS, anti-glare display",Integrated,24 GB DDR5-5600 RAM (Upgradeable),1 TB SSD Hard Drive,Microsoft Office Home 2024 Lifetime Subscription worth ₹9199.00,none,8.0,1,SSD,512,11710.0,AMD,Ryzen 7,Premium,Integrated,Premium,1,0,True,50.0,"Backpack, Mouse",Lenovo
"HP EliteBook 640 35.6 cm (14) G10 Notebook PC, Silver",0.0,Empowering the hybrid workforce,13th Generation Intel® Core™ i5 processor | Windows 11 Pro | 35.6 cm (14) diagonal FHD display | Intel® Iris® Xᵉ Graphics | 16 GB DDR4 RAM | 1 TB SSD Hard Drive,B81V2AT,107151.0,120968.0,"HP 215 39.6 cm (15.6) Laptop Backpack worth ₹ 1,785",https://www.hp.com/in-en/shop/hp-elitebook-640-14-g10-notebook-pc-b81v2at.html,13th Generation Intel® Core™ i5 processor,Windows 11 Pro,35.6 cm (14) diagonal FHD display,Intel® Iris® Xᵉ Graphics,16 GB DDR4 RAM,1 TB SSD Hard Drive,No,hp 215 39.6 cm (15.6) laptop backpack ,32.0,1,SSD,1024,13769.0,AMD,Ryzen 3,Premium,Integrated,Premium,1,1,False,34.0,"Backpack, Mouse, MS Office",Lenovo
"HP EliteBook 640 35.6 cm (14) G10 Notebook PC, Silver",0.0,Empowering the hybrid workforce,13th Generation Intel® Core™ i5 processor | Windows 11 Pro | 35.6 cm (14) diagonal FHD display | Intel® Iris® Xᵉ Graphics | 16 GB DDR4 RAM | 1 TB SSD Hard Drive,B81V2AT,102937.0,120968.0,"HP 215 39.6 cm (15.6) Laptop Backpack worth ₹ 1,785",https://www.hp.com/in-en/shop/hp-elitebook-640-14-g10-notebook-pc-b81v2at.html,13th Generation Intel® Core™ i5 processor,Windows 11 Pro,35.6 cm (14) diagonal FHD display,Intel® Iris® Xᵉ Graphics,16 GB DDR4 RAM,1 TB SSD Hard Drive,No,hp 215 39.6 cm (15.6) laptop backpack ,32.0,1,SSD,256,13769.0,Intel,i5,Premium,Integrated,Premium,1,0,False,34.0,"Backpack, Mouse, MS Office",Lenovo
HP ZBook Power 40.6 cm (16) G11 Mobile Workstation PC,3.8,"Recommended for  2D and light 3D workflows, photography, and for running multiple large Microsoft Office files.",Intel® Core™ Ultra 7 processor | Windows 11 Pro | 40.6 cm (16) diagonal WUXGA display | NVIDIA RTX™ 2000 Ada Generation Laptop GPU | 32 GB DDR5-5600 RAM | 1 TB SSD Solid State Drive,A8WM9PT,227741.0,346527.0,,https://www.hp.com/in-en/shop/hp-zbook-power-16-g11-mobile-workstation-pc-a8wm9pt.html,Intel® Core™ Ultra 7 processor,Windows 11 Pro,40.6 cm (16) diagonal WUXGA display,Integrated,32 GB DDR5-5600 RAM,1 TB SSD Solid State Drive,No,none,8.0,1,SSD,256,116528.0,AMD,Ryzen 5,Premium,Integrated,Premium,0,1,False,85.0,,Lenovo
"HP Laptop 39.6 cm (15.6) 15-fd0682TU, Silver",0.0,Reliable computing yet stylish laptop that makes the wallet happy,"Intel® Core™ 5-120U processor | Windows 11 Home Single Language | 39.6 cm (15.6) diagonal, FHD, anti-glare display | Intel® UHD Graphics | 16 GB DDR4-3200 RAM | 512 GB SSD Hard Drive",C27FBPA,61642.0,71446.0,Microsoft Office Home 2024 Lifetime Subscription worth ₹9199.00 | 1 year Microsoft 365 basic subscription,https://www.hp.com/in-en/shop/hp-laptop-15-fd0682tu-c27fbpa.html,Intel® Core™ 5-120U processor,Windows 11 Home Single Language,"39.6 cm (15.6) diagonal, FHD, anti-glare display",Intel® UHD Graphics,16 GB DDR4-3200 RAM,512 GB SSD Hard Drive,1 year Microsoft 365 basic subscription,none,16.0,512,SSD,512,10947.0,Intel,i5,Normal,Integrated,Mid-Range,1,0,False,33.0,"Backpack, Mouse, MS Office",Lenovo
"HP OMEN MAX Gaming Laptop 16, Black, Ryzen AI 9 HX 375 (12C), RTX 5080 16GB, 32 GB",0.0,Copilot+ PC.Pro Gaming. Built for unbelievable speed and immersive gameplay.,"AMD Ryzen™ AI 9 HX 375 (12C) processor | Windows 11 Home | 40.6 cm (16) diagonal, WQXGA, IPS VRR, anti-glare, Low Blue Light, 240 Hz, 500 nits display | NVIDIA® GeForce RTX™ 5080 | 32 GB DDR5 RAM | 1 TB SSD Hard Drive",C1NZ8PA,299847.0,337234.0,Microsoft Office Home 2024 Lifetime Subscription worth ₹9199.00 | Microsoft Xbox Game Pass 3 month,https://www.hp.com/in-en/shop/hp-omen-max-gaming-laptop-16-ak0075ax-c1nz8pa.html,AMD Ryzen™ AI 9 HX 375 (12C) processor,Windows 11 Home,"40.6 cm (16) diagonal, WQXGA, IPS VRR, anti-glare, Low Blue Light, 240 Hz, 500 nits display",Integrated,32 GB DDR5 RAM,1 TB SSD Hard Drive,Microsoft Xbox Game Pass 3 month,none,8.0,1,SSD,1024,37235.0,Intel,i3,Premium,Integrated,Premium,1,0,False,66.0,"Backpack, Mouse, MS Office",Lenovo
"HP ZBook Firefly 35.6 cm (14) G11 Mobile Workstation PC, Silver",3.8,"Recommended for  2D and light 3D workflows, photography, and for running multiple large Microsoft Office files.","Intel® Core™ Ultra 7 processor | Windows 11 Pro | 35.6 cm (14) diagonal, WUXGA display | NVIDIA RTX™ A500 Graphics | 16 GB DDR5-5600 RAM | 1 TB SSD Solid State Drive",A1VL0PT,159324.0,254365.0,,https://www.hp.com/in-en/shop/hp-zbook-firefly-14-g11-mobile-workstation-pc-a1vl0pt.html,Intel® Core™ Ultra 7 processor,Windows 11 Pro,"35.6 cm (14) diagonal, WUXGA display",NVIDIA RTX™ A500 Graphics,16 GB DDR5-5600 RAM,1 TB SSD Solid State Drive,No,none,8.0,1,SSD,512,96866.0,Intel,i7,Premium,Dedicated,Premium,0,0,False,53.0,"Backpack, Mouse, MS Office",Lenovo
"HP OMEN Gaming Laptop 16-am0277TX, Black",0.0,Bold performance without the burnout,"Intel® Core™ 7 processor | Windows 11 Home | 40.6 cm (16) diagonal, 2K, IPS, anti-glare, Low Blue Light, 165 Hz, 400 nits display | NVIDIA® GeForce RTX™ 5050 8GB | 24 GB DDR5-5600 RAM (Upgradeable) | 1 TB SSD Hard Drive",C5BW1PA,126373.0,146134.0,Microsoft Office Home 2024 Lifetime Subscription worth ₹9199.00 | 1 year Microsoft 365 basic subscription,https://www.hp.com/in-en/shop/hp-omen-gaming-laptop-16-am0277tx-c5bw1pa.html,Intel® Core™ 7 processor,Windows 11 Home,"40.6 cm (16) diagonal, 2K, IPS, anti-glare, Low Blue Light, 165 Hz, 400 nits display",Integrated,24 GB DDR5-5600 RAM (Upgradeable),1 TB SSD Hard Drive,1 year Microsoft 365 basic subscription,none,16.0,1,SSD,256,16635.0,AMD,Ryzen 3,Premium,Integrated,Premium,0,1,False,50.0,"Backpack, Mouse, MS Office",Lenovo
"HP OMEN MAX Gaming Laptop 16, Black, Ryzen AI 7 350 (8C), RTX 5070 Ti 12GB, 16 GB",5.0,Copilot+ PC.Pro Gaming. Built for unbelievable speed and immersive gameplay.,"AMD Ryzen™ AI 7 350 (8C) processor | Windows 11 Home | 40.6 cm (16) diagonal, 2K, IPS, anti-glare, Low Blue Light, 165 Hz, 400 nits display | NVIDIA® GeForce RTX™ 5070 Ti | 16 GB DDR5 RAM | 1 TB SSD Hard Drive",C1NZ7PA,192841.0,219202.0,Microsoft Office Home 2024 Lifetime Subscription worth ₹9199.00 | Microsoft Xbox Game Pass 3 month,https://www.hp.com/in-en/shop/hp-omen-max-gaming-laptop-16-ak0074ax-c1nz7pa.html,AMD Ryzen™ AI 7 350 (8C) processor,Windows 11 Home,"40.6 cm (16) diagonal, 2K, IPS, anti-glare, Low Blue Light, 165 Hz, 400 nits display",Integrated,16 GB DDR5 RAM,1 TB SSD Hard Drive,Microsoft Xbox Game Pass 3 month,none,16.0,1,SSD,256,24203.0,Intel,i7,Premium,Integrated,Premium,0,0,False,59.0,"Mouse, MS Office",Lenovo
"OMEN Gaming Laptop 16, Black, Ultra 7-255H (16C), RTX 5060 8GB, 32 GB",0.0,Bold performance without the burnout,"Intel® Core™ Ultra 7 processor | Windows 11 Home | 40.6 cm (16), diagonal,2K (1920 x 1200),165 Hz, 3 ms response time, IPS | NVIDIA® GeForce RTX™ 5060 8GB | 32 GB DDR5-5600 MT/s (2 x 16 GB) RAM | 1TB SSD Hard Drive",C27E1PA,166286.0,185478.0,,https://www.hp.com/in-en/shop/omen-gaming-laptop-16-am0246tx-c27e1pa.html,Intel® Core™ Ultra 7 processor,Windows 11 Home,"40.6 cm (16), diagonal,2K (1920 x 1200),165 Hz, 3 ms response time, IPS",Integrated,32 GB DDR5-5600 MT/s (2 x 16 GB) RAM,1TB SSD Hard Drive,No,none,16.0,1,SSD,256,20479.0,Intel,i3,Premium,Integrated,Premium,1,0,False,66.0,"Backpack, Mouse, MS Office",Lenovo
"HP OMEN Gaming Laptop 16-am0239TX, Black",4.0,Bold performance without the burnout,"14th generation Intel® Core™ i7 processor | Windows 11 Home | 40.6 cm (16) diagonal, 2K, IPS, anti-glare, Low Blue Light, 165 Hz, 400 nits display | NVIDIA® GeForce RTX™ 5060 8GB | 24 GB DDR5-5600 RAM (Upgradeable) | 1 TB SSD Hard Drive",C25MVPA,151997.0,174237.0,Microsoft Office Home 2024 Lifetime Subscription worth ₹9199.00 | 1 year Microsoft 365 basic subscription,https://www.hp.com/in-en/shop/hp-omen-gaming-laptop-16-am0239tx-c25mvpa.html,14th generation Intel® Core™ i7 processor,Windows 11 Home,"40.6 cm (16) diagonal, 2K, IPS, anti-glare, Low Blue Light, 165 Hz, 400 nits display",Integrated,24 GB DDR5-5600 RAM (Upgradeable),1 TB SSD Hard Drive,1 year Microsoft 365 basic subscription,none,32.0,1,SSD,256,23238.0,AMD,Ryzen 5,Premium,Integrated,Premium,0,0,False,70.0,"Backpack, Mouse, MS Office",Lenovo
"HP EliteBook 6 G1i 35.6 cm (14) Notebook Next Gen AI PC, Silver",0.0,AI-ready for enterprise productivity,"Intel® Core™ Ultra 7 processor | Windows 11 Pro | 35.6 cm (14) diagonal WUXGA, IPS, 800 nits display | Intel® Graphics | 64 GB DDR5-5600 RAM | 1 TB SSD Hard Drive",BQ8J8PT,207220.0,206534.0,,https://www.hp.com/in-en/shop/hp-elitebook-6-g1i-14-inch-notebook-next-gen-ai-pc-bq8j8pt.html,Intel® Core™ Ultra 7 processor,Windows 11 Pro,"35.6 cm (14) diagonal WUXGA, IPS, 800 nits display",Intel® Graphics,64 GB DDR5-5600 RAM,1 TB SSD Hard Drive,No,none,8.0,1,SSD,1024,1535.0,AMD,Ryzen 7,Premium,Integrated,Premium,1,1,False,130.0,,Lenovo
"HP OMEN Gaming Laptop 16, Black, Ryzen AI 9 365 (10C), RTX 5070 8GB, 16 GB",0.0,Copilot+ PC.Pro Gaming. Built for unbelievable speed and immersive gameplay.,"AMD Ryzen™ AI 9 365 (10C) processor | Windows 11 Home | 40.6 cm (16) diagonal, 2K, IPS, anti-glare, Low Blue Light, 165 Hz, 400 nits display | NVIDIA® GeForce RTX™ 5070 8GB | 16 GB DDR5 RAM | 1 TB SSD Hard Drive",BK5Y2PA,167615.0,193347.0,Microsoft Office Home 2024 Lifetime Subscription worth ₹9199.00 | Microsoft Xbox Game Pass 3 month,https://www.hp.com/in-en/shop/hp-omen-gaming-laptop-16-ap0031ax-bk5y2pa.html,AMD Ryzen™ AI 9 365 (10C) processor,Windows 11 Home,"40.6 cm (16) diagonal, 2K, IPS, anti-glare, Low Blue Light, 165 Hz, 400 nits display",Integrated,16 GB DDR5 RAM,1 TB SSD Hard Drive,Microsoft Xbox Game Pass 3 month,none,32.0,1,SSD,256,21348.0,AMD,Ryzen 7,Premium,Integrated,Premium,0,1,False,34.0,"Backpack, Mouse, MS Office",Lenovo
"HP EliteBook 8 G1i 33.8 cm (13.3) Notebook AI PC, Silver",0.0,An innovative AI PC tailored for hybrid teams,"Intel® Core™ Ultra 7 processor | Windows 11 Pro | 33.8 cm (13.3) diagonal, WUXGA, IPS, 800 nits touch display | Intel® Graphics | 16 GB RAM | 1 TB SSD Hard Drive",BQ8J4PT,182067.0,186103.0,,https://www.hp.com/in-en/shop/elitebook-8-13-inch-flip-g1i-bq8j4pt.html,Intel® Core™ Ultra 7 processor,Windows 11 Pro,"33.8 cm (13.3) diagonal, WUXGA, IPS, 800 nits touch display",Intel® Graphics,16 GB RAM,1 TB SSD Hard Drive,No,none,8.0,1,SSD,512,104.0,Intel,i5,Premium,Integrated,Premium,0,1,False,34.0,"Backpack, Mouse",Lenovo
"HP 240R 35.6 cm (14) G10 Business Laptop PC, Silver",0.0,"Compact and reliable, value-packed notebooks with essential business features to help you excel in hybrid work","Intel® Core™ 7 processor | Windows 11 Pro | 35.6 cm (14) diagonal, FHD, IPS display | Intel® Graphics | 16 GB DDR4-3200 RAM | 512 GB SSD Hard Drive",C8HU1PT,96771.0,104731.0,"HP 215 39.6 cm (15.6) Laptop Backpack worth ₹ 1,785",https://www.hp.com/in-en/shop/hp-240r-14-inch-g10-notebook-pc-c8hu1pt.html,Intel® Core™ 7 processor,Windows 11 Pro,"35.6 cm (14) diagonal, FHD, IPS display",Intel® Graphics,16 GB DDR4-3200 RAM,512 GB SSD Hard Drive,No,hp 215 39.6 cm (15.6) laptop backpack ,32.0,512,SSD,1024,12832.0,Intel,i3,Premium,Integrated,Premium,0,0,False,33.0,"Backpack, Mouse, MS Office",Lenovo
"HP EliteBook 8 G1i 35.6 cm (14) Notebook Next Gen AI PC, Silver",0.0,Copilot+ PC.Next-gen AI redefines productivity for modern professionals,"Intel® Core™ Ultra 5 processor | Windows 11 Pro | 35.6 cm (14) diagonal, WUXGA, IPS, 800 nits touch display | Intel® Arc™ Graphics | 32 GB RAM | 1 TB SSD Hard drive",BQ9H6PT,185380.0,182071.0,,https://www.hp.com/in-en/shop/hp-elitebook-8-g1i-14-inch-notebook-next-gen-ai-pc-bq9h6pt.html,Intel® Core™ Ultra 5 processor,Windows 11 Pro,"35.6 cm (14) diagonal, WUXGA, IPS, 800 nits touch display",Intel® Arc™ Graphics,32 GB RAM,1 TB SSD Hard drive,No,none,16.0,1,SSD,512,72.0,Intel,i5,Premium,Integrated,Premium,1,1,False,66.0,"Backpack, Mouse, MS Office",Lenovo
"HP Laptop 35.6 cm 14-ep1130TU, Silver",3.6667,Powerfully and responsibly made to get things done everyday,Intel® Core™ Ultra 7 155H processor | Windows 11 Home | 35.6 cm (14) diagonal FHD display | Intel® Arc™ Graphics | 32 GB DDR5-5600 MT/s RAM | 1TB SSD Hard Drive,C0YN6PA,85113.0,101261.0,HP X Entry Backpack worth  ₹1999.00 | Microsoft Office Home 2024 Lifetime Subscription worth ₹9199.00,https://www.hp.com/in-en/shop/hp-laptop-14-ep1130tu-c0yn6pa.html,Intel® Core™ Ultra 7 155H processor,Windows 11 Home,35.6 cm (14) diagonal FHD display,Intel® Arc™ Graphics,32 GB DDR5-5600 MT/s RAM,1TB SSD Hard Drive,Microsoft Office Home 2024 Lifetime Subscription worth ₹9199.00,hp x entry backpack ,32.0,1,SSD,256,11262.0,Intel,i5,Premium,Integrated,Premium,1,0,True,84.3335,"Backpack, Mouse, MS Office",Lenovo
"HP 250 39.6 cm (15.6) G10 Business Laptop PC, Silver",0.0,"Compact and reliable, value-packed notebooks with essential business features to help you excel in hybrid work","13th Generation Intel® Core™ i5 processor | FreeDOS 3.0 | 39.6 cm (15.6) diagonal, FHD display | Intel® Iris® Xᵉ Graphics | 16 GB DDR4-3200 RAM | 512 GB SSD Hard Drive",BJ3T3AT,61709.0,57245.0,,https://www.hp.com/in-en/shop/hp-250-15-6-g10-notebook-pc-bj3t3at.html,13th Generation Intel® Core™ i5 processor,Unknown,"39.6 cm (15.6) diagonal, FHD display",Intel® Iris® Xᵉ Graphics,16 GB DDR4-3200 RAM,512 GB SSD Hard Drive,No,none,32.0,512,SSD,256,246.0,AMD,Ryzen 7,Normal,Integrated,Mid-Range,1,1,False,33.0,,Lenovo
"HP Laptop 35.6 cm (14) 14-ep1180TU, Silver",0.0,Reliable computing yet stylish laptop that makes the wallet happy,"Intel® Core™ Ultra 5-125H processor | Windows 11 Home Single Language | 35.6 cm (14) diagonal FHD, anti-glare display | Intel® Arc™ Graphics | 24 GB DDR5-5600 RAM | 1 TB SSD Hard Drive",CJ9D9PA,79094.0,83566.0,HP X Entry Backpack worth  ₹1999.00,https://www.hp.com/in-en/shop/hp-laptop-14-ep1180tu-cj9d9pa.html,Intel® Core™ Ultra 5-125H processor,Windows 11 Home Single Language,"35.6 cm (14) diagonal FHD, anti-glare display",Intel® Arc™ Graphics,24 GB DDR5-5600 RAM,1 TB SSD Hard Drive,No,hp x entry backpack ,32.0,1,SSD,1024,8567.0,Intel,i3,Normal,Integrated,Mid-Range,1,1,False,50.0,"Mouse, MS Office",Lenovo
"HP EliteBook 8 35.6 cm (14) G1i Next Gen AI PC, Silver",0.0,Copilot+ PC.Next-gen AI redefines productivity for modern professionals,"Intel® Core™ Ultra 7 processor | Windows 11 Pro | 35.6 cm (14) diagonal, WUXGA, IPS display, Touchscreen | Intel® Arc™ Graphics | 32 GB LPDDR5x-8533 RAM | 1 TB SSD Hard Drive",C27T5PT,171431.0,203109.0,"HP 215 39.6 cm (15.6) Laptop Backpack worth ₹ 1,785",https://www.hp.com/in-en/shop/hp-elitebook-8-g1i-14-inch-notebook-next-gen-ai-pc-c27t5pt.html,Intel® Core™ Ultra 7 processor,Windows 11 Pro,"35.6 cm (14) diagonal, WUXGA, IPS display, Touchscreen",Intel® Arc™ Graphics,32 GB LPDDR5x-8533 RAM,1 TB SSD Hard Drive,No,hp 215 39.6 cm (15.6) laptop backpack ,16.0,1,SSD,1024,29310.0,Intel,i5,Premium,Integrated,Premium,1,1,False,66.0,Mouse,Lenovo
"OMEN Transcend Laptop 14, Black, Ultra 9-285H (16C), RTX 5070 8GB, 32 GB DDR5",0.0,"Built to Game, Made to Create","Intel® Core™ Ultra 9 processor | Windows 11 Home | 35.6 cm (14) diagonal 3K OLED display, 48-120 Hz refresh rate, 0.2 ms response time display | NVIDIA® GeForce RTX™ 5070 8GB | 32 GB LPDDR5x-7500 MT/s  RAM | 1 TB SSD Hard Drive",C27DRPA,208283.0,236063.0,,https://www.hp.com/in-en/shop/omen-transcend-laptop-14-fb1028tx-c27drpa.html,Intel® Core™ Ultra 9 processor,Windows 11 Home,"35.6 cm (14) diagonal 3K OLED display, 48-120 Hz refresh rate, 0.2 ms response time display",Integrated,32 GB LPDDR5x-7500 MT/s  RAM,1 TB SSD Hard Drive,No,none,8.0,1,SSD,256,26064.0,AMD,Ryzen 7,Premium,Integrated,Premium,1,1,False,66.0,"Backpack, Mouse",Lenovo
"HP Laptop 39.6 cm (15.6) 15-fd1353TU, Silver",0.0,Reliable computing yet stylish laptop that makes the wallet happy,"Intel® Core™ Ultra 5-125H processor | Windows 11 Home Single Language | 39.6 cm (15.6) diagonal FHD, IPS, anti-glare display | Intel® Arc™ Graphics | 16 GB DDR5-5600 RAM | 512 GB SSD Hard Drive",C72X5PA,65075.0,76294.0,HP X Entry Backpack worth  ₹1999.00,https://www.hp.com/in-en/shop/hp-laptop-15-fd1353tu-c72x5pa.html,Intel® Core™ Ultra 5-125H processor,Windows 11 Home Single Language,"39.6 cm (15.6) diagonal FHD, IPS, anti-glare display",Intel® Arc™ Graphics,16 GB DDR5-5600 RAM,512 GB SSD Hard Drive,No,hp x entry backpack ,32.0,512,SSD,512,7795.0,Intel,i3,Normal,Integrated,Mid-Range,0,0,False,33.0,,Lenovo
"HP ProBook 440 35.6 cm (14) G10 Business Laptop PC, Silver",4.0,"Essential, commercial-grade features","13th Generation Intel® Core™ i5 processor | Windows 11 Pro | 35.6 cm (14) diagonal, FHD, IPS display | Intel® Iris® Xᶱ Graphics | 16 GB DDR4 RAM | 1 TB SSD Hard Drive",BJ3T6AT,97042.0,112453.0,"HP 215 39.6 cm (15.6) Laptop Backpack worth ₹ 1,785",https://www.hp.com/in-en/shop/hp-probook-440-14-g10-notebook-pc-bj3t6at.html,13th Generation Intel® Core™ i5 processor,Windows 11 Pro,"35.6 cm (14) diagonal, FHD, IPS display",Intel® Iris® Xᶱ Graphics,16 GB DDR4 RAM,1 TB SSD Hard Drive,No,hp 215 39.6 cm (15.6) laptop backpack ,16.0,1,SSD,1024,15654.0,Intel,i5,Premium,Integrated,Premium,0,0,False,54.0,"Backpack, Mouse",Lenovo
HP ZBook Firefly 40.6 cm (16) G11 Mobile Workstation PC,5.0,"Recommended for  2D and light 3D workflows, photography, and for running multiple large Microsoft Office files.","Intel® Core™ Ultra 7 processor | Windows 11 Pro | 40.6 cm (16) diagonal, WUXGA display | NVIDIA RTX™ A500 Graphics | 16 GB DDR5-5600 MHz RAM | 1 TB SSD Solid State Drive",A1VX6PT,156858.0,237854.0,,https://www.hp.com/in-en/shop/hp-zbook-firefly-16-g11-mobile-workstation-pc-a1vx6pt.html,Intel® Core™ Ultra 7 processor,Windows 11 Pro,"40.6 cm (16) diagonal, WUXGA display",NVIDIA RTX™ A500 Graphics,16 GB DDR5-5600 MHz RAM,1 TB SSD Solid State Drive,No,none,8.0,1,SSD,256,80355.0,AMD,Ryzen 7,Premium,Dedicated,Premium,1,0,False,59.0,,Lenovo
"HP Victus 39.6 cm (15.6) Gaming Laptop 15-fa2196TX, Blue",0.0,Step up the fun with our most affordable gaming laptop range that doesn't shy on performance.,"13th Generation Intel® Core™ i5 processor | Windows 11 Home | 39.6 cm (15.6) diagonal, FHD, IPS, anti-glare display | NVIDIA® GeForce RTX™ 3050 (6 GB) | 16 GB DDR4-3200 RAM | 512 GB SSD Hard Drive",C25VSPA,74200.0,90292.0,Microsoft Office Home 2024 Lifetime Subscription worth ₹9199.00 | Microsoft Xbox Game Pass 3 month,https://www.hp.com/in-en/shop/victus-gaming-laptop-15-fa2196tx-c25vspa.html,13th Generation Intel® Core™ i5 processor,Windows 11 Home,"39.6 cm (15.6) diagonal, FHD, IPS, anti-glare display",Integrated,16 GB DDR4-3200 RAM,512 GB SSD Hard Drive,Microsoft Xbox Game Pass 3 month,none,32.0,512,SSD,256,11293.0,Intel,i3,Gaming,Integrated,Mid-Range,1,0,False,33.0,"Mouse, MS Office",Lenovo
"HP Victus 39.6cm (15.6) Gaming Laptop 15-fa2700TX, Silver",3.3333,Follow your gaming destiny,"13th Generation Intel® Core™ i5 processor | Windows 11 Home | 39.6 cm (15.6) diagonal FHD IPS 144 Hz, 300 nits display | RTX 3050 6GB | 16 GB DDR4 RAM | 512 GB SSD Hard Drive",B7GP4PA,80788.0,88473.0,Microsoft Office Home 2024 Lifetime Subscription worth ₹9199.00 | Microsoft Xbox Game Pass 3 month | 1 year Microsoft 365 basic subscription,https://www.hp.com/in-en/shop/victus-gaming-laptop-15-fa2700tx-b7gp4pa.html,13th Generation Intel® Core™ i5 processor,Windows 11 Home,"39.6 cm (15.6) diagonal FHD IPS 144 Hz, 300 nits display",Integrated,16 GB DDR4 RAM,512 GB SSD Hard Drive,1 year Microsoft 365 basic subscription,none,32.0,512,SSD,512,10303.0,AMD,Ryzen 5,Gaming,Integrated,Premium,1,0,False,49.6665,"Backpack, Mouse, MS Office",Lenovo
"HP ProBook 4 G1i 35.6 cm (14) Laptop AI PC, Silver",0.0,Affordable devices designed with business in mind; commercial grade features with durable design,"Intel® Core™ Ultra 7 processor | Windows 11 Pro | 35.6 cm (14) diagonal, WUXGA, IPS display | Intel® Graphics | 16 GB DDR5-5600 RAM | 1 TB SSD Hard Drive",CG1Z9PA,144139.0,141954.0,,https://www.hp.com/in-en/shop/hp-probook-4-g1i-14-notebook-ai-pc-cg1z9pa.html,Intel® Core™ Ultra 7 processor,Windows 11 Pro,"35.6 cm (14) diagonal, WUXGA, IPS display",Intel® Graphics,16 GB DDR5-5600 RAM,1 TB SSD Hard Drive,No,none,16.0,1,SSD,256,1455.0,Intel,i5,Premium,Integrated,Premium,1,0,False,34.0,"Backpack, Mouse, MS Office",Lenovo
"HP EliteBook 640 35.6 cm (14) G11 Business Laptop PC, Silver",0.0,Devices that maximize business value to enterprise employees across all hybrid workstyles,"Intel® Core™ Ultra 5 processor | Windows 11 Pro | 35.6 cm (14) diagonal, WUXGA, IPS display | Intel® Graphics | 16 GB DDR5-5600 RAM | 512 GB SSD Hard Drive",B7TU5PT,120691.0,127112.0,,https://www.hp.com/in-en/shop/hp-elitebook-640-14-g11-notebook-pc-b7tu5pt.html,Intel® Core™ Ultra 5 processor,Windows 11 Pro,"35.6 cm (14) diagonal, WUXGA, IPS display",Intel® Graphics,16 GB DDR5-5600 RAM,512 GB SSD Hard Drive,No,none,16.0,512,SSD,512,10077.0,Intel,i5,Premium,Integrated,Premium,1,0,False,33.0,"Mouse, MS Office",Lenovo
HP ZBook Power 40.6 cm (16) G11 Mobile Workstation PC,3.8,"Recommended for  2D and light 3D workflows, photography, and for running multiple large Microsoft Office files.",Intel® Core™ Ultra 7 processor | Windows 11 Pro | 40.6 cm (16) diagonal WUXGA IPS display | NVIDIA RTX™ 2000 Ada Generation Graphics | 16 GB DDR5-5600 RAM | 1 TB SSD Solid State Drive,B6SA4PT,243713.0,337445.0,"FREE Bag (35L98AA) worth ₹ 1,785",https://www.hp.com/in-en/shop/hp-zbook-power-16-inch-g11-mobile-workstation-pc-b6sa4pt.html,Intel® Core™ Ultra 7 processor,Windows 11 Pro,40.6 cm (16) diagonal WUXGA IPS display,NVIDIA RTX™ 2000 Ada Generation Graphics,16 GB DDR5-5600 RAM,1 TB SSD Solid State Drive,No,free bag (35l98aa) ,32.0,1,SSD,1024,93185.0,AMD,Ryzen 3,Premium,Dedicated,Premium,0,0,False,53.0,"Backpack, Mouse, MS Office",Lenovo
"HP Pavilion 40.6 cm (16) Laptop 16-ag0019AU, Silver",4.3333,Create on a PC that has all the power you need,"AMD Ryzen™ 5 processor | Windows 11 Home | 40.6 cm (16) diagonal, WUXGA IPS display | AMD Radeon™ Graphics | 16 GB LPDDR5 RAM | 512 GB SSD Hard Drive",A1UD7PA,63421.0,76923.0,"HP 310 15.6 Laptop Backpack worth ₹2,999.00",https://www.hp.com/in-en/shop/hp-pavilion-laptop-16-ag0019au-a1ud7pa.html,AMD Ryzen™ 5 processor,Windows 11 Home,"40.6 cm (16) diagonal, WUXGA IPS display",AMD Radeon™ Graphics,16 GB LPDDR5 RAM,512 GB SSD Hard Drive,No,hp 310 15.6 laptop backpack ,8.0,512,SSD,1024,10424.0,Intel,i5,Normal,Integrated,Mid-Range,1,0,False,54.6665,"Backpack, Mouse, MS Office",Lenovo
"HP OmniBook 5 Laptop 40.6 cm (16) Next Gen AI 16-ag1087AU, Silver",0.0,Streamline your day with all the AI power you need.,"AMD Ryzen™ AI 7 (50 NPU TOPs) processor | Next Gen Windows | 40.6 cm (16) diagonal, 2K, IPS, Anti-glare, Touchscreen display | AMD Radeon™ 860M Graphics | 24 GB LPDDR5x-7500 RAM | 1 TB SSD Hard Drive",CG9Y6PA,94789.0,104613.0,"HP 310 15.6 Laptop Backpack worth ₹2,999.00",https://www.hp.com/in-en/shop/hp-omnibook-5-laptop-next-gen-ai-16-ag1087au-cg9y6pa.html,AMD Ryzen™ AI 7 (50 NPU TOPs) processor,Next Gen Windows,"40.6 cm (16) diagonal, 2K, IPS, Anti-glare, Touchscreen display",AMD Radeon™ 860M Graphics,24 GB LPDDR5x-7500 RAM,1 TB SSD Hard Drive,No,hp 310 15.6 laptop backpack ,8.0,1,SSD,256,10114.0,AMD,Ryzen 3,Premium,Integrated,Premium,1,0,False,50.0,"Backpack, Mouse, MS Office",Lenovo
"HP ZBook Firefly 35.6 cm (14) G11 Mobile Workstation PC, Silver",3.9375,Step up performance. Not size,Intel® Core™ Ultra 7 processor | Windows 11 Pro | 35.6 cm (14) diagonal WUXGA IPS display | NVIDIA RTX™ A500 Graphics | 32 GB DDR5-5600 RAM | 1 TB SSD Solid State Drive,A1VL3PT,176805.0,252344.0,"FREE Bag (35L98AA) worth ₹ 1,785",https://www.hp.com/in-en/shop/hp-zbook-firefly-14-inch-g11-mobile-workstation-pc-a1vl3pt.html,Intel® Core™ Ultra 7 processor,Windows 11 Pro,35.6 cm (14) diagonal WUXGA IPS display,NVIDIA RTX™ A500 Graphics,32 GB DDR5-5600 RAM,1 TB SSD Solid State Drive,No,free bag (35l98aa) ,32.0,1,SSD,512,78648.0,AMD,Ryzen 3,Premium,Dedicated,Premium,0,1,False,85.6875,"Backpack, Mouse, MS Office",Lenovo
"HP Victus 39.6cm (15.6) Gaming Laptop 15-fb3122AX, Blue",0.0,Fulfill your gaming destiny,"AMD Ryzen™ 7-7445HS processor | Windows 11 Home | 39.6 cm (15.6) diagonal FHD 144 Hz, IPS, 300 nits display | NVIDIA® GeForce RTX™ 2050 4GB | 16 GB DDR5-5600 RAM(Upgradeable) | 512 GB SSD Hard Drive",BV0R4PA,70328.0,76354.0,Microsoft Office Home 2024 Lifetime Subscription worth ₹9199.00,https://www.hp.com/in-en/shop/hp-victus-gaming-laptop-15-fb3122ax-bv0r4pa.html,AMD Ryzen™ 7-7445HS processor,Windows 11 Home,"39.6 cm (15.6) diagonal FHD 144 Hz, IPS, 300 nits display",Integrated,16 GB DDR5-5600 RAM(Upgradeable),512 GB SSD Hard Drive,Microsoft Office Home 2024 Lifetime Subscription worth ₹9199.00,none,8.0,512,SSD,256,8954.0,Intel,i5,Gaming,Integrated,Mid-Range,0,0,True,33.0,"Backpack, Mouse, MS Office",Lenovo
"HP Laptop 39.6 cm (15.6) 15-fd1353TU, Silver",0.0,Reliable computing yet stylish laptop that makes the wallet happy,"Intel® Core™ Ultra 5-125H processor | Windows 11 Home Single Language | 39.6 cm (15.6) diagonal FHD, IPS, anti-glare display | Intel® Arc™ Graphics | 16 GB DDR5-5600 RAM | 512 GB SSD Hard Drive",C72X5PA,67330.0,76294.0,HP X Entry Backpack worth  ₹1999.00,https://www.hp.com/in-en/shop/hp-laptop-15-fd1353tu-c72x5pa.html,Intel® Core™ Ultra 5-125H processor,Windows 11 Home Single Language,"39.6 cm (15.6) diagonal FHD, IPS, anti-glare display",Intel® Arc™ Graphics,16 GB DDR5-5600 RAM,512 GB SSD Hard Drive,No,hp x entry backpack ,32.0,512,SSD,512,7795.0,AMD,Ryzen 5,Normal,Integrated,Mid-Range,1,1,False,33.0,,Lenovo
"HP EliteBook Ultra 35.6 cm (14) G1i Next Gen AI PC, Blue",4.0,Copilot+ PC.Lead the way with this sophisticated next-gen AI PC,"Intel® Core™ Ultra 7 processor | Windows 11 Pro | 35.6 cm (14) diagonal, 2.8K OLED IPS display | Intel® Arc™ Graphics | 32 GB LPDDR5x-8533 RAM | 1 TB SSD Hard Drive",C33M4AT,220730.0,291689.0,"HP 215 39.6 cm (15.6) Laptop Backpack worth ₹ 1,785",https://www.hp.com/in-en/shop/hp-elitebook-ultra-g1i-14-inch-notebook-next-gen-ai-pc-c33m4at.html,Intel® Core™ Ultra 7 processor,Windows 11 Pro,"35.6 cm (14) diagonal, 2.8K OLED IPS display",Intel® Arc™ Graphics,32 GB LPDDR5x-8533 RAM,1 TB SSD Hard Drive,No,hp 215 39.6 cm (15.6) laptop backpack ,16.0,1,SSD,1024,67890.0,Intel,i3,Premium,Integrated,Premium,0,1,False,86.0,"Backpack, Mouse, MS Office",Lenovo
HP ZBook Power 40.6 cm (16) G11 Mobile Workstation PC,3.8,"Recommended for  2D and light 3D workflows, photography, and for running multiple large Microsoft Office files.",Intel® Core™ Ultra 7 processor | Windows 11 Pro | 406 cm (16) diagonal WUXGA display | NVIDIA RTX™ A1000 Laptop GPU | 16 GB DDR5-5600 RAM | 1 TB SSD Solid State Drive,A8WN1PT,200824.0,294693.0,,https://www.hp.com/in-en/shop/hp-zbook-power-16-g11-mobile-workstation-pc-a8wn1pt.html,Intel® Core™ Ultra 7 processor,Windows 11 Pro,406 cm (16) diagonal WUXGA display,Integrated,16 GB DDR5-5600 RAM,1 TB SSD Solid State Drive,No,none,16.0,1,SSD,256,91694.0,AMD,Ryzen 5,Premium,Integrated,Premium,1,1,False,53.0,"Mouse, MS Office",Lenovo
"OMEN MAX Gaming Laptop 16, Black, Core Ultra 9 - 275HX (24C), RTX 5090 24GB, 32 GB DDR5",0.0,Built to break limits,"Intel® Core™ Ultra 9 275HX processor | Windows 11 Home | 40.6 cm (16) diagonal WQXGA OLED display,240 Hz, 0.2 ms response time, | NVIDIA® GeForce RTX™ 5090 24GB | 32 GB DDR5-5600 MT/s (2 x 16 GB) RAM | 1TB SSD Hard Drive",C27DXPA,379459.0,427163.0,,https://www.hp.com/in-en/shop/omen-max-gaming-laptop-16-ah0218tx-c27dxpa.html,Intel® Core™ Ultra 9 275HX processor,Windows 11 Home,"40.6 cm (16) diagonal WQXGA OLED display,240 Hz, 0.2 ms response time,",Integrated,32 GB DDR5-5600 MT/s (2 x 16 GB) RAM,1TB SSD Hard Drive,No,none,8.0,1,SSD,1024,47164.0,AMD,Ryzen 7,Premium,Integrated,Premium,1,1,False,66.0,"Backpack, Mouse, MS Office",Lenovo
"HP OmniBook 5 Next Gen AI 16-ag1046AU, Silver",5.0,Copilot+ PC.The upgrade you need from HP Pavilion. Excellent for students and families.,AMD Ryzen™ AI 7 processor | Windows 11 Home | 40.5 cm (16) diagonal 2K IPS touch display | AMD Radeon™ 860M Graphics | 16 GB LPDDR5x-7500 RAM | 1 TB SSD Hard Drive,C20W1PA,86115.0,99526.0,"HP 310 15.6 Laptop Backpack worth ₹2,999.00 | Microsoft Office Home 2024 Lifetime Subscription worth ₹9199.00",https://www.hp.com/in-en/shop/hp-omnibook-5-ngai-16-ag1046au-c20w1pa.html,AMD Ryzen™ AI 7 processor,Windows 11 Home,40.5 cm (16) diagonal 2K IPS touch display,AMD Radeon™ 860M Graphics,16 GB LPDDR5x-7500 RAM,1 TB SSD Hard Drive,Microsoft Office Home 2024 Lifetime Subscription worth ₹9199.00,hp 310 15.6 laptop backpack ,16.0,1,SSD,256,13027.0,AMD,Ryzen 7,Premium,Integrated,Premium,0,1,True,59.0,Mouse,Lenovo
"HP ZBook Firefly 35.6 cm (14) G11 Mobile Workstation PC, Silver",3.0,"Recommended for  2D and light 3D workflows, photography, and for running multiple large Microsoft Office files.",AMD Ryzen™ 5 processor | Windows 11 Pro | 35.6 cm (14) diagonal WUXGA display | Intel® UMA Graphics | 16 GB DDR5-5600 RAM | 512 GB SSD Solid State Drive,B7ER3PT,87018.0,186397.0,"FREE Bag (35L98AA) worth ₹ 1,785",https://www.hp.com/in-en/shop/hp-zbook-firefly-14-g11-a-mobile-workstation-pc-b7er3pt.html,AMD Ryzen™ 5 processor,Windows 11 Pro,35.6 cm (14) diagonal WUXGA display,Intel® UMA Graphics,16 GB DDR5-5600 RAM,512 GB SSD Solid State Drive,No,free bag (35l98aa) ,8.0,512,SSD,256,96292.0,Intel,i3,Premium,Integrated,Premium,1,1,False,48.0,"Backpack, Mouse",Lenovo
"HP Pavilion Plus 35.6 cm (14) Laptop 14-ew0108TU, Blue",4.8333,"Unleash your potential with the HP Pavilion Plus 14"" Laptop",13th Generation Intel® Core™ i5 processor | Windows 11 Home | 35.6 cm (14) diagonal 2K display | Intel® Iris® Xᵉ Graphics | 16 GB LPDDR5x-5200 RAM | 512 GB SSD Hard Drive,B6PA5PA,81412.0,95006.0,"HP 310 15.6 Laptop Backpack worth ₹2,999.00 | Microsoft Office Home 2024 Lifetime Subscription worth ₹9199.00 | 1 year Microsoft 365 basic subscription",https://www.hp.com/in-en/shop/hp-pavilion-plus-laptop-14-ew0108tu-b6pa5pa.html,13th Generation Intel® Core™ i5 processor,Windows 11 Home,35.6 cm (14) diagonal 2K display,Intel® Iris® Xᵉ Graphics,16 GB LPDDR5x-5200 RAM,512 GB SSD Hard Drive,1 year Microsoft 365 basic subscription,hp 310 15.6 laptop backpack ,8.0,512,SSD,256,16507.0,Intel,i3,Normal,Integrated,Premium,0,1,False,57.1665,"Mouse, MS Office",Lenovo
"HP ZBook 8 G1i 35.6 cm (14) Mobile Workstation PC, Silver",0.0,Step up performance. Not size.,"Intel® Core™ Ultra 7 processor | Windows 11 Pro | 35.6 cm (14) diagonal, WUXGA UWVA display | NVIDIA RTX™ 500 Ada Generation Laptop GPU | 32 GB DDR5-5600 RAM | 1 TB SSD Solid State Drive",C1JN2PT,175530.0,282408.0,"HP 215 39.6 cm (15.6) Laptop Backpack worth ₹ 1,785",https://www.hp.com/in-en/shop/hp-zbook-8-g1i-14-inch-mobile-workstation-pc-data-science-c1jn2pt.html,Intel® Core™ Ultra 7 processor,Windows 11 Pro,"35.6 cm (14) diagonal, WUXGA UWVA display",Integrated,32 GB DDR5-5600 RAM,1 TB SSD Solid State Drive,No,hp 215 39.6 cm (15.6) laptop backpack ,8.0,1,SSD,1024,108909.0,AMD,Ryzen 7,Premium,Integrated,Premium,1,0,False,66.0,"Mouse, MS Office",Lenovo
"HP OmniBook 7 35.6 cm (14) Laptop 14-fs0789TU, Silver",0.0,Engineered for durability and performance for power users and students.,"Intel® Core™ 5-210H processor | Windows 11 Home | 35.6 cm (14) diagonal, 2K, IPS, anti-glare display | Intel® Graphics | 16 GB LPDDR5-5200 RAM | 512 GB SSD Hard Drive",BK6F6PA,77737.0,87608.0,"HP 310 15.6 Laptop Backpack worth ₹2,999.00",https://www.hp.com/in-en/shop/hp-omnibook-7-laptop-14-fs0789tu-bk6f6pa.html,Intel® Core™ 5-210H processor,Windows 11 Home,"35.6 cm (14) diagonal, 2K, IPS, anti-glare display",Intel® Graphics,16 GB LPDDR5-5200 RAM,512 GB SSD Hard Drive,No,hp 310 15.6 laptop backpack ,16.0,512,SSD,256,5609.0,Intel,i5,Premium,Integrated,Mid-Range,1,0,False,33.0,"Mouse, MS Office",Lenovo
"HP EliteBook 8 35.6 cm (14) G1i Next Gen AI PC, Silver",0.0,Copilot+ PC.Next-gen AI redefines productivity for modern professionals,"Intel® Core™ Ultra 7 processor | Windows 11 Pro | 35.6 cm (14) diagonal, WUXGA IPS display | Intel® Arc™ Graphics | 32 GB LPDDR5x-8533 RAM | 1 TB SSD Hard Drive",C27T4PT,169647.0,189778.0,"HP 215 39.6 cm (15.6) Laptop Backpack worth ₹ 1,785",https://www.hp.com/in-en/shop/hp-elitebook-8-g1i-14-inch-notebook-next-gen-ai-pc-c27t4pt.html,Intel® Core™ Ultra 7 processor,Windows 11 Pro,"35.6 cm (14) diagonal, WUXGA IPS display",Intel® Arc™ Graphics,32 GB LPDDR5x-8533 RAM,1 TB SSD Hard Drive,No,hp 215 39.6 cm (15.6) laptop backpack ,8.0,1,SSD,1024,24179.0,AMD,Ryzen 7,Premium,Integrated,Premium,1,1,False,66.0,"Backpack, Mouse, MS Office",Lenovo
"HP OMEN Gaming Laptop 16, Black, Core 7 - 240H (10C), RTX 5060 8GB, 16 GB",0.0,Bold performance without the burnout,"Intel® Core™ 7 240H (10C) processor | Windows 11 Home | 40.6 cm (16) diagonal, 2K, IPS, anti-glare, Low Blue Light, 165 Hz, 400 nits display | NVIDIA® GeForce RTX™ 5060 8GB | 16 GB DDR5 RAM | 1 TB SSD Hard Drive",BP3Y6PA,133948.0,154003.0,Microsoft Office Home 2024 Lifetime Subscription worth ₹9199.00 | Microsoft Xbox Game Pass 3 month,https://www.hp.com/in-en/shop/hp-omen-gaming-laptop-16-am0078tx-bp3y6pa.html,Intel® Core™ 7 240H (10C) processor,Windows 11 Home,"40.6 cm (16) diagonal, 2K, IPS, anti-glare, Low Blue Light, 165 Hz, 400 nits display",Integrated,16 GB DDR5 RAM,1 TB SSD Hard Drive,Microsoft Xbox Game Pass 3 month,none,16.0,1,SSD,256,17004.0,AMD,Ryzen 7,Premium,Integrated,Premium,0,0,False,34.0,"Backpack, Mouse, MS Office",Lenovo
"HP OMEN MAX 40.6 cm (16) Gaming Laptop 16-ah0189TX, Black",5.0,Built to break limits,"Intel® Core™ Ultra 9 processor | Windows 11 Home | 40.6 cm (16) diagonal, WQXGA, 60-240 Hz, 3 ms response time, IPS, 500 nits | NVIDIA® GeForce RTX™ 5090 (24 GB GDDR7) | 64 GB DDR5-5600 RAM | 1 TB SSD Hard Drive",BX9S4PA,383078.0,427163.0,,https://www.hp.com/in-en/shop/hp-omen-max-gaming-laptop-16-ah0189tx-bx9s4pa.html,Intel® Core™ Ultra 9 processor,Windows 11 Home,"40.6 cm (16) diagonal, WQXGA, 60-240 Hz, 3 ms response time, IPS, 500 nits",Integrated,64 GB DDR5-5600 RAM,1 TB SSD Hard Drive,No,none,8.0,1,SSD,256,47164.0,AMD,Ryzen 7,Premium,Integrated,Premium,1,1,False,155.0,"Mouse, MS Office",Lenovo
"HP EliteBook 640 35.6 cm (14) G11 Business Laptop PC, Silver",0.0,Devices that maximize business value to enterprise employees across all hybrid workstyles,"Intel® Core™ Ultra 5 processor | Windows 11 Pro | 35.6 cm (14) diagonal, WUXGA, IPS display | Intel® Graphics | 16 GB DDR5-5600 RAM | 512 GB SSD Hard Drive",B7TU5PT,112820.0,127112.0,,https://www.hp.com/in-en/shop/hp-elitebook-640-14-g11-notebook-pc-b7tu5pt.html,Intel® Core™ Ultra 5 processor,Windows 11 Pro,"35.6 cm (14) diagonal, WUXGA, IPS display",Intel® Graphics,16 GB DDR5-5600 RAM,512 GB SSD Hard Drive,No,none,32.0,512,SSD,1024,10077.0,AMD,Ryzen 7,Premium,Integrated,Premium,1,1,False,33.0,"Mouse, MS Office",Lenovo
"HP OMEN MAX Gaming Laptop 16, Black, Ryzen AI 9 HX 375 (12C), RTX 5070 Ti 12GB, 24 GB",0.0,Copilot+ PC.Pro Gaming. Built for unbelievable speed and immersive gameplay.,"AMD Ryzen™ AI 9 processor | Windows 11 Home | 40.6 cm (16) diagonal, 2K, IPS, anti-glare, Low Blue Light, 165 Hz, 400 nits display | NVIDIA® GeForce RTX™ 5070 Ti 12 GB | 24 GB DDR5 RAM | 1 TB SSD Hard Drive",C91TJPA,242014.0,273159.0,,https://www.hp.com/in-en/shop/hp-omen-max-gaming-laptop-16-ak0102ax-c91tjpa.html,AMD Ryzen™ AI 9 processor,Windows 11 Home,"40.6 cm (16) diagonal, 2K, IPS, anti-glare, Low Blue Light, 165 Hz, 400 nits display",Integrated,24 GB DDR5 RAM,1 TB SSD Hard Drive,No,none,8.0,1,SSD,256,30160.0,AMD,Ryzen 5,Premium,Integrated,Premium,1,1,False,50.0,"Mouse, MS Office",Lenovo
"OMEN Gaming Laptop 16, Black, Ultra 7-255H (16C), RTX 5050 8GB, 32 GB",0.0,Bold performance without the burnout,"Intel® Core™ Ultra 7 processor | Windows 11 Home | 40.6 cm (16), diagonal,2K (1920 x 1200),165 Hz, 3 ms response time, IPS | NVIDIA® GeForce RTX™ 5050 8GB | 32 GB DDR5-5600 MT/s (2 x 16 GB) RAM | 1TB SSD Hard Drive",C27E3PA,151417.0,174237.0,,https://www.hp.com/in-en/shop/omen-gaming-laptop-16-am0248tx-c27e3pa.html,Intel® Core™ Ultra 7 processor,Windows 11 Home,"40.6 cm (16), diagonal,2K (1920 x 1200),165 Hz, 3 ms response time, IPS",Integrated,32 GB DDR5-5600 MT/s (2 x 16 GB) RAM,1TB SSD Hard Drive,No,none,16.0,1,SSD,512,19238.0,AMD,Ryzen 7,Premium,Integrated,Premium,1,1,False,66.0,Mouse,Lenovo
"OMEN Transcend Laptop 14, Black, Ultra 7-255H (16C), RTX 5050 8GB, 16 GB DDR5",0.0,"Built to Game, Made to Create","Intel® Core™ Ultra 7 processor | Windows 11 Home | 35.6 cm (14) diagonal 3K OLED display, 48-120 Hz refresh rate, 0.2 ms response time display | NVIDIA® GeForce RTX™ 5050 8GB | 16 GB LPDDR5-7467 MT/s RAM | 1 TB SSD Hard Drive",C27DTPA,165633.0,184354.0,,https://www.hp.com/in-en/shop/omen-transcend-laptop-14-fb1031tx-c27dtpa.html,Intel® Core™ Ultra 7 processor,Windows 11 Home,"35.6 cm (14) diagonal 3K OLED display, 48-120 Hz refresh rate, 0.2 ms response time display",Integrated,16 GB LPDDR5-7467 MT/s RAM,1 TB SSD Hard Drive,No,none,16.0,1,SSD,256,20355.0,Intel,i7,Premium,Integrated,Premium,0,0,False,34.0,"Backpack, Mouse, MS Office",Lenovo
"HP EliteBook 845 35.6 cm (14) G9 Notebook PC, Silver",0.0,Work where you’re needed,"AMD Ryzen™ 5 PRO processor | FreeDOS | 35.6 cm (14) diagonal, WUXGA, IPS display | AMD Radeon™ 660M Graphics | 16 GB DDR5 RAM | 512 GB SSD Hard Drive",B25U4AT,78063.0,94185.0,"HP 215 39.6 cm (15.6) Laptop Backpack worth ₹ 1,785",https://www.hp.com/in-en/shop/hp-elitebook-845-14-g9-notebook-pc-b25u4at.html,AMD Ryzen™ 5 PRO processor,Unknown,"35.6 cm (14) diagonal, WUXGA, IPS display",AMD Radeon™ 660M Graphics,16 GB DDR5 RAM,512 GB SSD Hard Drive,No,hp 215 39.6 cm (15.6) laptop backpack ,8.0,512,SSD,512,14686.0,AMD,Ryzen 7,Normal,Integrated,Mid-Range,1,0,False,33.0,"Backpack, Mouse",Lenovo
"HP Laptop 35.6 cm (14) 14-ep0342TU, Silver",3.5,Powerfully and responsibly made to get things done everyday,"13th Generation Intel® Core™ i5 processor | Windows 11 Home | 35.6 cm (14) diagonal, FHD display | Intel® Iris® Xᵉ Graphics | 16 GB DDR4 RAM | 512 GB SSD Hard Drive",BG6D5PA,57171.0,67811.0,HP X Entry Backpack worth  ₹1999.00 | Microsoft Office Home 2024 Lifetime Subscription worth ₹9199.00,https://www.hp.com/in-en/shop/hp-laptop-14-ep0342tu-bg6d5pa.html,13th Generation Intel® Core™ i5 processor,Windows 11 Home,"35.6 cm (14) diagonal, FHD display",Intel® Iris® Xᵉ Graphics,16 GB DDR4 RAM,512 GB SSD Hard Drive,Microsoft Office Home 2024 Lifetime Subscription worth ₹9199.00,hp x entry backpack ,16.0,512,SSD,512,9312.0,Intel,i7,Normal,Integrated,Mid-Range,1,1,True,50.5,Mouse,Lenovo
"HP EliteBook 845 35.6 cm (14) G11 Notebook PC, Silver",0.0,The enterprise notebook that’s anything but ordinary,AMD Ryzen™ 7 processor | Windows 11 Pro | 35.6 cm (14) diagonal WUXGA display | AMD Radeon™ 780M Graphics | 16 GB DDR5-5600 RAM | 1 TB SSD Hard Drive,B85PYPT,115116.0,129889.0,"HP 215 39.6 cm (15.6) Laptop Backpack worth ₹ 1,785",https://www.hp.com/in-en/shop/hp-elitebook-845-14-inch-g11-notebook-pc-b85pypt.html,AMD Ryzen™ 7 processor,Windows 11 Pro,35.6 cm (14) diagonal WUXGA display,AMD Radeon™ 780M Graphics,16 GB DDR5-5600 RAM,1 TB SSD Hard Drive,No,hp 215 39.6 cm (15.6) laptop backpack ,16.0,1,SSD,512,17390.0,AMD,Ryzen 7,Premium,Integrated,Premium,0,1,False,34.0,"Mouse, MS Office",Lenovo
"HP 240R 35.6 cm (14) G9 Business Laptop PC, Silver",3.8,"Compact and reliable, value-packed notebooks with essential business features to help you excel in hybrid work","13th Generation Intel® Core™ i3 processor | Windows 11 Pro | 35.6 cm (14) diagonal, HD display | Intel® UHD Graphics | 8 GB DDR4-3200 MT/s RAM | 512 GB SSD Hard Drive",B15JNAT,55155.0,59452.0,"HP 215 39.6 cm (15.6) Laptop Backpack worth ₹ 1,785",https://www.hp.com/in-en/shop/hp-240r-g9-notebook-pc-b15jnat.html,13th Generation Intel® Core™ i3 processor,Windows 11 Pro,"35.6 cm (14) diagonal, HD display",Intel® UHD Graphics,8 GB DDR4-3200 MT/s RAM,512 GB SSD Hard Drive,No,hp 215 39.6 cm (15.6) laptop backpack ,32.0,512,SSD,1024,2453.0,Intel,i3,Normal,Integrated,Mid-Range,1,1,False,36.0,,Lenovo
HP ZBook Power 40.6 cm (16) G11 Mobile Workstation PC,3.8,"Recommended for  2D and light 3D workflows, photography, and for running multiple large Microsoft Office files.",Intel® Core™ Ultra 7 processor | Windows 11 Pro | 40.6 cm (16) diagonal WUXGA IPS display | NVIDIA RTX™ 2000 Ada Generation Graphics | 16 GB DDR5-5600 RAM | 1 TB SSD Solid State Drive,B6SA4PT,248099.0,337445.0,"FREE Bag (35L98AA) worth ₹ 1,785",https://www.hp.com/in-en/shop/hp-zbook-power-16-inch-g11-mobile-workstation-pc-b6sa4pt.html,Intel® Core™ Ultra 7 processor,Windows 11 Pro,40.6 cm (16) diagonal WUXGA IPS display,NVIDIA RTX™ 2000 Ada Generation Graphics,16 GB DDR5-5600 RAM,1 TB SSD Solid State Drive,No,free bag (35l98aa) ,32.0,1,SSD,256,93185.0,AMD,Ryzen 3,Premium,Dedicated,Premium,1,1,False,53.0,"Backpack, Mouse, MS Office",Lenovo
"HP ProBook 450 39.6 cm (15.6) G10 Business Laptop PC, Silver",4.0,Affordable devices designed with business in mind; commercial grade features with durable design,"13th Generation Intel® Core™ i5 processor | Windows 11 Pro | 39.6 cm (15.6) diagonal, FHD display | Intel® Iris® Xᶱ Graphics | 16 GB DDR4-3200 MT/s RAM | 512 GB SSD Hard Drive",B10MBAT,91348.0,98542.0,"HP 215 39.6 cm (15.6) Laptop Backpack worth ₹ 1,785",https://www.hp.com/in-en/shop/hp-probook-450-15-6-39-62-cm-g10-notebook-pc-b10mbat.html,13th Generation Intel® Core™ i5 processor,Windows 11 Pro,"39.6 cm (15.6) diagonal, FHD display",Intel® Iris® Xᶱ Graphics,16 GB DDR4-3200 MT/s RAM,512 GB SSD Hard Drive,No,hp 215 39.6 cm (15.6) laptop backpack ,16.0,512,SSD,256,7543.0,Intel,i3,Premium,Integrated,Premium,0,1,False,53.0,"Backpack, Mouse, MS Office",Lenovo
HP ZBook Power 39.6 cm (15.6) G10 A Mobile Workstation PC,0.0,"Recommended for  2D and light 3D workflows, photography, and for running multiple large Microsoft Office files.",AMD Ryzen™ 7 processor | Windows 11 Pro | 39.6 cm (15.6) diagonal FHD display | NVIDIA RTX™ 2000 Ada Generation | 32 GB DDR5 RAM | 1 TB SSD Solid State Drive,8U6Z7PA,218338.0,253708.0,"FREE Bag (35L98AA) worth ₹ 1,785",https://www.hp.com/in-en/shop/hp-zbook-power-15-6-g10-a-mobile-workstation-pc-8u6z7pa.html,AMD Ryzen™ 7 processor,Windows 11 Pro,39.6 cm (15.6) diagonal FHD display,Integrated,32 GB DDR5 RAM,1 TB SSD Solid State Drive,No,free bag (35l98aa) ,16.0,1,SSD,512,31160.0,Intel,i3,Premium,Integrated,Premium,0,0,False,66.0,"Backpack, Mouse, MS Office",Lenovo
"HP Laptop 35.6 cm (14) 14-ep0342TU, Silver",3.5,Powerfully and responsibly made to get things done everyday,"13th Generation Intel® Core™ i5 processor | Windows 11 Home | 35.6 cm (14) diagonal, FHD display | Intel® Iris® Xᵉ Graphics | 16 GB DDR4 RAM | 512 GB SSD Hard Drive",BG6D5PA,60378.0,67811.0,HP X Entry Backpack worth  ₹1999.00 | Microsoft Office Home 2024 Lifetime Subscription worth ₹9199.00,https://www.hp.com/in-en/shop/hp-laptop-14-ep0342tu-bg6d5pa.html,13th Generation Intel® Core™ i5 processor,Windows 11 Home,"35.6 cm (14) diagonal, FHD display",Intel® Iris® Xᵉ Graphics,16 GB DDR4 RAM,512 GB SSD Hard Drive,Microsoft Office Home 2024 Lifetime Subscription worth ₹9199.00,hp x entry backpack ,32.0,512,SSD,256,9312.0,AMD,Ryzen 3,Normal,Integrated,Mid-Range,0,0,True,50.5,Mouse,Lenovo
"HP EliteBook 8 G1i 33.8 cm (13.3) Notebook AI PC, Silver",0.0,An innovative AI PC tailored for hybrid teams,"Intel® Core™ Ultra 5 processor | Windows 11 Pro | 33.8 cm (13.3) diagonal, WUXGA, IPS, 800 nits touch display | Intel® Graphics | 32 GB RAM | 1 TB SSD Hard Drive",BQ8J2PT,180000.0,,,https://www.hp.com/in-en/shop/elitebook-8-13-inch-flip-g1i-bq8j2pt.html,Intel® Core™ Ultra 5 processor,Windows 11 Pro,"33.8 cm (13.3) diagonal, WUXGA, IPS, 800 nits touch display",Intel® Graphics,32 GB RAM,1 TB SSD Hard Drive,No,none,32.0,1,SSD,1024,,Intel,i3,Premium,Integrated,Premium,0,0,False,66.0,"Backpack, Mouse, MS Office",Lenovo
HP ZBook Power 40.6 cm (16) G11 Mobile Workstation PC,3.8,Step up performance. Not size,Intel® Core™ Ultra 7 processor | Windows 11 Pro | 40.6 cm (16) diagonal WUXGA display | NVIDIA RTX™ A1000 Graphics | 32 GB DDR5-5600 RAM | 1 TB SSD Solid State Drive,B6SA2PT,230303.0,323791.0,"FREE Bag (35L98AA) worth ₹ 1,785",https://www.hp.com/in-en/shop/hp-zbook-power-16-inch-g11-mobile-workstation-pc-b6sa2pt.html,Intel® Core™ Ultra 7 processor,Windows 11 Pro,40.6 cm (16) diagonal WUXGA display,NVIDIA RTX™ A1000 Graphics,32 GB DDR5-5600 RAM,1 TB SSD Solid State Drive,No,free bag (35l98aa) ,16.0,1,SSD,512,92422.0,AMD,Ryzen 7,Premium,Dedicated,Premium,0,1,False,85.0,"Mouse, MS Office",Lenovo
"HP Victus 39.6cm (15.6) Gaming Laptop 15-fb3130AX, Blue",0.0,Fulfill your gaming destiny,"AMD Ryzen™ 7-7445HS processor | Windows 11 Home | 39.6 cm (15.6) diagonal FHD 144 Hz, IPS, 300 nits display with NVIDIA® GeForce RTX™ 4050 6GB | 16 GB DDR5-5600 RAM (Upgradeable) | 512 GB SSD Hard Drive | Full-size, backlit with numeric keypad, HP Wide Vision 720p HD camera",BV3A7PA,83804.0,95746.0,Microsoft Office Home 2024 Lifetime Subscription worth ₹9199.00,https://www.hp.com/in-en/shop/hp-victus-gaming-laptop-15-fb3130ax-bv3a7pa.html,AMD Ryzen™ 7-7445HS processor,Windows 11 Home,"39.6 cm (15.6) diagonal FHD 144 Hz, IPS, 300 nits display with NVIDIA® GeForce RTX™ 4050 6GB",Integrated,16 GB DDR5-5600 RAM (Upgradeable),512 GB SSD Hard Drive,Microsoft Office Home 2024 Lifetime Subscription worth ₹9199.00,none,16.0,512,SSD,1024,11247.0,Intel,i3,Premium,Integrated,Premium,1,1,True,33.0,Mouse,Lenovo
"HP EliteBook X G1a 35.6 cm (14) Notebook Next Gen AI PC, Silver",0.0,Copilot+ PC.The game-changing AI PC tech experts dream about,AMD Ryzen™ AI 9 processor | Windows 11 Pro | 35.6 cm (14) diagonal 2.8K OLED touch display | AMD Radeon™ 890M Graphics | 64 GB LPDDR5x RAM | 1 TB SSD Hard Drive,B85W7PT,216939.0,246667.0,"HP 215 39.6 cm (15.6) Laptop Backpack worth ₹ 1,785",https://www.hp.com/in-en/shop/hp-elitebook-x-g1a-14-inch-notebook-next-gen-ai-pc-b85w7pt.html,AMD Ryzen™ AI 9 processor,Windows 11 Pro,35.6 cm (14) diagonal 2.8K OLED touch display,AMD Radeon™ 890M Graphics,64 GB LPDDR5x RAM,1 TB SSD Hard Drive,No,hp 215 39.6 cm (15.6) laptop backpack ,32.0,1,SSD,256,25668.0,Intel,i7,Premium,Integrated,Premium,0,0,False,130.0,"Backpack, Mouse, MS Office",Lenovo
"HP EliteBook 8 Flip G1i 33.8 cm (13.3) Notebook AI PC, Silver",0.0,"Flip flexibility meets AI performance, ready for any task","Intel® Core™ Ultra 7 processor | Windows 11 Pro | 33.8 cm (13.3) diagonal, WUXGA, IPS, 800 nits touch display | Intel® Graphics | 64 GB RAM | 1 TB SSD Hard drive",BQ8J0PT,239739.0,242687.0,,https://www.hp.com/in-en/shop/elitebook-8-13-inch-flip-g1i-bq8j0pt.html,Intel® Core™ Ultra 7 processor,Windows 11 Pro,"33.8 cm (13.3) diagonal, WUXGA, IPS, 800 nits touch display",Intel® Graphics,64 GB RAM,1 TB SSD Hard drive,No,none,32.0,1,SSD,256,3188.0,Intel,i7,Premium,Integrated,Premium,0,0,False,130.0,"Mouse, MS Office",Lenovo
HP ZBook Power 39.6 cm (15.6) G10 A Mobile Workstation PC,0.0,"Recommended for  2D and light 3D workflows, photography, and for running multiple large Microsoft Office files.",AMD Ryzen™ 7 processor | Windows 11 Pro | 39.6 cm (15.6) diagonal FHD display | NVIDIA RTX™ 2000 Ada Generation | 32 GB DDR5 RAM | 1 TB SSD Solid State Drive,8U6Z7PA,226776.0,253708.0,"FREE Bag (35L98AA) worth ₹ 1,785",https://www.hp.com/in-en/shop/hp-zbook-power-15-6-g10-a-mobile-workstation-pc-8u6z7pa.html,AMD Ryzen™ 7 processor,Windows 11 Pro,39.6 cm (15.6) diagonal FHD display,Integrated,32 GB DDR5 RAM,1 TB SSD Solid State Drive,No,free bag (35l98aa) ,16.0,1,SSD,512,31160.0,Intel,i7,Premium,Integrated,Premium,1,1,False,66.0,"Backpack, Mouse, MS Office",Lenovo
"HP Pavilion Plus 35.6 cm (14) Laptop 14-ew0108TU, Blue",4.8333,"Unleash your potential with the HP Pavilion Plus 14"" Laptop",13th Generation Intel® Core™ i5 processor | Windows 11 Home | 35.6 cm (14) diagonal 2K display | Intel® Iris® Xᵉ Graphics | 16 GB LPDDR5x-5200 RAM | 512 GB SSD Hard Drive,B6PA5PA,76567.0,95006.0,"HP 310 15.6 Laptop Backpack worth ₹2,999.00 | Microsoft Office Home 2024 Lifetime Subscription worth ₹9199.00 | 1 year Microsoft 365 basic subscription",https://www.hp.com/in-en/shop/hp-pavilion-plus-laptop-14-ew0108tu-b6pa5pa.html,13th Generation Intel® Core™ i5 processor,Windows 11 Home,35.6 cm (14) diagonal 2K display,Intel® Iris® Xᵉ Graphics,16 GB LPDDR5x-5200 RAM,512 GB SSD Hard Drive,1 year Microsoft 365 basic subscription,hp 310 15.6 laptop backpack ,16.0,512,SSD,256,16507.0,Intel,i5,Normal,Integrated,Mid-Range,0,0,False,57.1665,"Mouse, MS Office",Lenovo
"HP EliteBook X Flip G1i 35.6 cm (14) Notebook Next Gen AI PC, Blue",0.0,Copilot+ PC.Drive strategy with the efficiency and power of next-gen AI,Intel® Core™ Ultra 7 processor | Windows 11 Pro | 35.6 cm (14) diagonal WUXGA touch display | Intel® Arc™ Graphics | 32 GB LPDDR5x RAM | 1 TB SSD Hard Drive,B8QX8PT,211634.0,235445.0,"HP 215 39.6 cm (15.6) Laptop Backpack worth ₹ 1,785",https://www.hp.com/in-en/shop/hp-elitebook-x-flip-g1i-14-inch-notebook-next-gen-ai-pc-b8qx8pt.html,Intel® Core™ Ultra 7 processor,Windows 11 Pro,35.6 cm (14) diagonal WUXGA touch display,Intel® Arc™ Graphics,32 GB LPDDR5x RAM,1 TB SSD Hard Drive,No,hp 215 39.6 cm (15.6) laptop backpack ,16.0,1,SSD,512,20946.0,Intel,i3,Premium,Integrated,Premium,0,1,False,66.0,"Backpack, Mouse, MS Office",Lenovo
"HP EliteBook 8 Flip G1i 33.8 cm (13.3) Notebook AI PC, Silver",0.0,"Flip flexibility meets AI performance, ready for any task","Intel® Core™ Ultra 5 processor | Windows 11 Pro | 33.8 cm (13.3) diagonal, WUXGA, IPS, 800 nits, 100% sRGB touch display | Intel® Graphics | 32 GB RAM | 1 TB SSD Hard Drive",BQ8J1PT,196093.0,199136.0,,https://www.hp.com/in-en/shop/elitebook-8-13-inch-flip-g1i-bq8j1pt.html,Intel® Core™ Ultra 5 processor,Windows 11 Pro,"33.8 cm (13.3) diagonal, WUXGA, IPS, 800 nits, 100% sRGB touch display",Intel® Graphics,32 GB RAM,1 TB SSD Hard Drive,No,none,16.0,1,SSD,256,1137.0,AMD,Ryzen 3,Premium,Integrated,Premium,0,0,False,66.0,"Backpack, Mouse, MS Office",Lenovo
"HP EliteBook X G1i 35.6 cm (14) Notebook Next Gen AI PC, Blue",0.0,Copilot+ PC.The game-changing AI PC tech experts dream about,Intel® Core™ Ultra 7 processor | Windows 11 Pro | 35.6 cm (14) diagonal WUXGA touch display | Intel® Arc™ Graphics | 32 GB LPDDR5x RAM | 1 TB SSD Hard Drive,B8QX0PT,230844.0,252778.0,,https://www.hp.com/in-en/shop/hp-elitebook-x-g1i-14-inch-notebook-next-gen-ai-pc-b8qx0pt.html,Intel® Core™ Ultra 7 processor,Windows 11 Pro,35.6 cm (14) diagonal WUXGA touch display,Intel® Arc™ Graphics,32 GB LPDDR5x RAM,1 TB SSD Hard Drive,No,none,8.0,1,SSD,256,23779.0,Intel,i7,Premium,Integrated,Premium,1,0,False,66.0,"Mouse, MS Office",Lenovo
"HP ProBook 4 35.6 cm (14) G1iR Business Laptop PC, Silver",0.0,Affordable devices designed with business in mind; commercial grade features with durable design,"Intel® Core™ 5 processor | Windows 11 Pro | 35.6 cm (14) diagonal, WUXGA, IPS display | Intel® Graphics | 24 GB DDR5-5600 RAM | 512 GB SSD Hard Drive",CE0Z9AT,74383.0,87889.0,"HP 215 39.6 cm (15.6) Laptop Backpack worth ₹ 1,785",https://www.hp.com/in-en/shop/hp-probook-4-g1ir-14-inch-notebook-pc-ce0z9at.html,Intel® Core™ 5 processor,Windows 11 Pro,"35.6 cm (14) diagonal, WUXGA, IPS display",Intel® Graphics,24 GB DDR5-5600 RAM,512 GB SSD Hard Drive,No,hp 215 39.6 cm (15.6) laptop backpack ,8.0,512,SSD,1024,11290.0,Intel,i3,Normal,Integrated,Mid-Range,1,1,False,49.0,"Mouse, MS Office",Lenovo
"OMEN MAX Gaming Laptop 16, Black, Ultra 9 - 275HX (24C), RTX 5090 24GB, 64 GB DDR5",0.0,Built to break limits,"Intel® Core™ Ultra 9 275HX processor | Windows 11 Home | 40.6 cm (16) diagonal WQXGA OLED display,240 Hz, 0.2 ms response time, | NVIDIA® GeForce RTX™ 5090 24GB | 64 GB DDR5-5600 MT/s (2 x 16 GB) RAM | 2TB SSD Hard Drive",C27DWPA,403495.0,449646.0,,https://www.hp.com/in-en/shop/omen-max-gaming-laptop-16-ah0217tx-c27dwpa.html,Intel® Core™ Ultra 9 275HX processor,Windows 11 Home,"40.6 cm (16) diagonal WQXGA OLED display,240 Hz, 0.2 ms response time,",Integrated,64 GB DDR5-5600 MT/s (2 x 16 GB) RAM,2TB SSD Hard Drive,No,none,8.0,2,SSD,1024,49647.0,Intel,i5,Premium,Integrated,Premium,1,0,False,132.0,Mouse,Lenovo
"HP ProBook 440 35.6 cm (14) G10 Business Laptop PC, Silver",4.0,"Essential, commercial-grade features","13th Generation Intel® Core™ i5 processor | Windows 11 Pro | 35.6 cm (14) diagonal, FHD, IPS display | Intel® Iris® Xᵉ Graphics | 8 GB DDR4 RAM | 512 GB SSD Hard Drive",BJ3T0AT,90736.0,106621.0,"HP 215 39.6 cm (15.6) Laptop Backpack worth ₹ 1,785",https://www.hp.com/in-en/shop/hp-probook-440-14-g10-notebook-pc-bj3t0at.html,13th Generation Intel® Core™ i5 processor,Windows 11 Pro,"35.6 cm (14) diagonal, FHD, IPS display",Intel® Iris® Xᵉ Graphics,8 GB DDR4 RAM,512 GB SSD Hard Drive,No,hp 215 39.6 cm (15.6) laptop backpack ,16.0,512,SSD,512,16322.0,AMD,Ryzen 7,Normal,Integrated,Premium,1,0,False,37.0,"Mouse, MS Office",Lenovo
HP ZBook Power 40.6 cm (16) G11 Mobile Workstation PC,3.8,"Recommended for  2D and light 3D workflows, photography, and for running multiple large Microsoft Office files.",Intel® Core™ Ultra 7 processor | Windows 11 Pro | 40.6 cm (16) diagonal WUXGA IPS display | NVIDIA RTX™ 2000 Ada Generation Graphics | 32 GB DDR5-5600 RAM | 1 TB SSD Solid State Drive,B6SA6PT,257048.0,351687.0,"FREE Bag (35L98AA) worth ₹ 1,785",https://www.hp.com/in-en/shop/hp-zbook-power-16-inch-g11-mobile-workstation-pc-b6sa6pt.html,Intel® Core™ Ultra 7 processor,Windows 11 Pro,40.6 cm (16) diagonal WUXGA IPS display,NVIDIA RTX™ 2000 Ada Generation Graphics,32 GB DDR5-5600 RAM,1 TB SSD Solid State Drive,No,free bag (35l98aa) ,32.0,1,SSD,256,93857.0,Intel,i5,Premium,Dedicated,Premium,1,1,False,85.0,"Mouse, MS Office",Lenovo
"HP Laptop 39.6 cm (15.6) 15-fc0389AU, Silver",0.0,Reliable computing yet stylish laptop that makes the wallet happy,AMD Ryzen™ 5-7430U processor | Windows 11 Home | 39.6 cm (15.6) diagonal FHD display | AMD Radeon™ Graphics | 16 GB DDR4-3200 RAM | 512 GB SSD Hard Drive,B7UV7PA,43872.0,55691.0,HP X Entry Backpack worth  ₹1999.00 | Microsoft Office Home 2024 Lifetime Subscription worth ₹9199.00 | 1 year Microsoft 365 basic subscription,https://www.hp.com/in-en/shop/hp-laptop-15-fc0389au-b7uv7pa.html,AMD Ryzen™ 5-7430U processor,Windows 11 Home,39.6 cm (15.6) diagonal FHD display,AMD Radeon™ Graphics,16 GB DDR4-3200 RAM,512 GB SSD Hard Drive,1 year Microsoft 365 basic subscription,hp x entry backpack ,8.0,512,SSD,512,7691.0,Intel,i3,Normal,Integrated,Mid-Range,0,0,False,33.0,,Lenovo
"HP OMEN MAX Gaming Laptop 16, Black, Ryzen AI 9 HX 375 (12C), RTX 5080 16GB, 32 GB",0.0,Copilot+ PC.Pro Gaming. Built for unbelievable speed and immersive gameplay.,"AMD Ryzen™ AI 9 HX 375 (12C) processor | Windows 11 Home | 40.6 cm (16) diagonal, WQXGA, IPS VRR, anti-glare, Low Blue Light, 240 Hz, 500 nits display | NVIDIA® GeForce RTX™ 5080 | 32 GB DDR5 RAM | 1 TB SSD Hard Drive",C1NZ8PA,304990.0,337234.0,Microsoft Office Home 2024 Lifetime Subscription worth ₹9199.00 | Microsoft Xbox Game Pass 3 month,https://www.hp.com/in-en/shop/hp-omen-max-gaming-laptop-16-ak0075ax-c1nz8pa.html,AMD Ryzen™ AI 9 HX 375 (12C) processor,Windows 11 Home,"40.6 cm (16) diagonal, WQXGA, IPS VRR, anti-glare, Low Blue Light, 240 Hz, 500 nits display",Integrated,32 GB DDR5 RAM,1 TB SSD Hard Drive,Microsoft Xbox Game Pass 3 month,none,8.0,1,SSD,512,37235.0,AMD,Ryzen 3,Premium,Integrated,Premium,1,0,False,66.0,"Backpack, Mouse, MS Office",Lenovo
"HP ProBook 440 35.6 cm (14) G10 Business Laptop PC, Silver",4.0,"Essential, commercial-grade features","13th Generation Intel® Core™ i7 processor | Windows 11 Pro | 35.6 cm (14) diagonal, FHD, IPS display | Intel® UHD Graphics | 16 GB DDR4-3200 RAM | 512 GB SSD Hard Drive",BM4C6PT,99004.0,115834.0,,https://www.hp.com/in-en/shop/hp-probook-440-14-inch-g10-notebook-pc-bm4c6pt.html,13th Generation Intel® Core™ i7 processor,Windows 11 Pro,"35.6 cm (14) diagonal, FHD, IPS display",Intel® UHD Graphics,16 GB DDR4-3200 RAM,512 GB SSD Hard Drive,No,none,32.0,512,SSD,1024,14835.0,AMD,Ryzen 7,Premium,Integrated,Premium,0,1,False,53.0,"Backpack, Mouse",Lenovo
"HP Laptop 35.6 cm 14-ep1130TU, Silver",3.6667,Powerfully and responsibly made to get things done everyday,Intel® Core™ Ultra 7 155H processor | Windows 11 Home | 35.6 cm (14) diagonal FHD display | Intel® Arc™ Graphics | 32 GB DDR5-5600 MT/s RAM | 1TB SSD Hard Drive,C0YN6PA,89070.0,101261.0,HP X Entry Backpack worth  ₹1999.00 | Microsoft Office Home 2024 Lifetime Subscription worth ₹9199.00,https://www.hp.com/in-en/shop/hp-laptop-14-ep1130tu-c0yn6pa.html,Intel® Core™ Ultra 7 155H processor,Windows 11 Home,35.6 cm (14) diagonal FHD display,Intel® Arc™ Graphics,32 GB DDR5-5600 MT/s RAM,1TB SSD Hard Drive,Microsoft Office Home 2024 Lifetime Subscription worth ₹9199.00,hp x entry backpack ,16.0,1,SSD,1024,11262.0,Intel,i3,Premium,Integrated,Premium,1,0,True,84.3335,"Backpack, Mouse, MS Office",Lenovo
"HP Victus 39.6 cm (15.6) Gaming Laptop 15-fb3185AX, Silver",3.4,Step up the fun with our most affordable gaming laptop range that doesn't shy on performance.,"AMD Ryzen™ 7 processor | Windows 11 Home | 39.6 cm (15.6) diagonal, FHD, 144 Hz, IPS display | NVIDIA® GeForce RTX™ 5050 8GB | 24 GB DDR5-5600 RAM | 1 TB SSD Hard Drive",C28DWPA,105455.0,120928.0,Microsoft Office Home 2024 Lifetime Subscription worth ₹9199.00 | 1 year Microsoft 365 basic subscription,https://www.hp.com/in-en/shop/hp-victus-gaming-laptop-15-fb3185ax-c28dwpa.html,AMD Ryzen™ 7 processor,Windows 11 Home,"39.6 cm (15.6) diagonal, FHD, 144 Hz, IPS display",Integrated,24 GB DDR5-5600 RAM,1 TB SSD Hard Drive,1 year Microsoft 365 basic subscription,none,8.0,1,SSD,256,13429.0,AMD,Ryzen 5,Premium,Integrated,Premium,1,1,False,67.0,"Backpack, Mouse, MS Office",Lenovo
"HP ZBook Firefly 35.6 cm (14) G11 Mobile Workstation PC, Silver",3.0,"Recommended for  2D and light 3D workflows, photography, and for running multiple large Microsoft Office files.",AMD Ryzen™ 7 processor | Windows 11 Pro | 35.6 cm (14) diagonal WUXGA IPS display | Intel® UMA Graphics | 32 GB DDR5-5600 RAM | 1 TB SSD Solid State Drive,B7ER4PT,120826.0,231738.0,"FREE Bag (35L98AA) worth ₹ 1,785",https://www.hp.com/in-en/shop/hp-zbook-firefly-14-inch-g11-a-mobile-workstation-pc-b7er4pt.html,AMD Ryzen™ 7 processor,Windows 11 Pro,35.6 cm (14) diagonal WUXGA IPS display,Intel® UMA Graphics,32 GB DDR5-5600 RAM,1 TB SSD Solid State Drive,No,free bag (35l98aa) ,16.0,1,SSD,1024,112322.0,AMD,Ryzen 5,Premium,Integrated,Premium,0,0,False,81.0,"Backpack, Mouse, MS Office",Lenovo
"HP ZBook Firefly 35.6 cm (14) G11 Mobile Workstation PC, Silver",3.0,"Recommended for  2D and light 3D workflows, photography, and for running multiple large Microsoft Office files.",AMD Ryzen™ 7 processor | FreeDOS | 35.6 cm (14) diagonal WUXGA display | Intel® UMA Graphics | 16 GB DDR5-5600 RAM | 512 GB SSD Solid State Drive,B7EQ5PT,92329.0,182490.0,"FREE Bag (35L98AA) worth ₹ 1,785",https://www.hp.com/in-en/shop/hp-zbook-firefly-14-g11-a-mobile-workstation-pc-b7eq5pt.html,AMD Ryzen™ 7 processor,Unknown,35.6 cm (14) diagonal WUXGA display,Intel® UMA Graphics,16 GB DDR5-5600 RAM,512 GB SSD Solid State Drive,No,free bag (35l98aa) ,16.0,512,SSD,256,86957.0,AMD,Ryzen 5,Premium,Integrated,Premium,0,0,False,48.0,"Backpack, Mouse, MS Office",Lenovo
"HP OMEN Gaming Laptop 16, Black, Ryzen AI 9 365 (10C), RTX 5070 8GB, 16 GB",0.0,Copilot+ PC.Pro Gaming. Built for unbelievable speed and immersive gameplay.,"AMD Ryzen™ AI 9 365 (10C) processor | Windows 11 Home | 40.6 cm (16) diagonal, 2K, IPS, anti-glare, Low Blue Light, 165 Hz, 400 nits display | NVIDIA® GeForce RTX™ 5070 8GB | 16 GB DDR5 RAM | 1 TB SSD Hard Drive",BK5Y2PA,169395.0,193347.0,Microsoft Office Home 2024 Lifetime Subscription worth ₹9199.00 | Microsoft Xbox Game Pass 3 month,https://www.hp.com/in-en/shop/hp-omen-gaming-laptop-16-ap0031ax-bk5y2pa.html,AMD Ryzen™ AI 9 365 (10C) processor,Windows 11 Home,"40.6 cm (16) diagonal, 2K, IPS, anti-glare, Low Blue Light, 165 Hz, 400 nits display",Integrated,16 GB DDR5 RAM,1 TB SSD Hard Drive,Microsoft Xbox Game Pass 3 month,none,16.0,1,SSD,1024,21348.0,Intel,i3,Premium,Integrated,Premium,0,0,False,34.0,"Backpack, Mouse, MS Office",Lenovo
"HP EliteBook 8 35.6 cm (14) G1i Next Gen AI PC, Silver",0.0,Copilot+ PC.Next-gen AI redefines productivity for modern professionals,"Intel® Core™ Ultra 7 processor | Windows 11 Pro | 35.6 cm (14) diagonal, WUXGA, IPS display, Touchscreen | Intel® Arc™ Graphics | 32 GB LPDDR5x-8533 RAM | 1 TB SSD Hard Drive",C27T5PT,174015.0,203109.0,"HP 215 39.6 cm (15.6) Laptop Backpack worth ₹ 1,785",https://www.hp.com/in-en/shop/hp-elitebook-8-g1i-14-inch-notebook-next-gen-ai-pc-c27t5pt.html,Intel® Core™ Ultra 7 processor,Windows 11 Pro,"35.6 cm (14) diagonal, WUXGA, IPS display, Touchscreen",Intel® Arc™ Graphics,32 GB LPDDR5x-8533 RAM,1 TB SSD Hard Drive,No,hp 215 39.6 cm (15.6) laptop backpack ,32.0,1,SSD,256,29310.0,Intel,i5,Premium,Integrated,Premium,1,0,False,66.0,Mouse,Lenovo
HP EliteBook 1040 35.6 cm (14) G11 Business Laptop PC,4.3333,Devices that maximize business value to enterprise employees across all hybrid workstyles,"Intel® Core™ Ultra 7 processor | Windows 11 Pro | 35.6 cm (14) diagonal, WUXGA display | Intel® Arc™ Graphics | 16 GB LPDDR5x-7500 RAM | 1 TB SSD Hard Drive",A71KPPA,162188.0,169934.0,"HP 215 39.6 cm (15.6) Laptop Backpack worth ₹ 1,785",https://www.hp.com/in-en/shop/hp-elitebook-1040-14-inch-g11-notebook-pc-a71kppa.html,Intel® Core™ Ultra 7 processor,Windows 11 Pro,"35.6 cm (14) diagonal, WUXGA display",Intel® Arc™ Graphics,16 GB LPDDR5x-7500 RAM,1 TB SSD Hard Drive,No,hp 215 39.6 cm (15.6) laptop backpack ,8.0,1,SSD,512,3435.0,Intel,i3,Premium,Integrated,Premium,1,1,False,55.6665,"Mouse, MS Office",Lenovo
"HP EliteBook X G1i 35.6 cm (14) Notebook Next Gen AI PC, Blue",0.0,Copilot+ PC.The game-changing AI PC tech experts dream about,Intel® Core™ Ultra 7 processor | Windows 11 Pro | 35.6 cm (14) diagonal WUXGA touch display | Intel® Arc™ Graphics | 32 GB LPDDR5x RAM | 1 TB SSD Hard Drive,B8QX7PT,195915.0,223456.0,,https://www.hp.com/in-en/shop/hp-elitebook-x-g1i-14-inch-notebook-next-gen-ai-pc-b8qx7pt.html,Intel® Core™ Ultra 7 processor,Windows 11 Pro,35.6 cm (14) diagonal WUXGA touch display,Intel® Arc™ Graphics,32 GB LPDDR5x RAM,1 TB SSD Hard Drive,No,none,32.0,1,SSD,512,23457.0,AMD,Ryzen 5,Premium,Integrated,Premium,1,0,False,66.0,"Mouse, MS Office",Lenovo
"HP OMEN MAX Gaming Laptop 16, Black, Ryzen AI 9 HX 375 (12C), RTX 5080 16GB, 32 GB",0.0,Copilot+ PC.Pro Gaming. Built for unbelievable speed and immersive gameplay.,"AMD Ryzen™ AI 9 HX 375 (12C) processor | Windows 11 Home | 40.6 cm (16) diagonal, WQXGA, IPS VRR, anti-glare, Low Blue Light, 240 Hz, 500 nits display | NVIDIA® GeForce RTX™ 5080 | 32 GB DDR5 RAM | 1 TB SSD Hard Drive",C1NZ8PA,299800.0,337234.0,Microsoft Office Home 2024 Lifetime Subscription worth ₹9199.00 | Microsoft Xbox Game Pass 3 month,https://www.hp.com/in-en/shop/hp-omen-max-gaming-laptop-16-ak0075ax-c1nz8pa.html,AMD Ryzen™ AI 9 HX 375 (12C) processor,Windows 11 Home,"40.6 cm (16) diagonal, WQXGA, IPS VRR, anti-glare, Low Blue Light, 240 Hz, 500 nits display",Integrated,32 GB DDR5 RAM,1 TB SSD Hard Drive,Microsoft Xbox Game Pass 3 month,none,8.0,1,SSD,256,37235.0,Intel,i5,Premium,Integrated,Premium,1,1,False,66.0,"Backpack, Mouse, MS Office",Lenovo
"HP EliteBook 8 Flip G1i 33.8 cm (13.3) Notebook AI PC, Silver",0.0,"Flip flexibility meets AI performance, ready for any task","Intel® Core™ Ultra 5 processor | Windows 11 Pro | 33.8 cm (13.3) diagonal, WUXGA, IPS, 800 nits, 100% sRGB touch display | Intel® Graphics | 32 GB RAM | 1 TB SSD Hard Drive",BQ8J1PT,197788.0,199136.0,,https://www.hp.com/in-en/shop/elitebook-8-13-inch-flip-g1i-bq8j1pt.html,Intel® Core™ Ultra 5 processor,Windows 11 Pro,"33.8 cm (13.3) diagonal, WUXGA, IPS, 800 nits, 100% sRGB touch display",Intel® Graphics,32 GB RAM,1 TB SSD Hard Drive,No,none,32.0,1,SSD,256,1137.0,AMD,Ryzen 5,Premium,Integrated,Premium,0,1,False,66.0,"Backpack, Mouse, MS Office",Lenovo
"HP Laptop 39.6 cm (15.6) 15-fd1458TU, Silver",0.0,Reliable computing yet stylish laptop that makes the wallet happy,"Intel® Core™ Ultra 5-125H processor | Windows 11 Home Single Language | 39.6 cm (15.6) diagonal FHD, IPS, anti-glare display | Intel® Arc™ Graphics | 24 GB DDR5-5600 RAM | 1 TB SSD Hard Drive",CJ9E1PA,77984.0,83566.0,HP X Entry Backpack worth  ₹1999.00,https://www.hp.com/in-en/shop/hp-laptop-15-fd1458tu-cj9e1pa.html,Intel® Core™ Ultra 5-125H processor,Windows 11 Home Single Language,"39.6 cm (15.6) diagonal FHD, IPS, anti-glare display",Intel® Arc™ Graphics,24 GB DDR5-5600 RAM,1 TB SSD Hard Drive,No,hp x entry backpack ,8.0,1,SSD,512,8567.0,AMD,Ryzen 5,Normal,Integrated,Mid-Range,0,1,False,50.0,"Mouse, MS Office",Lenovo
"HP Laptop 39.6 cm (15.6) 15-fd0576TU, Silver",0.0,A reliably built laptop to keep you in the zone,13th Generation Intel® Core™ i5 processor | Windows 11 Home | 39.6 cm (15.6) diagonal FHD display | Intel® Iris® Xᵉ Graphics | 16 GB DDR4 RAM | 512 GB SSD Hard Drive,BG6E3PA,63836.0,73324.0,Microsoft Office Home 2024 Lifetime Subscription worth ₹9199.00,https://www.hp.com/in-en/shop/hp-laptop-15-fd0576tu-bg6e3pa.html,13th Generation Intel® Core™ i5 processor,Windows 11 Home,39.6 cm (15.6) diagonal FHD display,Intel® Iris® Xᵉ Graphics,16 GB DDR4 RAM,512 GB SSD Hard Drive,Microsoft Office Home 2024 Lifetime Subscription worth ₹9199.00,none,32.0,512,SSD,1024,8325.0,Intel,i5,Normal,Integrated,Mid-Range,0,0,True,33.0,"Mouse, MS Office",Lenovo
"HP ZBook 8 G1i 35.6 cm (14) Mobile Workstation PC, Silver",0.0,Step up performance. Not size.,"Intel® Core™ Ultra 7 processor | Windows 11 Pro | 35.6 cm (14) diagonal, WUXGA UWVA display | NVIDIA RTX™ 500 Ada Generation Laptop GPU | 32 GB DDR5-5600 RAM | 1 TB SSD Solid State Drive",C1JN2PT,176598.0,282408.0,"HP 215 39.6 cm (15.6) Laptop Backpack worth ₹ 1,785",https://www.hp.com/in-en/shop/hp-zbook-8-g1i-14-inch-mobile-workstation-pc-data-science-c1jn2pt.html,Intel® Core™ Ultra 7 processor,Windows 11 Pro,"35.6 cm (14) diagonal, WUXGA UWVA display",Integrated,32 GB DDR5-5600 RAM,1 TB SSD Solid State Drive,No,hp 215 39.6 cm (15.6) laptop backpack ,8.0,1,SSD,1024,108909.0,AMD,Ryzen 5,Premium,Integrated,Premium,0,0,False,66.0,"Mouse, MS Office",Lenovo
"Victus Gaming Laptop 15-fb3189AX, Blue",0.0,Fulfill your gaming destiny,"AMD Ryzen™ 7 7445HS processor | Windows 11 Home | 39.6 cm (15.6) diagonal FHD 144 Hz, IPS, 300 nits display | NVIDIA® GeForce RTX™ 2050 4GB | 16 GB DDR5-5600 RAM (Upgradeable) | 512 GB SSD Hard Drive",C20N1PA,67075.0,80595.0,Microsoft Office Home 2024 Lifetime Subscription worth ₹9199.00 | 1 year Microsoft 365 basic subscription,https://www.hp.com/in-en/shop/victus-gaming-laptop-15-fb3189ax-c20n1pa.html,AMD Ryzen™ 7 7445HS processor,Windows 11 Home,"39.6 cm (15.6) diagonal FHD 144 Hz, IPS, 300 nits display",Integrated,16 GB DDR5-5600 RAM (Upgradeable),512 GB SSD Hard Drive,1 year Microsoft 365 basic subscription,none,8.0,512,SSD,1024,13096.0,AMD,Ryzen 3,Gaming,Integrated,Mid-Range,1,0,False,33.0,"Mouse, MS Office",Lenovo
"HP OMEN Gaming Laptop 16, Black, Ultra 5-225H (14C), RTX 5050 8GB, 16 GB",0.0,Bold performance without the burnout,"Intel® Core™ Ultra 5 225H (14C) processor | Windows 11 Home | 40.6 cm (16) diagonal, 2K, IPS, anti-glare, Low Blue Light, 165 Hz, 400 nits display | NVIDIA® GeForce RTX™ 5050 8GB | 16 GB DDR5 RAM | 1 TB SSD Hard Drive",C1NW9PA,136643.0,154002.0,Microsoft Office Home 2024 Lifetime Subscription worth ₹9199.00 | Microsoft Xbox Game Pass 3 month | 1 year Microsoft 365 basic subscription,https://www.hp.com/in-en/shop/hp-omen-gaming-laptop-16-am0173tx-c1nw9pa.html,Intel® Core™ Ultra 5 225H (14C) processor,Windows 11 Home,"40.6 cm (16) diagonal, 2K, IPS, anti-glare, Low Blue Light, 165 Hz, 400 nits display",Integrated,16 GB DDR5 RAM,1 TB SSD Hard Drive,1 year Microsoft 365 basic subscription,none,8.0,1,SSD,512,17003.0,AMD,Ryzen 3,Premium,Integrated,Premium,0,0,False,34.0,"Backpack, Mouse, MS Office",Lenovo
"HP ProBook 4 35.6 cm (14) G1iR Business Laptop PC, Silver",0.0,Affordable devices designed with business in mind; commercial grade features with durable design,"Intel® Core™ 7 processor | FreeDOS | 35.6 cm (14) diagonal, WUXGA, IPS display | Intel® Graphics | 24 GB DDR5-5600 RAM | 512 GB SSD Hard Drive",CF2V0PT,86717.0,105200.0,"HP 215 39.6 cm (15.6) Laptop Backpack worth ₹ 1,785",https://www.hp.com/in-en/shop/hp-probook-4-g1ir-14-inch-notebook-pc-cf2v0pt.html,Intel® Core™ 7 processor,Unknown,"35.6 cm (14) diagonal, WUXGA, IPS display",Intel® Graphics,24 GB DDR5-5600 RAM,512 GB SSD Hard Drive,No,hp 215 39.6 cm (15.6) laptop backpack ,8.0,512,SSD,256,14301.0,Intel,i5,Premium,Integrated,Premium,0,1,False,49.0,"Backpack, Mouse, MS Office",Lenovo
"HP OMEN MAX Gaming Laptop 16, Black, Ryzen AI 9 HX 375 (12C), RTX 5080 16GB, 32 GB",0.0,Copilot+ PC.Pro Gaming. Built for unbelievable speed and immersive gameplay.,"AMD Ryzen™ AI 9 HX 375 (12C) processor | Windows 11 Home | 40.6 cm (16) diagonal, WQXGA, IPS VRR, anti-glare, Low Blue Light, 240 Hz, 500 nits display | NVIDIA® GeForce RTX™ 5080 | 32 GB DDR5 RAM | 1 TB SSD Hard Drive",C1NZ8PA,298999.0,337234.0,Microsoft Office Home 2024 Lifetime Subscription worth ₹9199.00 | Microsoft Xbox Game Pass 3 month,https://www.hp.com/in-en/shop/hp-omen-max-gaming-laptop-16-ak0075ax-c1nz8pa.html,AMD Ryzen™ AI 9 HX 375 (12C) processor,Windows 11 Home,"40.6 cm (16) diagonal, WQXGA, IPS VRR, anti-glare, Low Blue Light, 240 Hz, 500 nits display",Integrated,32 GB DDR5 RAM,1 TB SSD Hard Drive,Microsoft Xbox Game Pass 3 month,none,8.0,1,SSD,1024,37235.0,Intel,i5,Premium,Integrated,Premium,0,1,False,66.0,"Backpack, Mouse, MS Office",Lenovo
"HP ProBook 4 35.6 cm (14) G1iR Business Laptop PC, Silver",0.0,Affordable devices designed with business in mind; commercial grade features with durable design,"13th Generation Intel® Core™ i5 processor | Windows 11 Pro | 35.6 cm (14) diagonal, WUXGA IPS display | Intel® Iris® Xᵉ Graphics | 16 GB DDR5-5600 RAM | 1 TB SSD Hard Drive",C22NJAT,104135.0,112778.0,"HP 215 39.6 cm (15.6) Laptop Backpack worth ₹ 1,785",https://www.hp.com/in-en/shop/hp-probook-4-g1ir-14-inch-notebook-pc-c22njat.html,13th Generation Intel® Core™ i5 processor,Windows 11 Pro,"35.6 cm (14) diagonal, WUXGA IPS display",Intel® Iris® Xᵉ Graphics,16 GB DDR5-5600 RAM,1 TB SSD Hard Drive,No,hp 215 39.6 cm (15.6) laptop backpack ,8.0,1,SSD,1024,11279.0,Intel,i3,Premium,Integrated,Premium,0,0,False,34.0,"Backpack, Mouse",Lenovo
HP EliteBook 1040 35.6 cm (14) G11 Business Laptop PC,4.3333,Devices that maximize business value to enterprise employees across all hybrid workstyles,"Intel® Core™ Ultra 7 processor | Windows 11 Pro | 35.6 cm (14) diagonal, WUXGA display | Intel® Arc™ Graphics | 16 GB LPDDR5x-7500 RAM | 1 TB SSD Hard Drive",A71KPPA,164695.0,169934.0,"HP 215 39.6 cm (15.6) Laptop Backpack worth ₹ 1,785",https://www.hp.com/in-en/shop/hp-elitebook-1040-14-inch-g11-notebook-pc-a71kppa.html,Intel® Core™ Ultra 7 processor,Windows 11 Pro,"35.6 cm (14) diagonal, WUXGA display",Intel® Arc™ Graphics,16 GB LPDDR5x-7500 RAM,1 TB SSD Hard Drive,No,hp 215 39.6 cm (15.6) laptop backpack ,32.0,1,SSD,512,3435.0,Intel,i5,Premium,Integrated,Premium,0,0,False,55.6665,"Mouse, MS Office",Lenovo
"HP ZBook Firefly 35.6 cm (14) G11 Mobile Workstation PC, Silver",3.9375,"Recommended for  2D and light 3D workflows, photography, and for running multiple large Microsoft Office files.",Intel® Core™ Ultra 7 processor | Windows 11 Pro | 35.6 cm (14) diagonal WUXGA display | Intel® Graphics | 16 GB DDR5-5600 RAM | 1 TB PCIe® NVMe™ SSD Solid State Drive,A1VR2PT,139068.0,224666.0,,https://www.hp.com/in-en/shop/hp-zbook-firefly-14-inch-g11-mobile-workstation-pc-a1vr2pt.html,Intel® Core™ Ultra 7 processor,Windows 11 Pro,35.6 cm (14) diagonal WUXGA display,Intel® Graphics,16 GB DDR5-5600 RAM,1 TB PCIe® NVMe™ SSD Solid State Drive,No,none,32.0,1,SSD,1024,83667.0,AMD,Ryzen 3,Premium,Integrated,Premium,1,1,False,53.6875,"Backpack, Mouse, MS Office",Lenovo
"HP EliteBook 1040 35.6 cm (14) G11 Notebook PC, Silver",4.3333,Innovative design and real power for real work,"Intel® Core™ Ultra 5 processor | Windows 11 Pro | 35.6 cm (14) diagonal, WUXGA, IPS, 400 nits touch display | Intel® Arc™ Graphics | 16 GB LPDDR5x-7500 RAM | 1 TB SSD Hard Drive",B85WTAT,142760.0,159445.0,"HP 215 39.6 cm (15.6) Laptop Backpack worth ₹ 1,785",https://www.hp.com/in-en/shop/hp-elitebook-1040-14-inch-g11-notebook-pc-b85wtat.html,Intel® Core™ Ultra 5 processor,Windows 11 Pro,"35.6 cm (14) diagonal, WUXGA, IPS, 400 nits touch display",Intel® Arc™ Graphics,16 GB LPDDR5x-7500 RAM,1 TB SSD Hard Drive,No,hp 215 39.6 cm (15.6) laptop backpack ,16.0,1,SSD,512,15646.0,AMD,Ryzen 7,Premium,Integrated,Premium,1,1,False,55.6665,"Mouse, MS Office",Lenovo
"HP EliteBook X G1a 35.6 cm (14) Notebook Next Gen AI PC, Silver",0.0,Copilot+ PC.The game-changing AI PC tech experts dream about,AMD Ryzen™ AI 7 PRO processor | Windows 11 Pro | 35.6 cm (14) diagonal 2.8K OLED touch display | AMD Radeon™ 880M Graphics | 64 GB LPDDR5x RAM | 1 TB SSD Hard Drive,B85TPPT,227445.0,248445.0,"HP 215 39.6 cm (15.6) Laptop Backpack worth ₹ 1,785",https://www.hp.com/in-en/shop/hp-elitebook-x-g1a-14-inch-notebook-next-gen-ai-pc-b85tppt.html,AMD Ryzen™ AI 7 PRO processor,Windows 11 Pro,35.6 cm (14) diagonal 2.8K OLED touch display,AMD Radeon™ 880M Graphics,64 GB LPDDR5x RAM,1 TB SSD Hard Drive,No,hp 215 39.6 cm (15.6) laptop backpack ,16.0,1,SSD,256,23446.0,Intel,i7,Premium,Integrated,Premium,0,0,False,130.0,"Mouse, MS Office",Lenovo
HP ProBook 440 35.6 cm (14) G10 Business Laptop PC,4.0,"Essential, commercial-grade features","13th Generation Intel® Core™ i5 processor | Windows 11 Pro | 35.6 cm (14) diagonal, FHD, IPS display | Intel® Iris® Xᵉ Graphics | 16 GB DDR4-3200 RAM | 512 GB SSD Hard Drive",BM4C5PT,88435.0,101667.0,"HP 215 39.6 cm (15.6) Laptop Backpack worth ₹ 1,785",https://www.hp.com/in-en/shop/hp-probook-440-14-inch-g10-notebook-pc-bm4c5pt.html,13th Generation Intel® Core™ i5 processor,Windows 11 Pro,"35.6 cm (14) diagonal, FHD, IPS display",Intel® Iris® Xᵉ Graphics,16 GB DDR4-3200 RAM,512 GB SSD Hard Drive,No,hp 215 39.6 cm (15.6) laptop backpack ,8.0,512,SSD,256,11968.0,Intel,i5,Premium,Integrated,Premium,1,0,False,53.0,"Backpack, Mouse, MS Office",Lenovo
"HP Elitebook Ultra 35.6 cm (14) G1q Business Laptop AI PC, Blue",5.0,Copilot+ PC.Lead the way with this sophisticated next-gen AI PC,Qualcomm® Snapdragon™ processor | Windows 11 Pro | 35.6 cm (14) diagonal 2.2K touch display supports Qualcomm® Adreno™ | 16 GB LPDDR5x-8400 RAM | 1 TB SSD Hard Drive,A5KJ7PA,171808.0,,,https://www.hp.com/in-en/shop/elitebook-ultra-g1q-business-laptop-ai-pc.html,Qualcomm® Snapdragon™ processor,Windows 11 Pro,35.6 cm (14) diagonal 2.2K touch display supports Qualcomm® Adreno™,Integrated,16 GB LPDDR5x-8400 RAM,1 TB SSD Hard Drive,No,none,8.0,1,SSD,256,,AMD,Ryzen 5,Premium,Integrated,Premium,1,0,False,59.0,"Mouse, MS Office",Lenovo
"HP OmniBook X Flip 14-fm0058TU Next Gen AI PC, Silver",3.0,"Copilot+ PC.Unleash your creativity with supercharged performance wrapped in a thin and light design. Meet OmniBook X, the AI-enhanced evolution of HP Envy.","Intel® Core™ Ultra 5 processor | Windows 11 Home Single Language | 35.6 cm (14) diagonal 3K OLED, UWVA touch display | Intel® Arc™ Graphics | 16 GB LPDDR5x-8533 RAM | 512 GB SSD Hard Drive",BH7C0PA,106523.0,125841.0,"MPP 2.0 pen worth ₹ 3,999 | HP Creator 13.3 Laptop Sling worth ₹5,500.00 | Microsoft Office Home 2024 Lifetime Subscription worth ₹9199.00 | 1 year Microsoft 365 basic subscription",https://www.hp.com/in-en/shop/hp-omnibook-x-flipngai-14-fm0058tu-bh7c0pa.html,Intel® Core™ Ultra 5 processor,Windows 11 Home Single Language,"35.6 cm (14) diagonal 3K OLED, UWVA touch display",Intel® Arc™ Graphics,16 GB LPDDR5x-8533 RAM,512 GB SSD Hard Drive,1 year Microsoft 365 basic subscription,mpp 2.0 pen ,8.0,512,SSD,512,15842.0,Intel,i5,Premium,Integrated,Premium,0,1,False,48.0,"Backpack, Mouse, MS Office",Lenovo
"HP EliteBook 8 35.6 cm (14) G1i Next Gen AI PC, Silver",0.0,Copilot+ PC.Next-gen AI redefines productivity for modern professionals,"Intel® Core™ Ultra 7 processor | Windows 11 Pro | 35.6 cm (14) diagonal, WUXGA IPS display | Intel® Arc™ Graphics | 32 GB LPDDR5x-8533 RAM | 1 TB SSD Hard Drive",C27T4PT,165577.0,189778.0,"HP 215 39.6 cm (15.6) Laptop Backpack worth ₹ 1,785",https://www.hp.com/in-en/shop/hp-elitebook-8-g1i-14-inch-notebook-next-gen-ai-pc-c27t4pt.html,Intel® Core™ Ultra 7 processor,Windows 11 Pro,"35.6 cm (14) diagonal, WUXGA IPS display",Intel® Arc™ Graphics,32 GB LPDDR5x-8533 RAM,1 TB SSD Hard Drive,No,hp 215 39.6 cm (15.6) laptop backpack ,16.0,1,SSD,256,24179.0,AMD,Ryzen 7,Premium,Integrated,Premium,1,0,False,66.0,"Backpack, Mouse, MS Office",Lenovo
HP ZBook Power 40.6 cm (16) G11 Mobile Workstation PC,3.8,"Recommended for  2D and light 3D workflows, photography, and for running multiple large Microsoft Office files.",Intel® Core™ Ultra 7 processor | Windows 11 Pro | 40.6 cm (16) diagonal WUXGA display | NVIDIA RTX™ 3000 Ada Generation Laptop GPU | 32 GB DDR5-5600 RAM | 1 TB SSD Solid State Drive,A8WM7PT,267809.0,396044.0,,https://www.hp.com/in-en/shop/hp-zbook-power-16-g11-mobile-workstation-pc-a8wm7pt.html,Intel® Core™ Ultra 7 processor,Windows 11 Pro,40.6 cm (16) diagonal WUXGA display,Integrated,32 GB DDR5-5600 RAM,1 TB SSD Solid State Drive,No,none,16.0,1,SSD,1024,133045.0,Intel,i5,Premium,Integrated,Premium,1,0,False,85.0,"Mouse, MS Office",Lenovo
"HP OMEN Gaming Laptop 16, Black, Ultra 7-255H (16C), RTX 5070 8GB, 16 GB",0.0,Bold performance without the burnout,"Intel® Core™ Ultra 7 255H (16C) processor | Windows 11 Home | 40.6 cm (16) diagonal, 2K, IPS, anti-glare, Low Blue Light, 165 Hz, 400 nits display | NVIDIA® GeForce RTX™ 5070 8GB | 16 GB DDR5 RAM | 1 TB SSD Hard Drive",BP4P5PA,171038.0,193347.0,Microsoft Office Home 2024 Lifetime Subscription worth ₹9199.00 | Microsoft Xbox Game Pass 3 month,https://www.hp.com/in-en/shop/hp-omen-gaming-laptop-16-am0080tx-bp4p5pa.html,Intel® Core™ Ultra 7 255H (16C) processor,Windows 11 Home,"40.6 cm (16) diagonal, 2K, IPS, anti-glare, Low Blue Light, 165 Hz, 400 nits display",Integrated,16 GB DDR5 RAM,1 TB SSD Hard Drive,Microsoft Xbox Game Pass 3 month,none,32.0,1,SSD,256,21348.0,AMD,Ryzen 3,Premium,Integrated,Premium,1,1,False,34.0,"Backpack, Mouse, MS Office",Lenovo
"HP EliteBook 8 G1i 35.6 cm (14) Notebook AI PC, Silver",0.0,Copilot+ PC.Next-gen AI redefines productivity for modern professionals,"Intel® Core™ Ultra 7 processor | Windows 11 Pro | 35.6 cm (14) diagonal, WUXGA, IPS, 800 nits touch display | Intel® Arc™ Graphics | 64 GB DDR5 RAM | 1 TB SSD Hard Drive",BQ9B8PT,219812.0,224847.0,,https://www.hp.com/in-en/shop/hp-elitebook-8-g1i-35-6-cm-14-notebook-ai-pc-silver.html,Intel® Core™ Ultra 7 processor,Windows 11 Pro,"35.6 cm (14) diagonal, WUXGA, IPS, 800 nits touch display",Intel® Arc™ Graphics,64 GB DDR5 RAM,1 TB SSD Hard Drive,No,none,32.0,1,SSD,512,2348.0,Intel,i5,Premium,Integrated,Premium,1,0,False,130.0,"Backpack, Mouse, MS Office",Lenovo
"HP 255 39.6 cm (15.6)  G10 Business Laptop PC, Silver",0.0,"Compact and reliable, value-packed notebooks with essential business features to help you excel in hybrid work","AMD Ryzen™ 3 processor | FreeDOS 3.0 | 39.6 cm (15.6) diagonal, HD display | AMD Radeon™ Graphics | 8 GB DDR4-3200 MT/s RAM | 512 GB SSD Hard Drive",B1FW9PT,33186.0,37123.0,"HP 215 39.6 cm (15.6) Laptop Backpack worth ₹ 1,785",https://www.hp.com/in-en/shop/hp-255-15-6-g10-notebook-pc-b1fw9pt.html,AMD Ryzen™ 3 processor,Unknown,"39.6 cm (15.6) diagonal, HD display",AMD Radeon™ Graphics,8 GB DDR4-3200 MT/s RAM,512 GB SSD Hard Drive,No,hp 215 39.6 cm (15.6) laptop backpack ,16.0,512,SSD,256,2624.0,AMD,Ryzen 7,Normal,Integrated,Budget,0,1,False,17.0,,Lenovo
"HP OmniBook 5 Laptop 40.6 cm (16) Next Gen AI 16-ag1087AU, Silver",0.0,Streamline your day with all the AI power you need.,"AMD Ryzen™ AI 7 (50 NPU TOPs) processor | Next Gen Windows | 40.6 cm (16) diagonal, 2K, IPS, Anti-glare, Touchscreen display | AMD Radeon™ 860M Graphics | 24 GB LPDDR5x-7500 RAM | 1 TB SSD Hard Drive",CG9Y6PA,94311.0,104613.0,"HP 310 15.6 Laptop Backpack worth ₹2,999.00",https://www.hp.com/in-en/shop/hp-omnibook-5-laptop-next-gen-ai-16-ag1087au-cg9y6pa.html,AMD Ryzen™ AI 7 (50 NPU TOPs) processor,Next Gen Windows,"40.6 cm (16) diagonal, 2K, IPS, Anti-glare, Touchscreen display",AMD Radeon™ 860M Graphics,24 GB LPDDR5x-7500 RAM,1 TB SSD Hard Drive,No,hp 310 15.6 laptop backpack ,8.0,1,SSD,512,10114.0,AMD,Ryzen 7,Premium,Integrated,Premium,1,0,False,50.0,"Backpack, Mouse, MS Office",Lenovo
"HP OMEN Gaming Laptop 16, Black, Ryzen AI 7 350 (8C), RTX 5070 8GB, 16 GB",0.0,Copilot+ PC.Pro Gaming. Built for unbelievable speed and immersive gameplay.,"AMD Ryzen™ AI 7 350 (8C) processor | Windows 11 Home | 40.6 cm (16) diagonal, 2K, IPS, anti-glare, Low Blue Light, 165 Hz, 400 nits display | NVIDIA GeForce RTX 5070 8GB | 16 GB DDR5 RAM | 1 TB SSD Hard Drive",C1NV8PA,170423.0,187726.0,Microsoft Office Home 2024 Lifetime Subscription worth ₹9199.00 | Microsoft Xbox Game Pass 3 month,https://www.hp.com/in-en/shop/hp-omen-gaming-laptop-16-ap0049ax-c1nv8pa.html,AMD Ryzen™ AI 7 350 (8C) processor,Windows 11 Home,"40.6 cm (16) diagonal, 2K, IPS, anti-glare, Low Blue Light, 165 Hz, 400 nits display",Integrated,16 GB DDR5 RAM,1 TB SSD Hard Drive,Microsoft Xbox Game Pass 3 month,none,16.0,1,SSD,1024,20727.0,AMD,Ryzen 3,Premium,Integrated,Premium,0,1,False,34.0,"Backpack, Mouse, MS Office",Lenovo
"OMEN Transcend Laptop 14, Black, Ultra 7-255H (16C), RTX 5050 8GB, 16 GB DDR5",0.0,"Built to Game, Made to Create","Intel® Core™ Ultra 7 processor | Windows 11 Home | 35.6 cm (14) diagonal 3K OLED display, 48-120 Hz refresh rate, 0.2 ms response time display | NVIDIA® GeForce RTX™ 5050 8GB | 16 GB LPDDR5-7467 MT/s RAM | 1 TB SSD Hard Drive",C27DTPA,162779.0,184354.0,,https://www.hp.com/in-en/shop/omen-transcend-laptop-14-fb1031tx-c27dtpa.html,Intel® Core™ Ultra 7 processor,Windows 11 Home,"35.6 cm (14) diagonal 3K OLED display, 48-120 Hz refresh rate, 0.2 ms response time display",Integrated,16 GB LPDDR5-7467 MT/s RAM,1 TB SSD Hard Drive,No,none,32.0,1,SSD,1024,20355.0,Intel,i3,Premium,Integrated,Premium,0,0,False,34.0,"Backpack, Mouse, MS Office",Lenovo
"HP EliteBook 8 35.6 cm (14) G1i Next Gen AI PC, Silver",0.0,Copilot+ PC.Next-gen AI redefines productivity for modern professionals,"Intel® Core™ Ultra 7 processor | Windows 11 Pro | 35.6 cm (14) diagonal, WUXGA, IPS display, Touchscreen | Intel® Arc™ Graphics | 32 GB LPDDR5x-8533 RAM | 1 TB SSD Hard Drive",C27THPT,179628.0,205334.0,"HP 215 39.6 cm (15.6) Laptop Backpack worth ₹ 1,785",https://www.hp.com/in-en/shop/hp-elitebook-8-g1i-14-inch-notebook-next-gen-ai-pc-c27thpt.html,Intel® Core™ Ultra 7 processor,Windows 11 Pro,"35.6 cm (14) diagonal, WUXGA, IPS display, Touchscreen",Intel® Arc™ Graphics,32 GB LPDDR5x-8533 RAM,1 TB SSD Hard Drive,No,hp 215 39.6 cm (15.6) laptop backpack ,32.0,1,SSD,512,26235.0,AMD,Ryzen 3,Premium,Integrated,Premium,1,1,False,66.0,"Mouse, MS Office",Lenovo
"HP Pavilion Plus 35.6 cm (14) Laptop 14-ew0108TU, Blue",4.8333,"Unleash your potential with the HP Pavilion Plus 14"" Laptop",13th Generation Intel® Core™ i5 processor | Windows 11 Home | 35.6 cm (14) diagonal 2K display | Intel® Iris® Xᵉ Graphics | 16 GB LPDDR5x-5200 RAM | 512 GB SSD Hard Drive,B6PA5PA,74391.0,95006.0,"HP 310 15.6 Laptop Backpack worth ₹2,999.00 | Microsoft Office Home 2024 Lifetime Subscription worth ₹9199.00 | 1 year Microsoft 365 basic subscription",https://www.hp.com/in-en/shop/hp-pavilion-plus-laptop-14-ew0108tu-b6pa5pa.html,13th Generation Intel® Core™ i5 processor,Windows 11 Home,35.6 cm (14) diagonal 2K display,Intel® Iris® Xᵉ Graphics,16 GB LPDDR5x-5200 RAM,512 GB SSD Hard Drive,1 year Microsoft 365 basic subscription,hp 310 15.6 laptop backpack ,8.0,512,SSD,256,16507.0,AMD,Ryzen 7,Normal,Integrated,Mid-Range,1,0,False,57.1665,"Mouse, MS Office",Lenovo
"HP ZBook Firefly 35.6 cm (14) G11 Mobile Workstation PC, Silver",3.8,"Recommended for  2D and light 3D workflows, photography, and for running multiple large Microsoft Office files.","Intel® Core™ Ultra 7 processor | Windows 11 Pro | 35.6 cm (14) diagonal, WUXGA display | NVIDIA RTX™ A500 Graphics | 16 GB DDR5-5600 RAM | 1 TB SSD Solid State Drive",A1VL0PT,160394.0,254365.0,,https://www.hp.com/in-en/shop/hp-zbook-firefly-14-g11-mobile-workstation-pc-a1vl0pt.html,Intel® Core™ Ultra 7 processor,Windows 11 Pro,"35.6 cm (14) diagonal, WUXGA display",NVIDIA RTX™ A500 Graphics,16 GB DDR5-5600 RAM,1 TB SSD Solid State Drive,No,none,16.0,1,SSD,512,96866.0,Intel,i5,Premium,Dedicated,Premium,0,1,False,53.0,"Backpack, Mouse, MS Office",Lenovo
"HP ProBook 440 35.6 cm (14) G10 Business Laptop PC, Silver",4.0,"Essential, commercial-grade features","13th Generation Intel® Core™ i7 processor | Windows 11 Pro | 35.6 cm (14) diagonal, FHD, IPS display | Intel® UHD Graphics | 16 GB DDR4-3200 RAM | 512 GB SSD Hard Drive",BM4C6PT,101885.0,115834.0,,https://www.hp.com/in-en/shop/hp-probook-440-14-inch-g10-notebook-pc-bm4c6pt.html,13th Generation Intel® Core™ i7 processor,Windows 11 Pro,"35.6 cm (14) diagonal, FHD, IPS display",Intel® UHD Graphics,16 GB DDR4-3200 RAM,512 GB SSD Hard Drive,No,none,16.0,512,SSD,1024,14835.0,AMD,Ryzen 7,Premium,Integrated,Premium,1,1,False,53.0,"Backpack, Mouse",Lenovo
"HP Laptop 35.6 cm 14-ep1130TU, Silver",3.6667,Powerfully and responsibly made to get things done everyday,Intel® Core™ Ultra 7 155H processor | Windows 11 Home | 35.6 cm (14) diagonal FHD display | Intel® Arc™ Graphics | 32 GB DDR5-5600 MT/s RAM | 1TB SSD Hard Drive,C0YN6PA,90038.0,101261.0,HP X Entry Backpack worth  ₹1999.00 | Microsoft Office Home 2024 Lifetime Subscription worth ₹9199.00,https://www.hp.com/in-en/shop/hp-laptop-14-ep1130tu-c0yn6pa.html,Intel® Core™ Ultra 7 155H processor,Windows 11 Home,35.6 cm (14) diagonal FHD display,Intel® Arc™ Graphics,32 GB DDR5-5600 MT/s RAM,1TB SSD Hard Drive,Microsoft Office Home 2024 Lifetime Subscription worth ₹9199.00,hp x entry backpack ,8.0,1,SSD,1024,11262.0,AMD,Ryzen 5,Premium,Integrated,Premium,1,0,True,84.3335,"Backpack, Mouse, MS Office",Lenovo
"HP 250R 39.6 cm (15.6) G10 Business Laptop PC, Silver",0.0,"Compact and reliable, value-packed notebooks with essential business features to help you excel in hybrid work","Intel® Core™ 3 processor | FreeDOS 3.0 | 39.6 cm (15.6) diagonal, HD, IPS display | Intel® Graphics | 8 GB DDR4-3200 RAM | 512 GB SSD Hard Drive",C91W6AT,41549.0,49778.0,"HP 215 39.6 cm (15.6) Laptop Backpack worth ₹ 1,785",https://www.hp.com/in-en/shop/hp-250r-15-6-inch-g10-notebook-pc-c91w6at.html,Intel® Core™ 3 processor,Unknown,"39.6 cm (15.6) diagonal, HD, IPS display",Intel® Graphics,8 GB DDR4-3200 RAM,512 GB SSD Hard Drive,No,hp 215 39.6 cm (15.6) laptop backpack ,16.0,512,SSD,512,4979.0,Intel,i5,Normal,Integrated,Mid-Range,1,1,False,17.0,"Mouse, MS Office",Lenovo
"HP OMEN MAX Gaming Laptop 16, Black, Ryzen AI 7 350 (8C), RTX 5070 Ti 12GB, 24 GB",0.0,Copilot+ PC.Pro Gaming. Built for unbelievable speed and immersive gameplay.,"AMD Ryzen™ AI 7 processor | Windows 11 Home | 40.6 cm (16) diagonal, 2K, IPS, anti-glare, Low Blue Light, 165 Hz, 400 nits display | NVIDIA® GeForce RTX™ 5070 Ti 12 GB | 24 GB DDR5 RAM | 1 TB SSD Hard Drive",C91TKPA,212581.0,239436.0,,https://www.hp.com/in-en/shop/hp-omen-max-gaming-laptop-16-ak0103ax-c91tkpa.html,AMD Ryzen™ AI 7 processor,Windows 11 Home,"40.6 cm (16) diagonal, 2K, IPS, anti-glare, Low Blue Light, 165 Hz, 400 nits display",Integrated,24 GB DDR5 RAM,1 TB SSD Hard Drive,No,none,32.0,1,SSD,1024,26437.0,AMD,Ryzen 5,Premium,Integrated,Premium,1,0,False,50.0,"Backpack, Mouse",Lenovo
"HP EliteBook 8 35.6 cm (14) G1i Next Gen AI PC, Silver",0.0,Copilot+ PC.Next-gen AI redefines productivity for modern professionals,"Intel® Core™ Ultra 7 processor | Windows 11 Pro | 35.6 cm (14) diagonal, WUXGA IPS display | Intel® Arc™ Graphics | 32 GB LPDDR5x-8533 RAM | 1 TB SSD Hard Drive",C27T4PT,167587.0,189778.0,"HP 215 39.6 cm (15.6) Laptop Backpack worth ₹ 1,785",https://www.hp.com/in-en/shop/hp-elitebook-8-g1i-14-inch-notebook-next-gen-ai-pc-c27t4pt.html,Intel® Core™ Ultra 7 processor,Windows 11 Pro,"35.6 cm (14) diagonal, WUXGA IPS display",Intel® Arc™ Graphics,32 GB LPDDR5x-8533 RAM,1 TB SSD Hard Drive,No,hp 215 39.6 cm (15.6) laptop backpack ,8.0,1,SSD,256,24179.0,Intel,i7,Premium,Integrated,Premium,0,0,False,66.0,"Backpack, Mouse, MS Office",Lenovo
"HP OMEN Gaming Laptop 16, Black, Ryzen AI 7 350 (8C), RTX 5070 8GB, 16 GB",0.0,Copilot+ PC.Pro Gaming. Built for unbelievable speed and immersive gameplay.,"AMD Ryzen™ AI 7 350 (8C) processor | Windows 11 Home | 40.6 cm (16) diagonal, 2K, IPS, anti-glare, Low Blue Light, 165 Hz, 400 nits display | NVIDIA GeForce RTX 5070 8GB | 16 GB DDR5 RAM | 1 TB SSD Hard Drive",C1NV8PA,167431.0,187726.0,Microsoft Office Home 2024 Lifetime Subscription worth ₹9199.00 | Microsoft Xbox Game Pass 3 month,https://www.hp.com/in-en/shop/hp-omen-gaming-laptop-16-ap0049ax-c1nv8pa.html,AMD Ryzen™ AI 7 350 (8C) processor,Windows 11 Home,"40.6 cm (16) diagonal, 2K, IPS, anti-glare, Low Blue Light, 165 Hz, 400 nits display",Integrated,16 GB DDR5 RAM,1 TB SSD Hard Drive,Microsoft Xbox Game Pass 3 month,none,32.0,1,SSD,256,20727.0,AMD,Ryzen 7,Premium,Integrated,Premium,1,0,False,34.0,"Backpack, Mouse, MS Office",Lenovo
"HP Laptop 39.6 cm (15.6) 15-fd1253TU, Silver",0.0,A reliably built laptop to keep you in the zone,Intel® Core™ 3 processor | Windows 11 Home Single Language | 39.6 cm (15.6) diagonal FHD display | Intel® Graphics | 8 GB DDR4 RAM | 512 GB SSD Hard Drive,BG6E5PA,41511.0,50902.0,Microsoft Office Home 2024 Lifetime Subscription worth ₹9199.00,https://www.hp.com/in-en/shop/hp-laptop-15-fd1253tu-bg6e5pa.html,Intel® Core™ 3 processor,Windows 11 Home Single Language,39.6 cm (15.6) diagonal FHD display,Intel® Graphics,8 GB DDR4 RAM,512 GB SSD Hard Drive,Microsoft Office Home 2024 Lifetime Subscription worth ₹9199.00,none,16.0,512,SSD,512,6903.0,AMD,Ryzen 5,Normal,Integrated,Mid-Range,0,0,True,17.0,"Mouse, MS Office",Lenovo
"HP EliteBook 1040 14 35.6 cm (14) G11 Notebook PC, Silver",4.3333,Innovative design and real power for real work,"Intel® Core™ Ultra 5 processor | Windows 11 Pro | 35.6 cm (14) diagonal, 2.8K OLED, IPS | Intel® Arc™ Graphics | 32 GB LPDDR5x-7500 RAM | 1 TB SSD Hard Drive",AP1K8AT,216958.0,233033.0,"HP 215 39.6 cm (15.6) Laptop Backpack worth ₹ 1,785",https://www.hp.com/in-en/shop/hp-elitebook-1040-14-inch-g11-notebook-pc-ap1k8at.html,Intel® Core™ Ultra 5 processor,Windows 11 Pro,"35.6 cm (14) diagonal, 2.8K OLED, IPS",Intel® Arc™ Graphics,32 GB LPDDR5x-7500 RAM,1 TB SSD Hard Drive,No,hp 215 39.6 cm (15.6) laptop backpack ,8.0,1,SSD,1024,12034.0,AMD,Ryzen 7,Premium,Integrated,Premium,0,1,False,87.6665,"Backpack, Mouse, MS Office",Lenovo
"HP OMEN Gaming Laptop 16, Black, Core 7 - 240H (10C), RTX 5070 8GB, 16 GB",0.0,Bold performance without the burnout,"Intel® Core™ 7 240H (10C) processor | Windows 11 Home | 40.6 cm (16) diagonal, 2K, IPS, anti-glare, Low Blue Light, 165 Hz, 400 nits display | NVIDIA® GeForce RTX™ 5070 8GB | 16 GB DDR5 RAM | 1 TB SSD Hard Drive",BP3Y8PA,153475.0,170865.0,Microsoft Office Home 2024 Lifetime Subscription worth ₹9199.00 | Microsoft Xbox Game Pass 3 month,https://www.hp.com/in-en/shop/hp-omen-gaming-laptop-16-am0084tx-bp3y8pa.html,Intel® Core™ 7 240H (10C) processor,Windows 11 Home,"40.6 cm (16) diagonal, 2K, IPS, anti-glare, Low Blue Light, 165 Hz, 400 nits display",Integrated,16 GB DDR5 RAM,1 TB SSD Hard Drive,Microsoft Xbox Game Pass 3 month,none,8.0,1,SSD,256,18866.0,AMD,Ryzen 5,Premium,Integrated,Premium,1,1,False,34.0,"Backpack, Mouse, MS Office",Lenovo
"HP Laptop 39.6 cm (15.6) 15-fc1039AU, Silver",5.0,"A powerful, sleek laptop for getting things done everyday",AMD Ryzen™ 5-7535HS processor | Windows 11 Home | 39.6 cm (15.6) diagonal FHD display | AMD Radeon™ Graphics | 16 GB DDR5 RAM | 512 GB SSD Hard Drive,BV2X3PA,53992.0,60598.0,Microsoft Office Home 2024 Lifetime Subscription worth ₹9199.00,https://www.hp.com/in-en/shop/hp-laptop-15-fc1039au-bv2x3pa.html,AMD Ryzen™ 5-7535HS processor,Windows 11 Home,39.6 cm (15.6) diagonal FHD display,AMD Radeon™ Graphics,16 GB DDR5 RAM,512 GB SSD Hard Drive,Microsoft Office Home 2024 Lifetime Subscription worth ₹9199.00,none,32.0,512,SSD,256,7599.0,Intel,i5,Normal,Integrated,Mid-Range,0,0,True,58.0,"Backpack, Mouse, MS Office",Lenovo
HP ProBook 440 35.6 cm (14) G10 Business Laptop PC,4.0,"Essential, commercial-grade features","13th Generation Intel® Core™ i5 processor | Windows 11 Pro | 35.6 cm (14) diagonal, FHD, IPS display | Intel® Iris® Xᵉ Graphics | 16 GB DDR4-3200 RAM | 512 GB SSD Hard Drive",BM4C5PT,86018.0,101667.0,"HP 215 39.6 cm (15.6) Laptop Backpack worth ₹ 1,785",https://www.hp.com/in-en/shop/hp-probook-440-14-inch-g10-notebook-pc-bm4c5pt.html,13th Generation Intel® Core™ i5 processor,Windows 11 Pro,"35.6 cm (14) diagonal, FHD, IPS display",Intel® Iris® Xᵉ Graphics,16 GB DDR4-3200 RAM,512 GB SSD Hard Drive,No,hp 215 39.6 cm (15.6) laptop backpack ,32.0,512,SSD,256,11968.0,Intel,i3,Premium,Integrated,Premium,1,0,False,53.0,"Backpack, Mouse, MS Office",Lenovo
"HP EliteBook 845 35.6 cm (14) G9 Notebook PC, Silver",0.0,Work where you’re needed,"AMD Ryzen™ 5 PRO processor | FreeDOS | 35.6 cm (14) diagonal, WUXGA, IPS display | AMD Radeon™ 660M Graphics | 16 GB DDR5 RAM | 512 GB SSD Hard Drive",B25U4AT,81628.0,94185.0,"HP 215 39.6 cm (15.6) Laptop Backpack worth ₹ 1,785",https://www.hp.com/in-en/shop/hp-elitebook-845-14-g9-notebook-pc-b25u4at.html,AMD Ryzen™ 5 PRO processor,Unknown,"35.6 cm (14) diagonal, WUXGA, IPS display",AMD Radeon™ 660M Graphics,16 GB DDR5 RAM,512 GB SSD Hard Drive,No,hp 215 39.6 cm (15.6) laptop backpack ,8.0,512,SSD,1024,14686.0,Intel,i7,Normal,Integrated,Premium,1,0,False,33.0,"Backpack, Mouse",Lenovo
"HP ZBook Firefly 35.6 cm (14) G11 Mobile Workstation PC, Silver",3.0,"Recommended for  2D and light 3D workflows, photography, and for running multiple large Microsoft Office files.",AMD Ryzen™ 7 processor | FreeDOS | 35.6 cm (14) diagonal WUXGA IPS display | Intel® UMA Graphics | 16 GB DDR5-5600 RAM | 1 TB SSD Solid State Drive,B7ER6PT,102352.0,189802.0,"FREE Bag (35L98AA) worth ₹ 1,785",https://www.hp.com/in-en/shop/hp-zbook-firefly-14-inch-g11-a-mobile-workstation-pc-b7er6pt.html,AMD Ryzen™ 7 processor,Unknown,35.6 cm (14) diagonal WUXGA IPS display,Intel® UMA Graphics,16 GB DDR5-5600 RAM,1 TB SSD Solid State Drive,No,free bag (35l98aa) ,8.0,1,SSD,1024,92098.0,Intel,i7,Premium,Integrated,Premium,0,1,False,49.0,"Backpack, Mouse",Lenovo
HP ZBook Power 39.6 cm (15.6) G10 A Mobile Workstation PC,0.0,"Recommended for  2D and light 3D workflows, photography, and for running multiple large Microsoft Office files.",AMD Ryzen™ 7 processor | Windows 11 Pro | 39.6 cm (15.6) diagonal FHD display | NVIDIA RTX™ 2000 Ada Generation | 32 GB DDR5 RAM | 1 TB SSD Solid State Drive,8U6Z7PA,222539.0,253708.0,"FREE Bag (35L98AA) worth ₹ 1,785",https://www.hp.com/in-en/shop/hp-zbook-power-15-6-g10-a-mobile-workstation-pc-8u6z7pa.html,AMD Ryzen™ 7 processor,Windows 11 Pro,39.6 cm (15.6) diagonal FHD display,Integrated,32 GB DDR5 RAM,1 TB SSD Solid State Drive,No,free bag (35l98aa) ,16.0,1,SSD,512,31160.0,AMD,Ryzen 7,Premium,Integrated,Premium,1,1,False,66.0,"Backpack, Mouse, MS Office",Lenovo
"HP OMEN Gaming Laptop 16-ap0182AX, Black",4.5,Copilot+ PC.Pro Gaming. Built for unbelievable speed and immersive gameplay.,"AMD Ryzen™ 9 processor | Windows 11 Home | 40.6 cm (16) diagonal, 2K, IPS, anti-glare, Low Blue Light, 165 Hz, 400 nits display | NVIDIA® GeForce RTX™ 5070 8GB | 24 GB DDR5-5600 RAM (Upgradeable) | 1 TB SSD Hard Drive",C80W5PA,167835.0,196719.0,Microsoft Office Home 2024 Lifetime Subscription worth ₹9199.00 | 1 year Microsoft 365 basic subscription,https://www.hp.com/in-en/shop/hp-omen-gaming-laptop-16-ap0182ax-c80w5pa.html,AMD Ryzen™ 9 processor,Windows 11 Home,"40.6 cm (16) diagonal, 2K, IPS, anti-glare, Low Blue Light, 165 Hz, 400 nits display",Integrated,24 GB DDR5-5600 RAM (Upgradeable),1 TB SSD Hard Drive,1 year Microsoft 365 basic subscription,none,8.0,1,SSD,1024,27220.0,AMD,Ryzen 7,Premium,Integrated,Premium,0,1,False,72.5,"Backpack, Mouse, MS Office",Lenovo
"HP OmniBook 3 NGAI 15-fn0007AU, Silver",5.0,"Copilot+ PC.Simple, reliable, and built for everyday life.","AMD Ryzen™ AI 5 processor | Windows 11 Home | 39.6 cm (15.6) diagonal, FHD (1920 x 1080), micro-edge, anti-glare, 250 nits | AMD Radeon™ 840M Graphics | 16 GB DDR5-5600 MT/s RAM | 512 GB SSD Hard Drive",BL1W8PA,68419.0,76294.0,Microsoft Office Home 2024 Lifetime Subscription worth ₹9199.00 | 1 year Microsoft 365 basic subscription,https://www.hp.com/in-en/shop/hp-omnibook-3-ngai-15-fn0007au-bl1w8pa.html,AMD Ryzen™ AI 5 processor,Windows 11 Home,"39.6 cm (15.6) diagonal, FHD (1920 x 1080), micro-edge, anti-glare, 250 nits",AMD Radeon™ 840M Graphics,16 GB DDR5-5600 MT/s RAM,512 GB SSD Hard Drive,1 year Microsoft 365 basic subscription,none,32.0,512,SSD,512,12795.0,AMD,Ryzen 7,Normal,Integrated,Mid-Range,1,1,False,58.0,"Mouse, MS Office",Lenovo
"HP EliteBook 6 G1i 35.6 cm (14) Notebook Next Gen AI PC, Silver",0.0,AI-ready for enterprise productivity,"Intel® Core™ Ultra 5 processor | Windows 11 Pro | 35.6 cm (14) diagonal WUXGA, IPS, anti-glare, 800 nits display | Intel® Graphics | 32 GB DDR5-5600 RAM | 512 GB SSD Hard Drive",BQ8J5PT,157711.0,,,https://www.hp.com/in-en/shop/hp-elitebook-6-g1i-14-inch-notebook-next-gen-ai-pc-bq8j5pt.html,Intel® Core™ Ultra 5 processor,Windows 11 Pro,"35.6 cm (14) diagonal WUXGA, IPS, anti-glare, 800 nits display",Intel® Graphics,32 GB DDR5-5600 RAM,512 GB SSD Hard Drive,No,none,16.0,512,SSD,512,,AMD,Ryzen 7,Premium,Integrated,Premium,0,0,False,65.0,"Mouse, MS Office",Lenovo
"HP ZBook 8 G1i 35.6 cm (14) Mobile Workstation PC, Silver",0.0,Step up performance. Not size.,"Intel® Core™ Ultra 7 processor | Windows 11 Pro | 35.6 cm (14) diagonal, WUXGA IPS display | Intel® UMA Graphics | 32 GB DDR5-5600 RAM | 1 TB SSD Solid State Drive",C1JN6PT,153459.0,241603.0,"HP 215 39.6 cm (15.6) Laptop Backpack worth ₹ 1,785",https://www.hp.com/in-en/shop/hp-zbook-8-g1i-14-inch-mobile-workstation-pc-data-science-c1jn6pt.html,Intel® Core™ Ultra 7 processor,Windows 11 Pro,"35.6 cm (14) diagonal, WUXGA IPS display",Intel® UMA Graphics,32 GB DDR5-5600 RAM,1 TB SSD Solid State Drive,No,hp 215 39.6 cm (15.6) laptop backpack ,16.0,1,SSD,512,90604.0,AMD,Ryzen 7,Premium,Integrated,Premium,0,1,False,66.0,"Backpack, Mouse",Lenovo
"HP ProBook 4 35.6 cm (14) G1iR Business Laptop PC, Silver",0.0,Affordable devices designed with business in mind; commercial grade features with durable design,"Intel® Core™ 5 processor | Windows 11 Pro | 35.6 cm (14) diagonal, WUXGA, IPS display | Intel® Graphics | 16 GB DDR5-5600 RAM | 1 TB SSD Hard Drive",CC0M6AT,93499.0,110445.0,"HP 215 39.6 cm (15.6) Laptop Backpack worth ₹ 1,785",https://www.hp.com/in-en/shop/hp-probook-4-g1ir-14-inch-notebook-pc-cc0m6at.html,Intel® Core™ 5 processor,Windows 11 Pro,"35.6 cm (14) diagonal, WUXGA, IPS display",Intel® Graphics,16 GB DDR5-5600 RAM,1 TB SSD Hard Drive,No,hp 215 39.6 cm (15.6) laptop backpack ,32.0,1,SSD,256,14646.0,AMD,Ryzen 7,Premium,Integrated,Premium,1,0,False,34.0,"Backpack, Mouse, MS Office",Lenovo
"HP EliteBook 8 Flip G1i 33.8 cm (13.3) Notebook AI PC, Silver",0.0,"Flip flexibility meets AI performance, ready for any task","Intel® Core™ Ultra 7 processor | Windows 11 Pro | 33.8 cm (13.3) diagonal, WUXGA, IPS, 800 nits touch display | Intel® Graphics | 64 GB RAM | 1 TB SSD Hard drive",BQ8J0PT,235230.0,242687.0,,https://www.hp.com/in-en/shop/elitebook-8-13-inch-flip-g1i-bq8j0pt.html,Intel® Core™ Ultra 7 processor,Windows 11 Pro,"33.8 cm (13.3) diagonal, WUXGA, IPS, 800 nits touch display",Intel® Graphics,64 GB RAM,1 TB SSD Hard drive,No,none,8.0,1,SSD,512,3188.0,AMD,Ryzen 5,Premium,Integrated,Premium,0,1,False,130.0,"Mouse, MS Office",Lenovo
"HP OMEN MAX 40.6 cm (16) Gaming Laptop 16-ah0152TX, Black",0.0,Maximize gaming power with the OMEN range featuring a large display for the most immersive gaming experience.,"Intel® Core™ Ultra 7 processor | Windows 11 Home | 40.6 cm (16) diagonal, 2K (1920 x 1200) Antiglare Low Blue Light 400 nits [A4NT5AV], 60-165 Hz, 3 ms response time, IPS | NVIDIA® GeForce RTX™ 5080 (16 GB) | 64 GB DDR5-5600 RAM | 1 TB SSD Hard Drive",BQ6N9PA,284739.0,314751.0,,https://www.hp.com/in-en/shop/omen-max-gaming-laptop-16-ah0152tx-bq6n9pa.html,Intel® Core™ Ultra 7 processor,Windows 11 Home,"40.6 cm (16) diagonal, 2K (1920 x 1200) Antiglare Low Blue Light 400 nits [A4NT5AV], 60-165 Hz, 3 ms response time, IPS",Integrated,64 GB DDR5-5600 RAM,1 TB SSD Hard Drive,No,none,16.0,1,SSD,256,34752.0,AMD,Ryzen 7,Premium,Integrated,Premium,0,0,False,130.0,"Mouse, MS Office",Lenovo
"HP EliteBook X G1a 35.6 cm (14) Notebook Next Gen AI PC, Silver",0.0,Copilot+ PC.The game-changing AI PC tech experts dream about,AMD Ryzen™ AI 9 processor | Windows 11 Pro | 35.6 cm (14) diagonal 2.8K OLED touch display | AMD Radeon™ 890M Graphics | 64 GB LPDDR5x RAM | 1 TB SSD Hard Drive,B85W7PT,218234.0,246667.0,"HP 215 39.6 cm (15.6) Laptop Backpack worth ₹ 1,785",https://www.hp.com/in-en/shop/hp-elitebook-x-g1a-14-inch-notebook-next-gen-ai-pc-b85w7pt.html,AMD Ryzen™ AI 9 processor,Windows 11 Pro,35.6 cm (14) diagonal 2.8K OLED touch display,AMD Radeon™ 890M Graphics,64 GB LPDDR5x RAM,1 TB SSD Hard Drive,No,hp 215 39.6 cm (15.6) laptop backpack ,32.0,1,SSD,256,25668.0,Intel,i5,Premium,Integrated,Premium,0,1,False,130.0,"Backpack, Mouse, MS Office",Lenovo
"HP OMEN 40.6 cm (16) Gaming Laptop 16-ap0165AX, Black",4.5,Copilot+ PC.Pro Gaming. Built for unbelievable speed and immersive gameplay.,"AMD Ryzen™ AI 7 processor | Windows 11 Home | 40.6 cm (16) diagonal, 2K, 165Hz, IPS, anti-glare, Low Blue Light, 400 nits display | NVIDIA® GeForce RTX™ 5050 8 GB | 24 GB DDR5-5600 RAM | 1 TB SSD Hard Drive",C2XD2PA,139159.0,162996.0,Microsoft Office Home 2024 Lifetime Subscription worth ₹9199.00 | 1 year Microsoft 365 basic subscription,https://www.hp.com/in-en/shop/hp-omen-gaming-laptop-16-ap0165ax-c2xd2pa.html,AMD Ryzen™ AI 7 processor,Windows 11 Home,"40.6 cm (16) diagonal, 2K, 165Hz, IPS, anti-glare, Low Blue Light, 400 nits display",Integrated,24 GB DDR5-5600 RAM,1 TB SSD Hard Drive,1 year Microsoft 365 basic subscription,none,32.0,1,SSD,512,23997.0,AMD,Ryzen 3,Premium,Integrated,Premium,0,0,False,72.5,"Backpack, Mouse, MS Office",Lenovo
"HP OMEN Gaming Laptop 16, Black, Ryzen AI 9 365 (10C), RTX 5070 8GB, 32 GB",0.0,Copilot+ PC.Pro Gaming. Built for unbelievable speed and immersive gameplay.,"AMD Ryzen™ AI 9 365 (10C) processor | Windows 11 Home | 40.6 cm (16) diagonal, 2K, IPS, anti-glare, Low Blue Light, 165 Hz, 400 nits display | NVIDIA® GeForce RTX™ 5070 8GB | 32 GB DDR5 RAM | 1 TB SSD Hard Drive",C1NV7PA,182130.0,202340.0,Microsoft Office Home 2024 Lifetime Subscription worth ₹9199.00 | Microsoft Xbox Game Pass 3 month,https://www.hp.com/in-en/shop/hp-omen-gaming-laptop-16-ap0039ax-c1nv7pa.html,AMD Ryzen™ AI 9 365 (10C) processor,Windows 11 Home,"40.6 cm (16) diagonal, 2K, IPS, anti-glare, Low Blue Light, 165 Hz, 400 nits display",Integrated,32 GB DDR5 RAM,1 TB SSD Hard Drive,Microsoft Xbox Game Pass 3 month,none,32.0,1,SSD,1024,22341.0,Intel,i3,Premium,Integrated,Premium,1,1,False,66.0,Mouse,Lenovo
HP ZBook Power 40.6 cm (16) G11 Mobile Workstation PC,3.8,Step up performance. Not size,Intel® Core™ Ultra 7 processor | Windows 11 Pro | 40.6 cm (16) diagonal WUXGA display | NVIDIA RTX™ A1000 Graphics | 32 GB DDR5-5600 RAM | 1 TB SSD Solid State Drive,B6SA2PT,227069.0,323791.0,"FREE Bag (35L98AA) worth ₹ 1,785",https://www.hp.com/in-en/shop/hp-zbook-power-16-inch-g11-mobile-workstation-pc-b6sa2pt.html,Intel® Core™ Ultra 7 processor,Windows 11 Pro,40.6 cm (16) diagonal WUXGA display,NVIDIA RTX™ A1000 Graphics,32 GB DDR5-5600 RAM,1 TB SSD Solid State Drive,No,free bag (35l98aa) ,32.0,1,SSD,256,92422.0,Intel,i3,Premium,Dedicated,Premium,1,1,False,85.0,"Mouse, MS Office",Lenovo
"HP 255R 39.6 cm (15.6) G10 Business Laptop PC, Silver",0.0,"Compact and reliable, value-packed notebooks with essential business features to help you excel in hybrid work","AMD Ryzen™ 3 processor | FreeDOS 3.0 | 39.6 cm (15.6) diagonal, HD display | AMD Radeon™ 660M Graphics | 8 GB DDR5-4800 RAM | 512 GB SSD Hard Drive",C8HS5AT,33693.0,38135.0,"HP 215 39.6 cm (15.6) Laptop Backpack worth ₹ 1,785",https://www.hp.com/in-en/shop/hp-255r-15-6-inch-g10-notebook-pc-c8hs5at.html,AMD Ryzen™ 3 processor,Unknown,"39.6 cm (15.6) diagonal, HD display",AMD Radeon™ 660M Graphics,8 GB DDR5-4800 RAM,512 GB SSD Hard Drive,No,hp 215 39.6 cm (15.6) laptop backpack ,16.0,512,SSD,256,2636.0,AMD,Ryzen 5,Normal,Integrated,Budget,0,0,False,17.0,,Lenovo
"HP OmniBook Ultra Flip 35.6 cm (14) Next Gen AI 14-fh0369TU, Blue",0.0,"Copilot+ PC.Beautifully crafted, our fast and powerful OmniBook is perfect for freelancers and creators. Meet the AI-enhanced evolution of HP Spectre.","Intel® Core™ Ultra 9 processor with 48 TOPs | Next-Gen Windows | 35.6 cm (14) diagonal, 2.8K, OLED, UWVA, Corning® Gorilla® Glass 5, Low Blue Light display, 120Hz VRR and 400 nits brightness | Intel® Arc™ Graphics | 32 GB LPDDR5x-8533 RAM | 2 TB SSD Hard Drive",C88TPPA,209419.0,230443.0,Microsoft Office Home 2024 Lifetime Subscription worth ₹9199.00,https://www.hp.com/in-en/shop/hp-omnibook-ultra-flip-laptop-14-fh0369tu-c88tppa.html,Intel® Core™ Ultra 9 processor with 48 TOPs,Next-Gen Windows,"35.6 cm (14) diagonal, 2.8K, OLED, UWVA, Corning® Gorilla® Glass 5, Low Blue Light display, 120Hz VRR and 400 nits brightness",Intel® Arc™ Graphics,32 GB LPDDR5x-8533 RAM,2 TB SSD Hard Drive,Microsoft Office Home 2024 Lifetime Subscription worth ₹9199.00,none,32.0,2,SSD,256,17444.0,Intel,i5,Premium,Integrated,Premium,1,0,True,68.0,"Backpack, Mouse",Lenovo
"HP OMEN Gaming Laptop 16, Black, Ultra 7-255H (16C), RTX 5070 8GB, 24 GB",0.0,Bold performance without the burnout,"Intel® Core™ Ultra 7 processor | Windows 11 Home | 40.6 cm (16) diagonal, 2K, 165 Hz, IPS, anti-glare, 400 nits | NVIDIA® GeForce RTX™ 5070 8GB | 24 GB DDR5 RAM (Upgradeable) | 1 TB SSD Hard Drive",C8JZ4PA,179952.0,196719.0,Microsoft Office Home 2024 Lifetime Subscription worth ₹9199.00,https://www.hp.com/in-en/shop/hp-omen-gaming-laptop-16-am0303tx-c8jz4pa.html,Intel® Core™ Ultra 7 processor,Windows 11 Home,"40.6 cm (16) diagonal, 2K, 165 Hz, IPS, anti-glare, 400 nits",Integrated,24 GB DDR5 RAM (Upgradeable),1 TB SSD Hard Drive,Microsoft Office Home 2024 Lifetime Subscription worth ₹9199.00,none,32.0,1,SSD,512,21720.0,Intel,i5,Premium,Integrated,Premium,0,0,True,50.0,"Backpack, Mouse, MS Office",Lenovo
"HP Laptop 15-fd1225TU , Silver",0.0,A reliably built laptop to keep you in the zone,Intel® Core™ 3 processor | Windows 11 Home Single Language | 39.6 cm (15.6) diagonal FHD display | Intel® Graphics | 8 GB DDR4-3200 RAM | 512 GB SSD Hard Drive,BJ3W4PA,43357.0,50843.0,HP X Entry Backpack worth  ₹1999.00 | Microsoft Office Home 2024 Lifetime Subscription worth ₹9199.00,https://www.hp.com/in-en/shop/hp-laptop-15-fd1225tu-bj3w4pa.html,Intel® Core™ 3 processor,Windows 11 Home Single Language,39.6 cm (15.6) diagonal FHD display,Intel® Graphics,8 GB DDR4-3200 RAM,512 GB SSD Hard Drive,Microsoft Office Home 2024 Lifetime Subscription worth ₹9199.00,hp x entry backpack ,32.0,512,SSD,1024,3344.0,Intel,i3,Normal,Integrated,Mid-Range,1,0,True,17.0,"Mouse, MS Office",Lenovo
HP ProBook 440 35.6 cm (14) G11 Business Laptop PC,3.5,Affordable devices designed with business in mind; commercial grade features with durable design,"Intel® Core™ Ultra 5 processor | Windows 11 Pro | 35.6 cm (14) diagonal, WUXGA display | Intel® Arc™ Graphics | 16 GB DDR5-5600 RAM | 512 GB SSD Hard Drive",A6VS9PA,91837.0,104944.0,"HP 215 39.6 cm (15.6) Laptop Backpack worth ₹ 1,785",https://www.hp.com/in-en/shop/hp-probook-440-14-inch-g11-notebook-pc-a6vs9pa.html,Intel® Core™ Ultra 5 processor,Windows 11 Pro,"35.6 cm (14) diagonal, WUXGA display",Intel® Arc™ Graphics,16 GB DDR5-5600 RAM,512 GB SSD Hard Drive,No,hp 215 39.6 cm (15.6) laptop backpack ,32.0,512,SSD,512,9445.0,Intel,i7,Premium,Integrated,Premium,1,0,False,50.5,"Mouse, MS Office",Lenovo
"HP ZBook 8 G1i 40.6 cm (16) Mobile Workstation PC, Silver",0.0,Step up performance. Not size.,"Intel® Core™ Ultra 7 processor | Windows 11 Pro | 40.6 cm (16) diagonal, WUXGA IPS display | NVIDIA RTX™ 500 Ada Generation Laptop GPU | 32 GB DDR5-5600 RAM | 1 TB SSD Solid State Drive",C1JQ1PT,167441.0,280421.0,"HP 215 39.6 cm (15.6) Laptop Backpack worth ₹ 1,785",https://www.hp.com/in-en/shop/hp-zbook-8-g1i-16-inch-mobile-workstation-pc-data-science-c1jq1pt.html,Intel® Core™ Ultra 7 processor,Windows 11 Pro,"40.6 cm (16) diagonal, WUXGA IPS display",Integrated,32 GB DDR5-5600 RAM,1 TB SSD Solid State Drive,No,hp 215 39.6 cm (15.6) laptop backpack ,32.0,1,SSD,1024,108922.0,Intel,i5,Premium,Integrated,Premium,1,1,False,66.0,"Mouse, MS Office",Lenovo
"HP OMEN Gaming Laptop 16, Black, Ryzen AI 7 350 (8C), RTX 5060 8GB, 16 GB",0.0,Copilot+ PC.Pro Gaming. Built for unbelievable speed and immersive gameplay.,"AMD Ryzen™ AI 7 350 (8C) processor | Windows 11 Home | 40.6 cm (16) diagonal, 2K, IPS, anti-glare, Low Blue Light, 165 Hz, 400 nits display | NVIDIA® GeForce RTX™ 5060 8GB | 16 GB DDR5 RAM | 1 TB SSD Hard Drive",C1NV9PA,152425.0,170864.0,Microsoft Office Home 2024 Lifetime Subscription worth ₹9199.00 | Microsoft Xbox Game Pass 3 month,https://www.hp.com/in-en/shop/hp-omen-gaming-laptop-16-ap0051ax-c1nv9pa.html,AMD Ryzen™ AI 7 350 (8C) processor,Windows 11 Home,"40.6 cm (16) diagonal, 2K, IPS, anti-glare, Low Blue Light, 165 Hz, 400 nits display",Integrated,16 GB DDR5 RAM,1 TB SSD Hard Drive,Microsoft Xbox Game Pass 3 month,none,8.0,1,SSD,1024,18865.0,Intel,i7,Premium,Integrated,Premium,1,0,False,34.0,"Backpack, Mouse, MS Office",Lenovo
"OMEN MAX Gaming Laptop 16, Black, Core Ultra 7 - 255HX (20C), RTX 5070 8GB, 32 GB DDR5",0.0,Built to break limits,"Intel® Core™ Ultra 7 255HX processor | Windows 11 Home | 40.6 cm (16) diagonal 2K display,165 Hz, 3 ms response time, IPS | NVIDIA® GeForce RTX™ 5070 8GB | 32 GB DDR5-5600 RAM | 1 TB SSD Hard Drive",C27DVPA,201988.0,230443.0,,https://www.hp.com/in-en/shop/omen-max-gaming-laptop-16-ah0087tx-c27dvpa.html,Intel® Core™ Ultra 7 255HX processor,Windows 11 Home,"40.6 cm (16) diagonal 2K display,165 Hz, 3 ms response time, IPS",Integrated,32 GB DDR5-5600 RAM,1 TB SSD Hard Drive,No,none,32.0,1,SSD,1024,25444.0,AMD,Ryzen 3,Premium,Integrated,Premium,0,0,False,66.0,"Mouse, MS Office",Lenovo
"HP OMEN MAX Gaming Laptop 16, Black, Ryzen AI 7 350 (8C), RTX 5070 8GB, 16 GB",0.0,Copilot+ PC.Pro Gaming. Built for unbelievable speed and immersive gameplay.,"AMD Ryzen™ AI 7 350 (8C) processor | Windows 11 Home | 40.6 cm (16) diagonal, 2K, 60-165 Hz, IPS, anti-glare, Low Blue Light, 400 nits display | NVIDIA® GeForce RTX™ 5070 8GB | 16 GB DDR5 RAM | 1 TB SSD Hard Drive",BE7A0PA,179846.0,202340.0,Microsoft Office Home 2024 Lifetime Subscription worth ₹9199.00 | Microsoft Xbox Game Pass 3 month,https://www.hp.com/in-en/shop/hp-omen-max-gaming-laptop-16-ak0024ax-be7a0pa.html,AMD Ryzen™ AI 7 350 (8C) processor,Windows 11 Home,"40.6 cm (16) diagonal, 2K, 60-165 Hz, IPS, anti-glare, Low Blue Light, 400 nits display",Integrated,16 GB DDR5 RAM,1 TB SSD Hard Drive,Microsoft Xbox Game Pass 3 month,none,8.0,1,SSD,512,22341.0,Intel,i3,Premium,Integrated,Premium,1,0,False,34.0,"Backpack, Mouse, MS Office",Lenovo
"HP ZBook 8 G1i 40.6 cm (16) Mobile Workstation PC, Silver",0.0,Step up performance. Not size.,"Intel® Core™ Ultra 7 processor | Windows 11 Pro | 40.6 cm (16) diagonal, WUXGA IPS display | NVIDIA RTX™ 500 Ada Generation Laptop GPU | 16 GB DDR5-5600 RAM | 1 TB SSD Solid State Drive",C1JQ2PT,165006.0,267171.0,"HP 215 39.6 cm (15.6) Laptop Backpack worth ₹ 1,785",https://www.hp.com/in-en/shop/hp-zbook-8-g1i-16-inch-mobile-workstation-pc-data-science-c1jq2pt.html,Intel® Core™ Ultra 7 processor,Windows 11 Pro,"40.6 cm (16) diagonal, WUXGA IPS display",Integrated,16 GB DDR5-5600 RAM,1 TB SSD Solid State Drive,No,hp 215 39.6 cm (15.6) laptop backpack ,32.0,1,SSD,512,104672.0,AMD,Ryzen 7,Premium,Integrated,Premium,1,1,False,34.0,"Mouse, MS Office",Lenovo
"HP ZBook Firefly 35.6 cm (14) G11 Mobile Workstation PC, Silver",3.9375,"Recommended for  2D and light 3D workflows, photography, and for running multiple large Microsoft Office files.",Intel® Core™ Ultra 7 processor | Windows 11 Pro | 35.6 cm (14) diagonal WUXGA IPS display | Intel® UMA Graphics | 16 GB DDR5-5600 RAM | 1 TB SSD Solid State Drive,B6SW6PT,127573.0,221964.0,"FREE Bag (35L98AA) worth ₹ 1,785",https://www.hp.com/in-en/shop/hp-zbook-firefly-14-inch-g11-mobile-workstation-pc-b6sw6pt.html,Intel® Core™ Ultra 7 processor,Windows 11 Pro,35.6 cm (14) diagonal WUXGA IPS display,Intel® UMA Graphics,16 GB DDR5-5600 RAM,1 TB SSD Solid State Drive,No,free bag (35l98aa) ,8.0,1,SSD,512,98613.0,AMD,Ryzen 3,Premium,Integrated,Premium,1,1,False,53.6875,,Lenovo
HP ZBook Power 40.6 cm (16) G11 Mobile Workstation PC,3.8,"Recommended for  2D and light 3D workflows, photography, and for running multiple large Microsoft Office files.",Intel® Core™ Ultra 9 processor | Windows 11 Pro | 40.6 cm (16) diagonal WUXGA display | NVIDIA RTX™ 2000 Ada Generation Laptop GPU | 64 GB DDR5-5600 RAM | 1 TB SSD Solid State Drive,A8WM5PT,298812.0,436429.0,,https://www.hp.com/in-en/shop/hp-zbook-power-16-g11-mobile-workstation-pc-a8wm5pt.html,Intel® Core™ Ultra 9 processor,Windows 11 Pro,40.6 cm (16) diagonal WUXGA display,Integrated,64 GB DDR5-5600 RAM,1 TB SSD Solid State Drive,No,none,16.0,1,SSD,256,137930.0,AMD,Ryzen 7,Premium,Integrated,Premium,1,0,False,149.0,"Mouse, MS Office",Lenovo
"HP Victus 39.6 cm (15.6) Gaming Laptop 15-fa2409TX, Silver",0.0,Step up the fun with our most affordable gaming laptop range that doesn't shy on performance.,"Intel® Core™ 7 processor | Windows 11 Home | 39.6 cm (15.6) diagonal, FHD, IPS, anti-glare display | NVIDIA® GeForce RTX™ 5050 8 GB | 24 GB DDR5-5600 RAM (Upgradeable) | 1 TB SSD Hard Drive",CF5M6PA,116675.0,127709.0,Microsoft Office Home 2024 Lifetime Subscription worth ₹9199.00,https://www.hp.com/in-en/shop/victus-gaming-laptop-15-fa2409tx-cf5m6pa.html,Intel® Core™ 7 processor,Windows 11 Home,"39.6 cm (15.6) diagonal, FHD, IPS, anti-glare display",Integrated,24 GB DDR5-5600 RAM (Upgradeable),1 TB SSD Hard Drive,Microsoft Office Home 2024 Lifetime Subscription worth ₹9199.00,none,8.0,1,SSD,512,11710.0,Intel,i5,Premium,Integrated,Premium,1,1,True,50.0,"Backpack, Mouse",Lenovo
"HP 255 39.6 cm (15.6) G10 Notebook PC, Silver",0.0,Powered for business,"AMD Ryzen™ 7 processor | FreeDOS | 39.6 cm (15.6) diagonal, FHD display | AMD Radeon™ Graphics | 16 GB DDR4 RAM | 512 GB SSD Hard Drive",BJ3Q4PT,51249.0,64556.0,"HP 215 39.6 cm (15.6) Laptop Backpack worth ₹ 1,785",https://www.hp.com/in-en/shop/hp-255-15-6-g10-notebook-pc-bj3q4pt.html,AMD Ryzen™ 7 processor,Unknown,"39.6 cm (15.6) diagonal, FHD display",AMD Radeon™ Graphics,16 GB DDR4 RAM,512 GB SSD Hard Drive,No,hp 215 39.6 cm (15.6) laptop backpack ,8.0,512,SSD,256,9557.0,AMD,Ryzen 5,Normal,Integrated,Mid-Range,1,1,False,33.0,,Lenovo
"HP ProBook 4 G1i 35.6 cm (14) Laptop AI PC, Silver",0.0,Affordable devices designed with business in mind; commercial grade features with durable design,"Intel® Core™ Ultra 5 processor | Windows 11 Pro | 35.6 cm (14) diagonal, WUXGA, IPS display | Intel® Graphics | 16 GB DDR5-5600 RAM | 512 GB SSD Hard Drive",C37CJPA,118498.0,116599.0,,https://www.hp.com/in-en/shop/hp-probook-4-g1i-14-notebook-ai-pc-c37cjpa.html,Intel® Core™ Ultra 5 processor,Windows 11 Pro,"35.6 cm (14) diagonal, WUXGA, IPS display",Intel® Graphics,16 GB DDR5-5600 RAM,512 GB SSD Hard Drive,No,none,16.0,512,SSD,1024,1300.0,Intel,i3,Premium,Integrated,Premium,0,1,False,33.0,"Backpack, Mouse, MS Office",Lenovo
"HP EliteBook 8 G1i 33.8 cm (13.3) Notebook AI PC, Silver",0.0,An innovative AI PC tailored for hybrid teams,"Intel® Core™ Ultra 7 processor | Windows 11 Pro | 33.8 cm (13.3) diagonal, WUXGA, IPS, 800 nits touch display | Intel® Graphics | 16 GB RAM | 1 TB SSD Hard Drive",BQ8J4PT,186205.0,186103.0,,https://www.hp.com/in-en/shop/elitebook-8-13-inch-flip-g1i-bq8j4pt.html,Intel® Core™ Ultra 7 processor,Windows 11 Pro,"33.8 cm (13.3) diagonal, WUXGA, IPS, 800 nits touch display",Intel® Graphics,16 GB RAM,1 TB SSD Hard Drive,No,none,16.0,1,SSD,1024,104.0,AMD,Ryzen 7,Premium,Integrated,Premium,0,0,False,34.0,"Backpack, Mouse",Lenovo
"HP EliteBook 6 G1q 35.6 cm (14)  Notebook Next Gen AI PC, Silver",0.0,Power your organization into the future with next-gen AI,"Snapdragon® X processor | Windows 11 Pro | 35.6 cm (14) diagonal, WUXGA, IPS, 300 nits display | Qualcomm® Adreno™ GPU | 32 GB LPDDR5x RAM | 1 TB SSD Hard Drive",C22HQPT,140127.0,140373.0,,https://www.hp.com/in-en/shop/hp-elitebook-6-g1q-14-inch-notebook-next-gen-ai-pc-c22hqpt.html,Snapdragon® X processor,Windows 11 Pro,"35.6 cm (14) diagonal, WUXGA, IPS, 300 nits display",Integrated,32 GB LPDDR5x RAM,1 TB SSD Hard Drive,No,none,8.0,1,SSD,1024,2374.0,AMD,Ryzen 7,Premium,Integrated,Premium,0,0,False,66.0,"Mouse, MS Office",Lenovo
"HP Laptop 39.6 cm (15.6) 15-fc0500AU, Silver",4.5,Reliable computing yet stylish laptop that makes the wallet happy,"AMD Ryzen™ 3-7320U processor | Windows 11 Home | 39.6 cm (15.6) diagonal, FHD display | AMD Radeon™ Graphics | 8 GB 5500 LPDDR5 (on-board) RAM | 512 GB SSD Hard Drive",BV2W0PA,43843.0,44783.0,HP X Entry Backpack worth  ₹1999.00 | Microsoft Office Home 2024 Lifetime Subscription worth ₹9199.00 | 1 year Microsoft 365 basic subscription,https://www.hp.com/in-en/shop/hp-laptop-15-fc0500au-bv2w0pa.html,AMD Ryzen™ 3-7320U processor,Windows 11 Home,"39.6 cm (15.6) diagonal, FHD display",AMD Radeon™ Graphics,8 GB 5500 LPDDR5 (on-board) RAM,512 GB SSD Hard Drive,1 year Microsoft 365 basic subscription,hp x entry backpack ,16.0,512,SSD,1024,4784.0,AMD,Ryzen 3,Normal,Integrated,Mid-Range,0,0,False,39.5,"Mouse, MS Office",Lenovo
"HP Laptop 35.6 cm (14) 14-ep1180TU, Silver",0.0,Reliable computing yet stylish laptop that makes the wallet happy,"Intel® Core™ Ultra 5-125H processor | Windows 11 Home Single Language | 35.6 cm (14) diagonal FHD, anti-glare display | Intel® Arc™ Graphics | 24 GB DDR5-5600 RAM | 1 TB SSD Hard Drive",CJ9D9PA,75898.0,83566.0,HP X Entry Backpack worth  ₹1999.00,https://www.hp.com/in-en/shop/hp-laptop-14-ep1180tu-cj9d9pa.html,Intel® Core™ Ultra 5-125H processor,Windows 11 Home Single Language,"35.6 cm (14) diagonal FHD, anti-glare display",Intel® Arc™ Graphics,24 GB DDR5-5600 RAM,1 TB SSD Hard Drive,No,hp x entry backpack ,32.0,1,SSD,512,8567.0,Intel,i5,Normal,Integrated,Mid-Range,1,1,False,50.0,"Mouse, MS Office",Lenovo
"HP ProBook 4 35.6 cm (14) G1iR Business Laptop PC, Silver",0.0,Affordable devices designed with business in mind; commercial grade features with durable design,"Intel® Core™ 7 processor | Windows 11 Pro | 35.6 cm (14) diagonal, WUXGA, IPS display | Intel® Graphics | 24 GB DDR5-5600 RAM | 512 GB SSD Hard Drive",CF2V1PT,112847.0,123667.0,"HP 215 39.6 cm (15.6) Laptop Backpack worth ₹ 1,785",https://www.hp.com/in-en/shop/hp-probook-4-g1ir-14-inch-notebook-pc-cf2v1pt.html,Intel® Core™ 7 processor,Windows 11 Pro,"35.6 cm (14) diagonal, WUXGA, IPS display",Intel® Graphics,24 GB DDR5-5600 RAM,512 GB SSD Hard Drive,No,hp 215 39.6 cm (15.6) laptop backpack ,32.0,512,SSD,512,15768.0,AMD,Ryzen 3,Premium,Integrated,Premium,0,0,False,49.0,"Backpack, Mouse, MS Office",Lenovo
"HP Laptop 39.6 cm (15.6) 15-fr0046TU, Silver",0.0,Reliable computing yet stylish laptop that makes the wallet happy,"13th Generation Intel® Core™ i7-13620H processor | Windows 11 Home | 39.6 cm (15.6) diagonal, FHD display | Intel® Graphics | 16 GB DDR4-3200 RAM | 512 GB SSD Hard Drive",C27GLPA,69307.0,77506.0,HP X Entry Backpack worth  ₹1999.00 | Microsoft Office Home 2024 Lifetime Subscription worth ₹9199.00,https://www.hp.com/in-en/shop/hp-laptop-15-fr0046tu-c27glpa.html,13th Generation Intel® Core™ i7-13620H processor,Windows 11 Home,"39.6 cm (15.6) diagonal, FHD display",Intel® Graphics,16 GB DDR4-3200 RAM,512 GB SSD Hard Drive,Microsoft Office Home 2024 Lifetime Subscription worth ₹9199.00,hp x entry backpack ,8.0,512,SSD,256,4806.0,Intel,i7,Normal,Integrated,Mid-Range,1,1,True,33.0,Mouse,Lenovo
"HP ZBook Power 39.6 cm (15.6) G10 A Mobile Workstation PC, Silver",0.0,"Recommended for  2D and light 3D workflows, photography, and for running multiple large Microsoft Office files.",AMD Ryzen™ 7 processor | Windows 11 Pro | 39.6 cm (15.6) diagonal FHD display | NVIDIA RTX™ A1000 | 32 GB DDR5 RAM | 1 TB SSD Solid State Drive,8U6X8PA,206732.0,221614.0,"FREE Bag (35L98AA) worth ₹ 1,785",https://www.hp.com/in-en/shop/hp-zbook-power-15-6-39-62-cm-g10-a-mobile-workstation-pc-8u6x8pa.html,AMD Ryzen™ 7 processor,Windows 11 Pro,39.6 cm (15.6) diagonal FHD display,Integrated,32 GB DDR5 RAM,1 TB SSD Solid State Drive,No,free bag (35l98aa) ,8.0,1,SSD,512,16707.0,Intel,i3,Premium,Integrated,Premium,1,1,False,66.0,"Mouse, MS Office",Lenovo
"HP EliteBook 8 35.6 cm (14) G1i Next Gen AI PC, Silver",0.0,Copilot+ PC.Next-gen AI redefines productivity for modern professionals,"Intel® Core™ Ultra 7 processor | Windows 11 Pro | 35.6 cm (14) diagonal, WUXGA, IPS display, Touchscreen | Intel® Arc™ Graphics | 32 GB LPDDR5x-8533 RAM | 1 TB SSD Hard Drive",C27THPT,180738.0,205334.0,"HP 215 39.6 cm (15.6) Laptop Backpack worth ₹ 1,785",https://www.hp.com/in-en/shop/hp-elitebook-8-g1i-14-inch-notebook-next-gen-ai-pc-c27thpt.html,Intel® Core™ Ultra 7 processor,Windows 11 Pro,"35.6 cm (14) diagonal, WUXGA, IPS display, Touchscreen",Intel® Arc™ Graphics,32 GB LPDDR5x-8533 RAM,1 TB SSD Hard Drive,No,hp 215 39.6 cm (15.6) laptop backpack ,32.0,1,SSD,256,26235.0,Intel,i5,Premium,Integrated,Premium,1,0,False,66.0,"Mouse, MS Office",Lenovo
HP ZBook Fury 40.6 cm (16) G11,1.950016958,,"up to 14th Generation Intel® Core™ i9 processor | Windows 11 Pro | up to NVIDIA RTX™ 5000 Ada Generation Laptop GPU | up to 128GB RAM | up to 2 TB SSD Solid State Drive | Fingerprint reader, Audio by Poly Studio, Spill resistant and backlit keyboard",zbookfuryg11,275925.0,,,https://www.hp.com/in-en/shop/hp-zbook-fury-40-6-cm-16-g11.html,up to 14th Generation Intel® Core™ i9 processor,Windows 11 Pro,,Integrated,up to 128GB RAM,up to 2 TB SSD Solid State Drive,No,none,16.0,2,SSD,256,,Intel,i5,Premium,Integrated,Premium,1,0,False,269.7500848,"Backpack, Mouse, MS Office",Lenovo
"HP ProBook 4 35.6 cm (14) G1iR Business Laptop PC, Silver",0.0,Affordable devices designed with business in mind; commercial grade features with durable design,"Intel® Core™ 5 processor | Windows 11 Pro | 35.6 cm (14) diagonal, WUXGA, IPS display | Intel® Graphics | 16 GB DDR5-5600 RAM | 1 TB SSD Hard Drive",CC0M6AT,99075.0,110445.0,"HP 215 39.6 cm (15.6) Laptop Backpack worth ₹ 1,785",https://www.hp.com/in-en/shop/hp-probook-4-g1ir-14-inch-notebook-pc-cc0m6at.html,Intel® Core™ 5 processor,Windows 11 Pro,"35.6 cm (14) diagonal, WUXGA, IPS display",Intel® Graphics,16 GB DDR5-5600 RAM,1 TB SSD Hard Drive,No,hp 215 39.6 cm (15.6) laptop backpack ,32.0,1,SSD,512,14646.0,Intel,i7,Premium,Integrated,Premium,1,0,False,34.0,"Backpack, Mouse, MS Office",Lenovo
"HP Victus 39.6 cm (15.6) Gaming Laptop 15-fa2409TX, Silver",0.0,Step up the fun with our most affordable gaming laptop range that doesn't shy on performance.,"Intel® Core™ 7 processor | Windows 11 Home | 39.6 cm (15.6) diagonal, FHD, IPS, anti-glare display | NVIDIA® GeForce RTX™ 5050 8 GB | 24 GB DDR5-5600 RAM (Upgradeable) | 1 TB SSD Hard Drive",CF5M6PA,118223.0,127709.0,Microsoft Office Home 2024 Lifetime Subscription worth ₹9199.00,https://www.hp.com/in-en/shop/victus-gaming-laptop-15-fa2409tx-cf5m6pa.html,Intel® Core™ 7 processor,Windows 11 Home,"39.6 cm (15.6) diagonal, FHD, IPS, anti-glare display",Integrated,24 GB DDR5-5600 RAM (Upgradeable),1 TB SSD Hard Drive,Microsoft Office Home 2024 Lifetime Subscription worth ₹9199.00,none,16.0,1,SSD,512,11710.0,Intel,i5,Premium,Integrated,Premium,0,1,True,50.0,"Backpack, Mouse",Lenovo
"HP EliteBook 1040 14 35.6 cm (14) G11 Notebook PC, Silver",4.3333,Innovative design and real power for real work,"Intel® Core™ Ultra 5 processor | Windows 11 Pro | 35.6 cm (14) diagonal, 2.8K OLED, IPS | Intel® Arc™ Graphics | 32 GB LPDDR5x-7500 RAM | 1 TB SSD Hard Drive",AP1K8AT,223086.0,233033.0,"HP 215 39.6 cm (15.6) Laptop Backpack worth ₹ 1,785",https://www.hp.com/in-en/shop/hp-elitebook-1040-14-inch-g11-notebook-pc-ap1k8at.html,Intel® Core™ Ultra 5 processor,Windows 11 Pro,"35.6 cm (14) diagonal, 2.8K OLED, IPS",Intel® Arc™ Graphics,32 GB LPDDR5x-7500 RAM,1 TB SSD Hard Drive,No,hp 215 39.6 cm (15.6) laptop backpack ,32.0,1,SSD,512,12034.0,Intel,i3,Premium,Integrated,Premium,0,0,False,87.6665,"Backpack, Mouse, MS Office",Lenovo
"HP OmniBook 5 Next Gen AI 16-ag1046AU, Silver",5.0,Copilot+ PC.The upgrade you need from HP Pavilion. Excellent for students and families.,AMD Ryzen™ AI 7 processor | Windows 11 Home | 40.5 cm (16) diagonal 2K IPS touch display | AMD Radeon™ 860M Graphics | 16 GB LPDDR5x-7500 RAM | 1 TB SSD Hard Drive,C20W1PA,85731.0,99526.0,"HP 310 15.6 Laptop Backpack worth ₹2,999.00 | Microsoft Office Home 2024 Lifetime Subscription worth ₹9199.00",https://www.hp.com/in-en/shop/hp-omnibook-5-ngai-16-ag1046au-c20w1pa.html,AMD Ryzen™ AI 7 processor,Windows 11 Home,40.5 cm (16) diagonal 2K IPS touch display,AMD Radeon™ 860M Graphics,16 GB LPDDR5x-7500 RAM,1 TB SSD Hard Drive,Microsoft Office Home 2024 Lifetime Subscription worth ₹9199.00,hp 310 15.6 laptop backpack ,8.0,1,SSD,512,13027.0,AMD,Ryzen 3,Premium,Integrated,Premium,0,1,True,59.0,Mouse,Lenovo
"HP OmniBook X Flip 14-fm0100TU Next Gen AI PC, Blue",4.4286,"Copilot+ PC.Unleash your creativity with supercharged performance wrapped in a thin and light design. Meet OmniBook X, the AI-enhanced evolution of HP Envy.","Intel® Core™ Ultra 7 processor (47 TOPS) | Next-Gen Windows | 35.6 cm (14) diagonal 3K OLED, UWVA touch display | Intel® Arc™ Graphics | 16 GB LPDDR5x RAM | 1 TB SSD Hard Drive",C1RB2PA,127835.0,139330.0,"MPP 2.0 pen worth ₹ 3,999 | HP Creator 13.3 Laptop Sling worth ₹5,500.00 | Microsoft Office Home 2024 Lifetime Subscription worth ₹9199.00 | 1 year Microsoft 365 basic subscription",https://www.hp.com/in-en/shop/hp-omnibook-x-flipngai-14-fm0100tu-c1rb2pa.html,Intel® Core™ Ultra 7 processor (47 TOPS),Next-Gen Windows,"35.6 cm (14) diagonal 3K OLED, UWVA touch display",Intel® Arc™ Graphics,16 GB LPDDR5x RAM,1 TB SSD Hard Drive,1 year Microsoft 365 basic subscription,mpp 2.0 pen ,32.0,1,SSD,512,11331.0,AMD,Ryzen 7,Premium,Integrated,Premium,1,1,False,56.143,"Backpack, Mouse, MS Office",Lenovo
"HP ZBook Firefly 35.6 cm (14) G11 Mobile Workstation PC, Silver",3.9375,"Recommended for  2D and light 3D workflows, photography, and for running multiple large Microsoft Office files.",Intel® Core™ Ultra 7 processor | Windows 11 Pro | 35.6 cm (14) diagonal WUXGA display | Intel® Graphics | 16 GB DDR5-5600 RAM | 1 TB PCIe® NVMe™ SSD Solid State Drive,A1VR2PT,144131.0,224666.0,,https://www.hp.com/in-en/shop/hp-zbook-firefly-14-inch-g11-mobile-workstation-pc-a1vr2pt.html,Intel® Core™ Ultra 7 processor,Windows 11 Pro,35.6 cm (14) diagonal WUXGA display,Intel® Graphics,16 GB DDR5-5600 RAM,1 TB PCIe® NVMe™ SSD Solid State Drive,No,none,32.0,1,SSD,1024,83667.0,Intel,i7,Premium,Integrated,Premium,0,0,False,53.6875,"Backpack, Mouse, MS Office",Lenovo
"HP OmniBook 5 Flip 35.6 cm (14) 14-fp0790TU, Silver",1.0,The upgrade you need from HP Pavilion. Excellent for students and families.,13th Generation Intel® Core™ i5 processor | Windows 11 Home Single Language | 35.6 cm (14) diagonal 2K IPS display | Intel® Iris® Xᵉ Graphics | 16 GB LPDDR5-5200 RAM | 1 TB SSD Hard Drive,BX9Q8PA,81258.0,90485.0,"HP 310 15.6 Laptop Backpack worth ₹2,999.00 | Microsoft Office Home 2024 Lifetime Subscription worth ₹9199.00",https://www.hp.com/in-en/shop/hp-omnibook-5-flip-14-fp0790tu-bx9q8pa.html,13th Generation Intel® Core™ i5 processor,Windows 11 Home Single Language,35.6 cm (14) diagonal 2K IPS display,Intel® Iris® Xᵉ Graphics,16 GB LPDDR5-5200 RAM,1 TB SSD Hard Drive,Microsoft Office Home 2024 Lifetime Subscription worth ₹9199.00,hp 310 15.6 laptop backpack ,32.0,1,SSD,512,9486.0,Intel,i7,Premium,Integrated,Premium,0,1,True,39.0,Mouse,Lenovo
"HP 250R 39.6 cm (15.6) G10 Business Laptop PC, Silver",0.0,"Compact and reliable, value-packed notebooks with essential business features to help you excel in hybrid work","Intel® Core™ 5 processor | FreeDOS 3.0 | 39.6 cm (15.6) diagonal, FHD, SVA display | Intel® Graphics | 8 GB DDR4-3200 RAM | 512 GB SSD Hard Drive",C91T7AT,60041.0,65489.0,"HP 215 39.6 cm (15.6) Laptop Backpack worth ₹ 1,785",https://www.hp.com/in-en/shop/hp-250r-15-6-inch-g10-notebook-pc-c91t7at.html,Intel® Core™ 5 processor,Unknown,"39.6 cm (15.6) diagonal, FHD, SVA display",Intel® Graphics,8 GB DDR4-3200 RAM,512 GB SSD Hard Drive,No,hp 215 39.6 cm (15.6) laptop backpack ,32.0,512,SSD,1024,7690.0,AMD,Ryzen 3,Normal,Integrated,Mid-Range,0,1,False,17.0,,Lenovo
"HP OMEN Gaming Laptop 16-ap0181AX, Black",0.0,Copilot+ PC.Pro Gaming. Built for unbelievable speed and immersive gameplay.,"AMD Ryzen™ 9 processor | Windows 11 Home | 40.6 cm (16) diagonal, 2K, IPS, anti-glare, Low Blue Light, 165 Hz, 400 nits display | NVIDIA® GeForce RTX™ 5060 8GB | 24 GB DDR5-5200 RAM (Upgradeable) | 1 TB SSD Hard Drive",C74VNPA,161950.0,185478.0,Microsoft Office Home 2024 Lifetime Subscription worth ₹9199.00 | 1 year Microsoft 365 basic subscription,https://www.hp.com/in-en/shop/hp-omen-gaming-laptop-16-ap0181ax-c74vnpa.html,AMD Ryzen™ 9 processor,Windows 11 Home,"40.6 cm (16) diagonal, 2K, IPS, anti-glare, Low Blue Light, 165 Hz, 400 nits display",Integrated,24 GB DDR5-5200 RAM (Upgradeable),1 TB SSD Hard Drive,1 year Microsoft 365 basic subscription,none,32.0,1,SSD,512,27479.0,AMD,Ryzen 3,Premium,Integrated,Premium,1,0,False,50.0,"Backpack, Mouse, MS Office",Lenovo
"HP Laptop 39.6 cm (15.6) 15-fd0682TU, Silver",0.0,Reliable computing yet stylish laptop that makes the wallet happy,"Intel® Core™ 5-120U processor | Windows 11 Home Single Language | 39.6 cm (15.6) diagonal, FHD, anti-glare display | Intel® UHD Graphics | 16 GB DDR4-3200 RAM | 512 GB SSD Hard Drive",C27FBPA,60517.0,71446.0,Microsoft Office Home 2024 Lifetime Subscription worth ₹9199.00 | 1 year Microsoft 365 basic subscription,https://www.hp.com/in-en/shop/hp-laptop-15-fd0682tu-c27fbpa.html,Intel® Core™ 5-120U processor,Windows 11 Home Single Language,"39.6 cm (15.6) diagonal, FHD, anti-glare display",Intel® UHD Graphics,16 GB DDR4-3200 RAM,512 GB SSD Hard Drive,1 year Microsoft 365 basic subscription,none,32.0,512,SSD,512,10947.0,Intel,i5,Normal,Integrated,Mid-Range,1,1,False,33.0,"Backpack, Mouse, MS Office",Lenovo
"HP ZBook 8 G1i 35.6 cm (14) Mobile Workstation PC, Silver",0.0,Step up performance. Not size.,"Intel® Core™ Ultra 7 processor | Windows 11 Pro | 35.6 cm (14) diagonal, WUXGA UWVA display | NVIDIA RTX™ 500 Ada Generation Laptop GPU | 32 GB DDR5-5600 RAM | 1 TB SSD Solid State Drive",C1JN2PT,169392.0,282408.0,"HP 215 39.6 cm (15.6) Laptop Backpack worth ₹ 1,785",https://www.hp.com/in-en/shop/hp-zbook-8-g1i-14-inch-mobile-workstation-pc-data-science-c1jn2pt.html,Intel® Core™ Ultra 7 processor,Windows 11 Pro,"35.6 cm (14) diagonal, WUXGA UWVA display",Integrated,32 GB DDR5-5600 RAM,1 TB SSD Solid State Drive,No,hp 215 39.6 cm (15.6) laptop backpack ,32.0,1,SSD,1024,108909.0,Intel,i5,Premium,Integrated,Premium,1,0,False,66.0,"Mouse, MS Office",Lenovo
"HP EliteBook 640 35.6 cm (14) G10 Notebook PC, Silver",0.0,Empowering the hybrid workforce,13th Generation Intel® Core™ i7 processor | FreeDOS | 35.6 cm (14) diagonal FHD IPS display | Intel® UHD Graphics | 16 GB DDR4-3200 RAM | 1 TB SSD Hard Drive,B81TZPT,104548.0,114334.0,"HP 215 39.6 cm (15.6) Laptop Backpack worth ₹ 1,785",https://www.hp.com/in-en/shop/hp-elitebook-640-14-inch-g10-notebook-pc-b81tzpt.html,13th Generation Intel® Core™ i7 processor,Unknown,35.6 cm (14) diagonal FHD IPS display,Intel® UHD Graphics,16 GB DDR4-3200 RAM,1 TB SSD Hard Drive,No,hp 215 39.6 cm (15.6) laptop backpack ,32.0,1,SSD,256,13335.0,Intel,i5,Premium,Integrated,Premium,1,1,False,34.0,"Backpack, Mouse",Lenovo
"HP 240R 35.6 cm (14) G10 Business Laptop PC, Silver",0.0,"Compact and reliable, value-packed notebooks with essential business features to help you excel in hybrid work","Intel® Core™ 5 processor | Windows 11 Pro | 35.6 cm (14) diagonal, FHD IPS display | Intel® Graphics | 16 GB DDR4-3200 RAM | 512 GB SSD Hard Drive",C8HS4AT,71222.0,86489.0,"HP 215 39.6 cm (15.6) Laptop Backpack worth ₹ 1,785",https://www.hp.com/in-en/shop/hp-240r-14-inch-g10-notebook-pc-c8hs4at.html,Intel® Core™ 5 processor,Windows 11 Pro,"35.6 cm (14) diagonal, FHD IPS display",Intel® Graphics,16 GB DDR4-3200 RAM,512 GB SSD Hard Drive,No,hp 215 39.6 cm (15.6) laptop backpack ,32.0,512,SSD,1024,10290.0,AMD,Ryzen 5,Normal,Integrated,Mid-Range,1,0,False,33.0,Mouse,Lenovo
"HP OMEN Gaming Laptop 16, Black, Ryzen AI 7 350 (8C), RTX 5070 8GB, 24 GB",0.0,Copilot+ PC.Pro Gaming. Built for unbelievable speed and immersive gameplay.,"AMD Ryzen™ AI 7 processor | Windows 11 Home | 40.6 cm (16) diagonal, 2K, 165Hz, IPS, anti-glare, Low Blue Light, 400 nits display | NVIDIA® GeForce RTX™ 5070 8 GB | 24 GB DDR5-5600 RAM (Upgradeable) | 1 TB SSD Hard Drive",C8KJ9PA,173558.0,191099.0,Microsoft Office Home 2024 Lifetime Subscription worth ₹9199.00,https://www.hp.com/in-en/shop/hp-omen-gaming-laptop-16-ap0184ax-c8kj9pa.html,AMD Ryzen™ AI 7 processor,Windows 11 Home,"40.6 cm (16) diagonal, 2K, 165Hz, IPS, anti-glare, Low Blue Light, 400 nits display",Integrated,24 GB DDR5-5600 RAM (Upgradeable),1 TB SSD Hard Drive,Microsoft Office Home 2024 Lifetime Subscription worth ₹9199.00,none,16.0,1,SSD,512,21100.0,Intel,i3,Premium,Integrated,Premium,1,0,True,50.0,"Backpack, Mouse, MS Office",Lenovo
HP ZBook Firefly 40.6 cm (16) G11 Mobile Workstation PC,4.6667,"Recommended for  2D and light 3D workflows, photography, and for running multiple large Microsoft Office files.","Intel® Core™ Ultra 7 processor | Windows 11 Pro | 40.6 cm (16) diagonal, WUXGA display | NVIDIA RTX™ A500 Graphics | 32 GB DDR5-5600 MHz RAM | 1 TB PCIe® NVMe™ SSD Solid State Drive",A1VX4PT,164645.0,270789.0,Evon Essential Series Black Bagpack,https://www.hp.com/in-en/shop/hp-zbook-firefly-16-g11-mobile-workstation-pc-a1vx4pt.html,Intel® Core™ Ultra 7 processor,Windows 11 Pro,"40.6 cm (16) diagonal, WUXGA display",NVIDIA RTX™ A500 Graphics,32 GB DDR5-5600 MHz RAM,1 TB PCIe® NVMe™ SSD Solid State Drive,No,evon essential series black bagpack,8.0,1,SSD,256,103290.0,AMD,Ryzen 5,Premium,Dedicated,Premium,0,0,False,89.3335,,Lenovo
"HP Laptop 15-fr0025TU, Silver",3.0,"HP PCs are built with dependable technology, next-level power, and rock-solid performance.",13th Generation Intel® Core™ i7-13620H processor | Windows 11 Home | 39.6 cm (15.6) diagonal FHD display | Intel® UHD Graphics | 16 GB DDR4 RAM | 512 GB SSD Hard Drive,BZ5F7PA,73081.0,77506.0,HP X Entry Backpack worth  ₹1999.00 | Microsoft Office Home 2024 Lifetime Subscription worth ₹9199.00,https://www.hp.com/in-en/shop/hp-laptop-15-fr0025tu-bz5f7pa.html,13th Generation Intel® Core™ i7-13620H processor,Windows 11 Home,39.6 cm (15.6) diagonal FHD display,Intel® UHD Graphics,16 GB DDR4 RAM,512 GB SSD Hard Drive,Microsoft Office Home 2024 Lifetime Subscription worth ₹9199.00,hp x entry backpack ,32.0,512,SSD,1024,7006.0,Intel,i3,Normal,Integrated,Mid-Range,0,0,True,48.0,,Lenovo
"HP Laptop 35.6 cm (14) 14-ep1152TU, Silver",0.0,Reliable computing yet stylish laptop that makes the wallet happy,"Intel® Core™ Ultra 7-155H processor | Windows 11 Home | 35.6 cm (14) diagonal FHD, anti-glare display | Intel® Arc™ Graphics | 16 GB DDR5-5600 RAM | 1 TB SSD Hard Drive",C72QJPA,84379.0,85990.0,HP X Entry Backpack worth  ₹1999.00 | Microsoft Office Home 2024 Lifetime Subscription worth ₹9199.00 | 1 year Microsoft 365 basic subscription,https://www.hp.com/in-en/shop/hp-laptop-14-ep1152tu-c72qjpa.html,Intel® Core™ Ultra 7-155H processor,Windows 11 Home,"35.6 cm (14) diagonal FHD, anti-glare display",Intel® Arc™ Graphics,16 GB DDR5-5600 RAM,1 TB SSD Hard Drive,1 year Microsoft 365 basic subscription,hp x entry backpack ,8.0,1,SSD,512,5991.0,AMD,Ryzen 5,Normal,Integrated,Premium,0,0,False,34.0,"Backpack, Mouse, MS Office",Lenovo
"HP OMEN Gaming Laptop 16, Black, Core Ultra 5-225H (14C), RTX 5060 8GB, 16 GB",0.0,Bold performance without the burnout,"Intel® Core™ Ultra 5 225H (14C) processor | Windows 11 Home | 40.6 cm (16) diagonal, 2K, IPS, anti-glare, Low Blue Light, 165 Hz, 400 nits display | NVIDIA® GeForce RTX™ 5060 8GB | 16 GB DDR5 RAM | 1 TB SSD Hard Drive",C1PF5PA,144804.0,165244.0,Microsoft Office Home 2024 Lifetime Subscription worth ₹9199.00 | Microsoft Xbox Game Pass 3 month | 1 year Microsoft 365 basic subscription,https://www.hp.com/in-en/shop/hp-omen-gaming-laptop-16-am0172tx-c1pf5pa.html,Intel® Core™ Ultra 5 225H (14C) processor,Windows 11 Home,"40.6 cm (16) diagonal, 2K, IPS, anti-glare, Low Blue Light, 165 Hz, 400 nits display",Integrated,16 GB DDR5 RAM,1 TB SSD Hard Drive,1 year Microsoft 365 basic subscription,none,32.0,1,SSD,512,18245.0,Intel,i3,Premium,Integrated,Premium,1,1,False,34.0,"Backpack, Mouse",Lenovo
"HP ProBook 4 G1q 35.6 cm (14) Notebook Next Gen AI PC, Silver",0.0,Copilot+ PC.Power your business with next-gen AI performance,"Snapdragon® X processor | Windows 11 Pro | 35.6 cm (14) diagonal, WUXGA, IPS, 300 nits display | Qualcomm® Adreno™ GPU | 16 GB LPDDR5x-8533 RAM | 512 GB SSD Hard Drive",C22NGAT,88878.0,96777.0,,https://www.hp.com/in-en/shop/hp-probook-4-g1q-14-notebook-next-gen-ai-pc-c22ngat.html,Snapdragon® X processor,Windows 11 Pro,"35.6 cm (14) diagonal, WUXGA, IPS, 300 nits display",Integrated,16 GB LPDDR5x-8533 RAM,512 GB SSD Hard Drive,No,none,16.0,512,SSD,512,9178.0,Intel,i3,Premium,Integrated,Premium,0,1,False,33.0,"Backpack, Mouse, MS Office",Lenovo
"HP ProBook 445 35.6 cm (14) G11 Business Laptop PC, Silver",0.0,Affordable devices designed with business in mind; commercial grade features with durable design,"AMD Ryzen™ 5 processor | Windows 11 Pro | 35.6 cm (14) diagonal, WUXGA, IPS display | AMD Radeon™ 660M Graphics | 16 GB DDR5-4800 RAM | 512 GB SSD Hard Drive",CD9A5PT,71135.0,77778.0,"HP 215 39.6 cm (15.6) Laptop Backpack worth ₹ 1,785",https://www.hp.com/in-en/shop/hp-probook-445-14-inch-g11-notebook-pc-cd9a5pt.html,AMD Ryzen™ 5 processor,Windows 11 Pro,"35.6 cm (14) diagonal, WUXGA, IPS display",AMD Radeon™ 660M Graphics,16 GB DDR5-4800 RAM,512 GB SSD Hard Drive,No,hp 215 39.6 cm (15.6) laptop backpack ,32.0,512,SSD,256,3179.0,Intel,i3,Normal,Integrated,Mid-Range,1,0,False,33.0,,Lenovo
"HP OMEN 40.6 cm (16) Gaming Laptop 16-ap0165AX, Black",4.5,Copilot+ PC.Pro Gaming. Built for unbelievable speed and immersive gameplay.,"AMD Ryzen™ AI 7 processor | Windows 11 Home | 40.6 cm (16) diagonal, 2K, 165Hz, IPS, anti-glare, Low Blue Light, 400 nits display | NVIDIA® GeForce RTX™ 5050 8 GB | 24 GB DDR5-5600 RAM | 1 TB SSD Hard Drive",C2XD2PA,137750.0,162996.0,Microsoft Office Home 2024 Lifetime Subscription worth ₹9199.00 | 1 year Microsoft 365 basic subscription,https://www.hp.com/in-en/shop/hp-omen-gaming-laptop-16-ap0165ax-c2xd2pa.html,AMD Ryzen™ AI 7 processor,Windows 11 Home,"40.6 cm (16) diagonal, 2K, 165Hz, IPS, anti-glare, Low Blue Light, 400 nits display",Integrated,24 GB DDR5-5600 RAM,1 TB SSD Hard Drive,1 year Microsoft 365 basic subscription,none,16.0,1,SSD,1024,23997.0,Intel,i5,Premium,Integrated,Premium,1,0,False,72.5,"Backpack, Mouse, MS Office",Lenovo
"HP OmniBook 5 Laptop 16-ba1124TU, Blue",3.5556,"Create content, work on the go, and stay connected.",13th Generation Intel® Core™ i5 processor | Windows 11 Home | 40.6 cm (16) diagonal 2K IPS display | Intel® Iris® Xᵉ Graphics | 16 GB LPDDR5x-4800 RAM | 1 TB SSD Hard Drive,BH4K6PA,72120.0,78855.0,"HP 310 15.6 Laptop Backpack worth ₹2,999.00 | Microsoft Office Home 2024 Lifetime Subscription worth ₹9199.00 | 1 year Microsoft 365 basic subscription",https://www.hp.com/in-en/shop/hp-omnibook-5-laptop-16-ba1124tu-bh4k6pa.html,13th Generation Intel® Core™ i5 processor,Windows 11 Home,40.6 cm (16) diagonal 2K IPS display,Intel® Iris® Xᵉ Graphics,16 GB LPDDR5x-4800 RAM,1 TB SSD Hard Drive,1 year Microsoft 365 basic subscription,hp 310 15.6 laptop backpack ,16.0,1,SSD,1024,4856.0,AMD,Ryzen 5,Normal,Integrated,Mid-Range,1,1,False,51.778,"Mouse, MS Office",Lenovo
"HP ZBook Firefly 35.6 cm (14) G11 Mobile Workstation PC, Silver",3.9375,"Recommended for  2D and light 3D workflows, photography, and for running multiple large Microsoft Office files.",Intel® Core™ Ultra 7 processor | FreeDOS | 35.6 cm (14) diagonal WUXGA IPS display | Intel® UMA Graphics | 16 GB DDR5-5600 RAM | 1 TB SSD Solid State Drive,B71DRPT,114266.0,187122.0,"FREE Bag (35L98AA) worth ₹ 1,785",https://www.hp.com/in-en/shop/hp-zbook-firefly-14-inch-g11-mobile-workstation-pc-b71drpt.html,Intel® Core™ Ultra 7 processor,Unknown,35.6 cm (14) diagonal WUXGA IPS display,Intel® UMA Graphics,16 GB DDR5-5600 RAM,1 TB SSD Solid State Drive,No,free bag (35l98aa) ,32.0,1,SSD,512,77341.0,Intel,i3,Premium,Integrated,Premium,0,1,False,53.6875,"Backpack, Mouse, MS Office",Lenovo
"HP OmniBook 7 Aero Next Gen AI 13-bg1456AU, Silver",5.0,Copilot+ PC.Engineered for durability and performance for power users and students.,AMD Ryzen™ AI 7 processor | Windows 11 Home Single Language | 33.78 cm (13.3) diagonal WQXGA IPS display | AMD Radeon™ 860M Graphics | 16 GB LPDDR5x-7500 RAM | 512 GB SSD Hard Drive,BK1T2PA,99300.0,106875.0,Trendsetter Backpack | Microsoft Office Home 2024 Lifetime Subscription worth ₹9199.00 | 1 year Microsoft 365 basic subscription,https://www.hp.com/in-en/shop/hp-omnibook-7-aerongai-13-bg1456au-bk1t2pa.html,AMD Ryzen™ AI 7 processor,Windows 11 Home Single Language,33.78 cm (13.3) diagonal WQXGA IPS display,AMD Radeon™ 860M Graphics,16 GB LPDDR5x-7500 RAM,512 GB SSD Hard Drive,1 year Microsoft 365 basic subscription,trendsetter backpack,8.0,512,SSD,256,9876.0,AMD,Ryzen 7,Premium,Integrated,Premium,1,1,False,58.0,"Backpack, Mouse, MS Office",Lenovo
"OMEN MAX Gaming Laptop 16, Black, Core Ultra 9 - 275HX (24C), RTX 5090 24GB, 32 GB DDR5",0.0,Built to break limits,"Intel® Core™ Ultra 9 275HX processor | Windows 11 Home | 40.6 cm (16) diagonal WQXGA OLED display,240 Hz, 0.2 ms response time, | NVIDIA® GeForce RTX™ 5090 24GB | 32 GB DDR5-5600 MT/s (2 x 16 GB) RAM | 1TB SSD Hard Drive",C27DXPA,376164.0,427163.0,,https://www.hp.com/in-en/shop/omen-max-gaming-laptop-16-ah0218tx-c27dxpa.html,Intel® Core™ Ultra 9 275HX processor,Windows 11 Home,"40.6 cm (16) diagonal WQXGA OLED display,240 Hz, 0.2 ms response time,",Integrated,32 GB DDR5-5600 MT/s (2 x 16 GB) RAM,1TB SSD Hard Drive,No,none,32.0,1,SSD,1024,47164.0,Intel,i3,Premium,Integrated,Premium,1,0,False,66.0,"Backpack, Mouse, MS Office",Lenovo
HP ZBook Power 40.6 cm (16) G11 Mobile Workstation PC,3.8,"Recommended for  2D and light 3D workflows, photography, and for running multiple large Microsoft Office files.",Intel® Core™ Ultra 7 processor | Windows 11 Pro | 40.6 cm (16) diagonal WUXGA display | NVIDIA RTX™ 2000 Ada Generation Laptop GPU | 32 GB DDR5-5600 RAM | 1 TB SSD Solid State Drive,A8WM9PT,231922.0,346527.0,,https://www.hp.com/in-en/shop/hp-zbook-power-16-g11-mobile-workstation-pc-a8wm9pt.html,Intel® Core™ Ultra 7 processor,Windows 11 Pro,40.6 cm (16) diagonal WUXGA display,Integrated,32 GB DDR5-5600 RAM,1 TB SSD Solid State Drive,No,none,16.0,1,SSD,256,116528.0,AMD,Ryzen 3,Premium,Integrated,Premium,0,0,False,85.0,,Lenovo
"HP ProBook 440 35.6 cm (14) G10 Business Laptop PC, Silver",4.0,"Essential, commercial-grade features","13th Generation Intel® Core™ i5 processor | Windows 11 Pro | 35.6 cm (14) diagonal, FHD, IPS display | Intel® Iris® Xᶱ Graphics | 16 GB DDR4 RAM | 1 TB SSD Hard Drive",B83ZFAT,95998.0,105000.0,"HP 215 39.6 cm (15.6) Laptop Backpack worth ₹ 1,785",https://www.hp.com/in-en/shop/hp-probook-440-14-g10-notebook-pc-b83zfat.html,13th Generation Intel® Core™ i5 processor,Windows 11 Pro,"35.6 cm (14) diagonal, FHD, IPS display",Intel® Iris® Xᶱ Graphics,16 GB DDR4 RAM,1 TB SSD Hard Drive,No,hp 215 39.6 cm (15.6) laptop backpack ,16.0,1,SSD,512,12001.0,Intel,i7,Premium,Integrated,Premium,1,0,False,54.0,"Mouse, MS Office",Lenovo
HP ZBook Power 40.6 cm (16) G11 Mobile Workstation PC,3.8,"Recommended for  2D and light 3D workflows, photography, and for running multiple large Microsoft Office files.",Intel® Core™ Ultra 7 processor | Windows 11 Pro | 40.6 cm (16) diagonal WUXGA display | NVIDIA RTX™ A500 graphics | 16 GB DDR5-5600 RAM | 1 TB SSD Solid State Drive,A8WN3PT,183652.0,279605.0,,https://www.hp.com/in-en/shop/hp-zbook-power-16-g11-mobile-workstation-pc-a8wn3pt.html,Intel® Core™ Ultra 7 processor,Windows 11 Pro,40.6 cm (16) diagonal WUXGA display,NVIDIA RTX™ A500 graphics,16 GB DDR5-5600 RAM,1 TB SSD Solid State Drive,No,none,8.0,1,SSD,1024,91606.0,Intel,i5,Premium,Dedicated,Premium,0,1,False,53.0,"Backpack, Mouse, MS Office",Lenovo
"HP Laptop 39.6 cm (15.6) 15-fd0640TU, Silver",4.5,A reliably built laptop to keep you in the zone,Intel® Core™ 5-120U processor | Windows 11 Home | 39.6 cm (15.6) diagonal FHD display | Intel® UHD Graphics | 16 GB DDR4-3200 RAM | 512 GB SSD Hard Drive,BX9R8PA,55771.0,69629.0,HP X Entry Backpack worth  ₹1999.00 | Microsoft Office Home 2024 Lifetime Subscription worth ₹9199.00 | 1 year Microsoft 365 basic subscription,https://www.hp.com/in-en/shop/hp-laptop-15-fd0640tu-bx9r8pa.html,Intel® Core™ 5-120U processor,Windows 11 Home,39.6 cm (15.6) diagonal FHD display,Intel® UHD Graphics,16 GB DDR4-3200 RAM,512 GB SSD Hard Drive,1 year Microsoft 365 basic subscription,hp x entry backpack ,32.0,512,SSD,256,10130.0,AMD,Ryzen 5,Normal,Integrated,Mid-Range,0,0,False,55.5,"Backpack, Mouse, MS Office",Lenovo
"HP EliteBook 845 35.6 cm (14) G9 Notebook PC, Silver",5.0,Work where you’re needed,"AMD Ryzen™ 7 PRO processor | FreeDOS | 35.6 cm (14) diagonal, WUXGA, IPS display | AMD Radeon™ 660M Graphics | 16 GB DDR5-4800 RAM | 512 GB SSD Hard Drive",B25U7AT,77036.0,107640.0,,https://www.hp.com/in-en/shop/hp-elitebook-845-14-g9-notebook-pc-b25u7at.html,AMD Ryzen™ 7 PRO processor,Unknown,"35.6 cm (14) diagonal, WUXGA, IPS display",AMD Radeon™ 660M Graphics,16 GB DDR5-4800 RAM,512 GB SSD Hard Drive,No,none,16.0,512,SSD,512,32141.0,Intel,i7,Normal,Integrated,Mid-Range,0,0,False,58.0,,Lenovo
"HP EliteBook 840 35.6 cm (14) G11 Notebook PC, Silver",3.7143,The enterprise notebook that’s anything but ordinary,"Intel® Core™ Ultra 7 processor | Windows 11 Pro | 35.6 cm (14) diagonal, WUXGA, 300 nits, IPS touch display | Intel® Arc™ Graphics | 16 GB DDR5-5600 RAM | 1 TB SSD Hard Drive",B86BCPT,129062.0,154615.0,"HP 215 39.6 cm (15.6) Laptop Backpack worth ₹ 1,785",https://www.hp.com/in-en/shop/hp-elitebook-840-14-inch-g11-notebook-pc-b86bcpt.html,Intel® Core™ Ultra 7 processor,Windows 11 Pro,"35.6 cm (14) diagonal, WUXGA, 300 nits, IPS touch display",Intel® Arc™ Graphics,16 GB DDR5-5600 RAM,1 TB SSD Hard Drive,No,hp 215 39.6 cm (15.6) laptop backpack ,32.0,1,SSD,512,21616.0,AMD,Ryzen 7,Premium,Integrated,Premium,1,0,False,52.5715,Mouse,Lenovo
HP ZBook Power 40.6 cm (16) G11 Mobile Workstation PC,3.8,"Recommended for  2D and light 3D workflows, photography, and for running multiple large Microsoft Office files.",Intel® Core™ Ultra 7 processor | Windows 11 Pro | 40.6 cm (16) diagonal WUXGA display | NVIDIA RTX™ A500 Graphics | 32 GB DDR5-5600 RAM | 1 TB SSD Solid State Drive,A8WN2PT,196851.0,293862.0,,https://www.hp.com/in-en/shop/hp-zbook-power-16-g11-mobile-workstation-pc-a8wn2pt.html,Intel® Core™ Ultra 7 processor,Windows 11 Pro,40.6 cm (16) diagonal WUXGA display,NVIDIA RTX™ A500 Graphics,32 GB DDR5-5600 RAM,1 TB SSD Solid State Drive,No,none,16.0,1,SSD,1024,97363.0,AMD,Ryzen 7,Premium,Dedicated,Premium,0,0,False,85.0,"Mouse, MS Office",Lenovo
"HP Pavilion Plus 35.6 cm (14) Laptop 14-ew0108TU, Blue",4.8333,"Unleash your potential with the HP Pavilion Plus 14"" Laptop",13th Generation Intel® Core™ i5 processor | Windows 11 Home | 35.6 cm (14) diagonal 2K display | Intel® Iris® Xᵉ Graphics | 16 GB LPDDR5x-5200 RAM | 512 GB SSD Hard Drive,B6PA5PA,80544.0,95006.0,"HP 310 15.6 Laptop Backpack worth ₹2,999.00 | Microsoft Office Home 2024 Lifetime Subscription worth ₹9199.00 | 1 year Microsoft 365 basic subscription",https://www.hp.com/in-en/shop/hp-pavilion-plus-laptop-14-ew0108tu-b6pa5pa.html,13th Generation Intel® Core™ i5 processor,Windows 11 Home,35.6 cm (14) diagonal 2K display,Intel® Iris® Xᵉ Graphics,16 GB LPDDR5x-5200 RAM,512 GB SSD Hard Drive,1 year Microsoft 365 basic subscription,hp 310 15.6 laptop backpack ,32.0,512,SSD,1024,16507.0,AMD,Ryzen 3,Normal,Integrated,Premium,1,1,False,57.1665,"Mouse, MS Office",Lenovo
"HP Pavilion 40.6 cm (16) Laptop 16-ag0019AU, Silver",4.3333,Create on a PC that has all the power you need,"AMD Ryzen™ 5 processor | Windows 11 Home | 40.6 cm (16) diagonal, WUXGA IPS display | AMD Radeon™ Graphics | 16 GB LPDDR5 RAM | 512 GB SSD Hard Drive",A1UD7PA,70764.0,76923.0,"HP 310 15.6 Laptop Backpack worth ₹2,999.00",https://www.hp.com/in-en/shop/hp-pavilion-laptop-16-ag0019au-a1ud7pa.html,AMD Ryzen™ 5 processor,Windows 11 Home,"40.6 cm (16) diagonal, WUXGA IPS display",AMD Radeon™ Graphics,16 GB LPDDR5 RAM,512 GB SSD Hard Drive,No,hp 310 15.6 laptop backpack ,16.0,512,SSD,256,10424.0,Intel,i7,Normal,Integrated,Mid-Range,1,1,False,54.6665,"Backpack, Mouse, MS Office",Lenovo
HP Laptop 39.6 cm (15.6) 15-fd0572TU,0.0,A reliably built laptop to keep you in the zone,13th Generation Intel® Core™ i3 processor | Windows 11 Home Single Language | 39.6 cm (15.6) diagonal FHD display | Intel® UHD Graphics | 8 GB DDR4-3200 RAM | 512 GB SSD Hard Drive,BG6D9PA,50605.0,52114.0,,https://www.hp.com/in-en/shop/hp-laptop-15-fd0572tu-bg6d9pa.html,13th Generation Intel® Core™ i3 processor,Windows 11 Home Single Language,39.6 cm (15.6) diagonal FHD display,Intel® UHD Graphics,8 GB DDR4-3200 RAM,512 GB SSD Hard Drive,No,none,16.0,512,SSD,512,6115.0,Intel,i3,Normal,Integrated,Mid-Range,0,0,False,17.0,"Mouse, MS Office",Lenovo
"HP ZBook 8 G1i 40.6 cm (16) Mobile Workstation PC, Silver",0.0,Step up performance. Not size.,"Intel® Core™ Ultra 7 processor | Windows 11 Pro | 40.6 cm (16) diagonal, WUXGA IPS display | NVIDIA RTX™ 500 Ada Generation Laptop GPU | 16 GB DDR5-5600 RAM | 1 TB SSD Solid State Drive",C1JQ2PT,164020.0,267171.0,"HP 215 39.6 cm (15.6) Laptop Backpack worth ₹ 1,785",https://www.hp.com/in-en/shop/hp-zbook-8-g1i-16-inch-mobile-workstation-pc-data-science-c1jq2pt.html,Intel® Core™ Ultra 7 processor,Windows 11 Pro,"40.6 cm (16) diagonal, WUXGA IPS display",Integrated,16 GB DDR5-5600 RAM,1 TB SSD Solid State Drive,No,hp 215 39.6 cm (15.6) laptop backpack ,16.0,1,SSD,256,104672.0,AMD,Ryzen 3,Premium,Integrated,Premium,0,0,False,34.0,"Mouse, MS Office",Lenovo
"HP EliteBook 8 Flip G1i 33.8 cm (13.3) Notebook AI PC, Silver",0.0,"Flip flexibility meets AI performance, ready for any task","Intel® Core™ Ultra 5 processor | Windows 11 Pro | 33.8 cm (13.3) diagonal, WUXGA, IPS, 800 nits, 100% sRGB touch display | Intel® Graphics | 32 GB RAM | 1 TB SSD Hard Drive",BQ8J1PT,196635.0,199136.0,,https://www.hp.com/in-en/shop/elitebook-8-13-inch-flip-g1i-bq8j1pt.html,Intel® Core™ Ultra 5 processor,Windows 11 Pro,"33.8 cm (13.3) diagonal, WUXGA, IPS, 800 nits, 100% sRGB touch display",Intel® Graphics,32 GB RAM,1 TB SSD Hard Drive,No,none,16.0,1,SSD,1024,1137.0,AMD,Ryzen 5,Premium,Integrated,Premium,1,1,False,66.0,"Backpack, Mouse, MS Office",Lenovo
"HP Laptop 35.6 cm (14) 14-ep0342TU, Silver",3.5,Powerfully and responsibly made to get things done everyday,"13th Generation Intel® Core™ i5 processor | Windows 11 Home | 35.6 cm (14) diagonal, FHD display | Intel® Iris® Xᵉ Graphics | 16 GB DDR4 RAM | 512 GB SSD Hard Drive",BG6D5PA,56742.0,67811.0,HP X Entry Backpack worth  ₹1999.00 | Microsoft Office Home 2024 Lifetime Subscription worth ₹9199.00,https://www.hp.com/in-en/shop/hp-laptop-14-ep0342tu-bg6d5pa.html,13th Generation Intel® Core™ i5 processor,Windows 11 Home,"35.6 cm (14) diagonal, FHD display",Intel® Iris® Xᵉ Graphics,16 GB DDR4 RAM,512 GB SSD Hard Drive,Microsoft Office Home 2024 Lifetime Subscription worth ₹9199.00,hp x entry backpack ,32.0,512,SSD,256,9312.0,AMD,Ryzen 5,Normal,Integrated,Mid-Range,1,1,True,50.5,Mouse,Lenovo
"HP OmniBook 5 Laptop 16-ba1008TU, Silver",3.5,The upgrade you need from HP Pavilion. Excellent for students and families.,13th Generation Intel® Core™ i5-1334U processor | Windows 11 Home | 40.5 cm (16) diagonal 2K IPS display | Intel® Iris® Xᵉ Graphic | 16 GB LPDDR5x-4800 RAM | 512 GB SSD Hard Drive,BP0J9PA,70257.0,76434.0,"HP 310 15.6 Laptop Backpack worth ₹2,999.00 | Microsoft Office Home 2024 Lifetime Subscription worth ₹9199.00 | 1 year Microsoft 365 basic subscription",https://www.hp.com/in-en/shop/hp-omnibook-5-laptop-16-ba1008tu-bp0j9pa.html,13th Generation Intel® Core™ i5-1334U processor,Windows 11 Home,40.5 cm (16) diagonal 2K IPS display,Integrated,16 GB LPDDR5x-4800 RAM,512 GB SSD Hard Drive,1 year Microsoft 365 basic subscription,hp 310 15.6 laptop backpack ,32.0,512,SSD,1024,9435.0,Intel,i7,Normal,Integrated,Mid-Range,0,1,False,50.5,"Mouse, MS Office",Lenovo
HP ZBook Firefly 35.6 cm (14) G11 Mobile Workstation PC,3.8,"Recommended for  2D and light 3D workflows, photography, and for running multiple large Microsoft Office files.","Intel® Core™ Ultra 7 processor | Windows 11 Pro | 35.6 cm (14) diagonal, WUXGA display | NVIDIA RTX™ A500 Graphics | 32 GB DDR5-5600 RAM | 1 TB SSD Solid State Drive",A1VL1PT,170916.0,268618.0,,https://www.hp.com/in-en/shop/hp-zbook-firefly-14-g11-mobile-workstation-pc-a1vl1pt.html,Intel® Core™ Ultra 7 processor,Windows 11 Pro,"35.6 cm (14) diagonal, WUXGA display",NVIDIA RTX™ A500 Graphics,32 GB DDR5-5600 RAM,1 TB SSD Solid State Drive,No,none,16.0,1,SSD,256,102619.0,AMD,Ryzen 7,Premium,Dedicated,Premium,0,1,False,85.0,,Lenovo
"HP Laptop 39.6 cm (15.6) 15-fd1253TU, Silver",0.0,A reliably built laptop to keep you in the zone,Intel® Core™ 3 processor | Windows 11 Home Single Language | 39.6 cm (15.6) diagonal FHD display | Intel® Graphics | 8 GB DDR4 RAM | 512 GB SSD Hard Drive,BG6E5PA,45631.0,50902.0,Microsoft Office Home 2024 Lifetime Subscription worth ₹9199.00,https://www.hp.com/in-en/shop/hp-laptop-15-fd1253tu-bg6e5pa.html,Intel® Core™ 3 processor,Windows 11 Home Single Language,39.6 cm (15.6) diagonal FHD display,Intel® Graphics,8 GB DDR4 RAM,512 GB SSD Hard Drive,Microsoft Office Home 2024 Lifetime Subscription worth ₹9199.00,none,32.0,512,SSD,1024,6903.0,Intel,i3,Normal,Integrated,Mid-Range,1,1,True,17.0,"Mouse, MS Office",Lenovo
"HP EliteBook 640 35.6 cm (14) G10 Notebook PC, Silver",0.0,Empowering the hybrid workforce,"13th Generation Intel® Core™ i7 processor | Windows 11 Pro | 35.6 cm (14) diagonal, FHD IPS display | Intel® UHD Graphics | 16 GB DDR4-3200 RAM | 1 TB SSD Hard Drive",B81TYPT,118194.0,134073.0,"HP 215 39.6 cm (15.6) Laptop Backpack worth ₹ 1,785",https://www.hp.com/in-en/shop/hp-elitebook-640-14-inch-g10-notebook-pc-b81typt.html,13th Generation Intel® Core™ i7 processor,Windows 11 Pro,"35.6 cm (14) diagonal, FHD IPS display",Intel® UHD Graphics,16 GB DDR4-3200 RAM,1 TB SSD Hard Drive,No,hp 215 39.6 cm (15.6) laptop backpack ,32.0,1,SSD,512,20074.0,Intel,i5,Premium,Integrated,Premium,0,0,False,34.0,"Mouse, MS Office",Lenovo
"HP Laptop 39.6 cm (15.6) 15-fd1354TU, Silver",0.0,Reliable computing yet stylish laptop that makes the wallet happy,"Intel® Core™ Ultra 5-125H processor | Windows 11 Home Single Language | 39.6 cm (15.6) diagonal FHD, IPS, anti-glare display | Intel® Arc™ Graphics | 16 GB DDR5-5600 RAM | 1 TB SSD Hard Drive",C72QKPA,69603.0,79930.0,HP X Entry Backpack worth  ₹1999.00,https://www.hp.com/in-en/shop/hp-laptop-15-fd1354tu-c72qkpa.html,Intel® Core™ Ultra 5-125H processor,Windows 11 Home Single Language,"39.6 cm (15.6) diagonal FHD, IPS, anti-glare display",Intel® Arc™ Graphics,16 GB DDR5-5600 RAM,1 TB SSD Hard Drive,No,hp x entry backpack ,8.0,1,SSD,1024,8931.0,Intel,i3,Normal,Integrated,Mid-Range,1,1,False,34.0,,Lenovo
"HP Laptop 35.6 cm (14) 14-ep1181TU, Silver",0.0,Reliable computing yet stylish laptop that makes the wallet happy,"Intel® Core™ Ultra 7-155H processor | Windows 11 Home | 35.6 cm (14) diagonal, FHD, anti-glare display | Intel® Arc™ Graphics | 24 GB DDR5-5600 RAM | 1 TB SSD Hard Drive",CJ9E0PA,83291.0,93262.0,HP X Entry Backpack worth  ₹1999.00 | Microsoft Office Home 2024 Lifetime Subscription worth ₹9199.00,https://www.hp.com/in-en/shop/hp-laptop-14-ep1181tu-cj9e0pa.html,Intel® Core™ Ultra 7-155H processor,Windows 11 Home,"35.6 cm (14) diagonal, FHD, anti-glare display",Intel® Arc™ Graphics,24 GB DDR5-5600 RAM,1 TB SSD Hard Drive,Microsoft Office Home 2024 Lifetime Subscription worth ₹9199.00,hp x entry backpack ,8.0,1,SSD,256,9763.0,AMD,Ryzen 7,Premium,Integrated,Premium,1,0,True,50.0,"Mouse, MS Office",Lenovo
"HP Laptop 35.6 cm (14) 14-ep1150TU, Silver",0.0,Reliable computing yet stylish laptop that makes the wallet happy,"Intel® Core™ Ultra 5-125H processor | Windows 11 Home | 35.6 cm (14) diagonal, FHD, anti-glare display | Intel® Arc™ Graphics | 16 GB DDR5-5600 RAM | 512 GB SSD Hard Drive",C72QGPA,66519.0,73870.0,HP X Entry Backpack worth  ₹1999.00 | Microsoft Office Home 2024 Lifetime Subscription worth ₹9199.00,https://www.hp.com/in-en/shop/hp-laptop-14-ep1150tu-c72qgpa.html,Intel® Core™ Ultra 5-125H processor,Windows 11 Home,"35.6 cm (14) diagonal, FHD, anti-glare display",Intel® Arc™ Graphics,16 GB DDR5-5600 RAM,512 GB SSD Hard Drive,Microsoft Office Home 2024 Lifetime Subscription worth ₹9199.00,hp x entry backpack ,32.0,512,SSD,512,4871.0,AMD,Ryzen 3,Normal,Integrated,Mid-Range,0,0,True,33.0,"Mouse, MS Office",Lenovo
"HP ProBook 4 G1i 35.6 cm (14) Laptop AI PC, Silver",0.0,Affordable devices designed with business in mind; commercial grade features with durable design,"Intel® Core™ Ultra 7 processor | Windows 11 Pro | 35.6 cm (14) diagonal, WUXGA, IPS display | Intel® Graphics | 16 GB DDR5-5600 RAM | 1 TB SSD Hard Drive",CG1Z9PA,137854.0,141954.0,,https://www.hp.com/in-en/shop/hp-probook-4-g1i-14-notebook-ai-pc-cg1z9pa.html,Intel® Core™ Ultra 7 processor,Windows 11 Pro,"35.6 cm (14) diagonal, WUXGA, IPS display",Intel® Graphics,16 GB DDR5-5600 RAM,1 TB SSD Hard Drive,No,none,32.0,1,SSD,256,1455.0,AMD,Ryzen 7,Premium,Integrated,Premium,1,1,False,34.0,"Backpack, Mouse, MS Office",Lenovo
"HP OmniBook 5 Next Gen AI 14-he0015QU, Silver",5.0,Copilot+ PC.The upgrade you need from HP Pavilion. Excellent for students and families.,Snapdragon® X processor | Windows 11 Home | 35.6 cm (14) diagonal 2K OLED display | Qualcomm® Adreno™ GPU | 16 GB LPDDR5x-8448 RAM | 1 TB SSD Hard Drive,C08Q7PA,81076.0,88225.0,"HP 310 15.6 Laptop Backpack worth ₹2,999.00 | Microsoft Office Home 2024 Lifetime Subscription worth ₹9199.00 | 1 year Microsoft 365 basic subscription",https://www.hp.com/in-en/shop/hp-omnibook-5-next-gen-ai-14-he0015qu-c08q7pa.html,Snapdragon® X processor,Windows 11 Home,35.6 cm (14) diagonal 2K OLED display,Integrated,16 GB LPDDR5x-8448 RAM,1 TB SSD Hard Drive,1 year Microsoft 365 basic subscription,hp 310 15.6 laptop backpack ,32.0,1,SSD,256,8726.0,Intel,i5,Normal,Integrated,Premium,0,1,False,59.0,"Mouse, MS Office",Lenovo
HP Pavilion Aero 33.8 cm (13) Laptop 13-bg0017AU,4.5,"Stream, listen, browse and do all the things. More modern, more premium design elements on mainstream devices for a great price","AMD Ryzen™ 7-8840U processor | Windows 11 Home | 33.8 cm (13.3) diagonal, WUXGA 400 nits display | AMD Radeon™ Graphics | 16 GB LPDDR5x RAM | 512 GB SSD Hard Drive",A1RA7PA,90175.0,103975.0,Microsoft Office Home & Student 2021 Lifetime Subscription worth ₹9199.00,https://www.hp.com/in-en/shop/hp-pavilion-aero-laptop-13-bg0017au-a1ra7pa.html,AMD Ryzen™ 7-8840U processor,Windows 11 Home,"33.8 cm (13.3) diagonal, WUXGA 400 nits display",AMD Radeon™ Graphics,16 GB LPDDR5x RAM,512 GB SSD Hard Drive,Microsoft Office Home & Student 2021 Lifetime Subscription worth ₹9199.00,none,32.0,512,SSD,256,15976.0,Intel,i3,Premium,Integrated,Premium,1,0,True,55.5,"Backpack, Mouse, MS Office",Lenovo
"HP 255R 39.6 cm (15.6) G10 Business Laptop PC, Silver",0.0,"Compact and reliable, value-packed notebooks with essential business features to help you excel in hybrid work","AMD Ryzen™ 3 processor | FreeDOS 3.0 | 39.6 cm (15.6) diagonal, FHD, SVA display | AMD Radeon™ 660M Graphics | 16 GB DDR5-4800 RAM | 512 GB SSD Hard Drive",C8HS9AT,37702.0,47344.0,"HP 215 39.6 cm (15.6) Laptop Backpack worth ₹ 1,785",https://www.hp.com/in-en/shop/hp-255r-15-6-inch-g10-notebook-pc-c8hs9at.html,AMD Ryzen™ 3 processor,Unknown,"39.6 cm (15.6) diagonal, FHD, SVA display",AMD Radeon™ 660M Graphics,16 GB DDR5-4800 RAM,512 GB SSD Hard Drive,No,hp 215 39.6 cm (15.6) laptop backpack ,8.0,512,SSD,512,7345.0,Intel,i3,Normal,Integrated,Budget,1,1,False,33.0,,Lenovo
"HP EliteBook 8 Flip G1i 33.8 cm (13.3) Notebook AI PC, Silver",0.0,"Flip flexibility meets AI performance, ready for any task","Intel® Core™ Ultra 5 processor | Windows 11 Pro | 33.8 cm (13.3) diagonal, WUXGA, IPS, 800 nits, 100% sRGB touch display | Intel® Graphics | 32 GB RAM | 1 TB SSD Hard Drive",BQ8J1PT,193484.0,199136.0,,https://www.hp.com/in-en/shop/elitebook-8-13-inch-flip-g1i-bq8j1pt.html,Intel® Core™ Ultra 5 processor,Windows 11 Pro,"33.8 cm (13.3) diagonal, WUXGA, IPS, 800 nits, 100% sRGB touch display",Intel® Graphics,32 GB RAM,1 TB SSD Hard Drive,No,none,32.0,1,SSD,1024,1137.0,AMD,Ryzen 5,Premium,Integrated,Premium,0,0,False,66.0,"Backpack, Mouse, MS Office",Lenovo
"HP EliteBook 6 G1i 35.6 cm (14) Notebook Next Gen AI PC, Silver",0.0,AI-ready for enterprise productivity,"Intel® Core™ Ultra 7 processor | Windows 11 Pro | 35.6 cm (14) diagonal WUXGA, IPS, 800 nits display | Intel® Graphics | 64 GB DDR5-5600 RAM | 1 TB SSD Hard Drive",BQ8J8PT,208787.0,206534.0,,https://www.hp.com/in-en/shop/hp-elitebook-6-g1i-14-inch-notebook-next-gen-ai-pc-bq8j8pt.html,Intel® Core™ Ultra 7 processor,Windows 11 Pro,"35.6 cm (14) diagonal WUXGA, IPS, 800 nits display",Intel® Graphics,64 GB DDR5-5600 RAM,1 TB SSD Hard Drive,No,none,8.0,1,SSD,1024,1535.0,Intel,i7,Premium,Integrated,Premium,1,1,False,130.0,,Lenovo
"HP OMEN 40.6 cm (16) Gaming Laptop 16-ap0165AX, Black",4.5,Copilot+ PC.Pro Gaming. Built for unbelievable speed and immersive gameplay.,"AMD Ryzen™ AI 7 processor | Windows 11 Home | 40.6 cm (16) diagonal, 2K, 165Hz, IPS, anti-glare, Low Blue Light, 400 nits display | NVIDIA® GeForce RTX™ 5050 8 GB | 24 GB DDR5-5600 RAM | 1 TB SSD Hard Drive",C2XD2PA,134411.0,162996.0,Microsoft Office Home 2024 Lifetime Subscription worth ₹9199.00 | 1 year Microsoft 365 basic subscription,https://www.hp.com/in-en/shop/hp-omen-gaming-laptop-16-ap0165ax-c2xd2pa.html,AMD Ryzen™ AI 7 processor,Windows 11 Home,"40.6 cm (16) diagonal, 2K, 165Hz, IPS, anti-glare, Low Blue Light, 400 nits display",Integrated,24 GB DDR5-5600 RAM,1 TB SSD Hard Drive,1 year Microsoft 365 basic subscription,none,16.0,1,SSD,1024,23997.0,AMD,Ryzen 5,Premium,Integrated,Premium,1,0,False,72.5,"Backpack, Mouse, MS Office",Lenovo
"HP OMEN Gaming Laptop 16, Black, Ultra 7-255H (16C), RTX 5050 8GB, 16 GB",0.0,Bold performance without the burnout,"Intel® Core™ Ultra 7 255H (16C) processor | Windows 11 Home | 40.6 cm (16) diagonal, 2K, IPS, anti-glare, Low Blue Light, 165 Hz, 400 nits display | NVIDIA® GeForce RTX™ 5050 8GB | 16 GB DDR5 RAM | 1 TB SSD Hard Drive",BP4P1PA,146509.0,165244.0,Microsoft Office Home 2024 Lifetime Subscription worth ₹9199.00 | Microsoft Xbox Game Pass 3 month,https://www.hp.com/in-en/shop/hp-omen-gaming-laptop-16-am0068tx-bp4p1pa.html,Intel® Core™ Ultra 7 255H (16C) processor,Windows 11 Home,"40.6 cm (16) diagonal, 2K, IPS, anti-glare, Low Blue Light, 165 Hz, 400 nits display",Integrated,16 GB DDR5 RAM,1 TB SSD Hard Drive,Microsoft Xbox Game Pass 3 month,none,8.0,1,SSD,256,18245.0,Intel,i5,Premium,Integrated,Premium,1,0,False,34.0,"Backpack, Mouse, MS Office",Lenovo
HP ZBook Studio 40.64cm (16) G10 Mobile Workstation PC,0.0,"Recommended for  2D and light 3D workflows, photography, and for running multiple large Microsoft Office files.",13th Generation Intel® Core™ i9 processor | Windows 11 Pro | 40.6 cm (16) diagonal WUXGA display | NVIDIA® GeForce RTX™ 4080 | 32 GB DDR5 RAM | 2 TB SSD Solid State Drive,8L168PA,416951.0,519957.0,Evon Essential Series Black Bagpack,https://www.hp.com/in-en/shop/hp-zbook-studio-16-g10-mobile-workstation-pc-8l168pa.html,13th Generation Intel® Core™ i9 processor,Windows 11 Pro,40.6 cm (16) diagonal WUXGA display,Integrated,32 GB DDR5 RAM,2 TB SSD Solid State Drive,No,evon essential series black bagpack,16.0,2,SSD,256,100458.0,Intel,i7,Premium,Integrated,Premium,1,1,False,68.0,,Lenovo
"HP OMEN MAX 40.6 cm (16) Gaming Laptop 16-ah0152TX, Black",0.0,Maximize gaming power with the OMEN range featuring a large display for the most immersive gaming experience.,"Intel® Core™ Ultra 7 processor | Windows 11 Home | 40.6 cm (16) diagonal, 2K (1920 x 1200) Antiglare Low Blue Light 400 nits [A4NT5AV], 60-165 Hz, 3 ms response time, IPS | NVIDIA® GeForce RTX™ 5080 (16 GB) | 64 GB DDR5-5600 RAM | 1 TB SSD Hard Drive",BQ6N9PA,275231.0,314751.0,,https://www.hp.com/in-en/shop/omen-max-gaming-laptop-16-ah0152tx-bq6n9pa.html,Intel® Core™ Ultra 7 processor,Windows 11 Home,"40.6 cm (16) diagonal, 2K (1920 x 1200) Antiglare Low Blue Light 400 nits [A4NT5AV], 60-165 Hz, 3 ms response time, IPS",Integrated,64 GB DDR5-5600 RAM,1 TB SSD Hard Drive,No,none,16.0,1,SSD,256,34752.0,Intel,i5,Premium,Integrated,Premium,0,1,False,130.0,"Mouse, MS Office",Lenovo
"HP EliteBook 840 35.6 cm (14) G11 Business Laptop PC, Silver",3.7143,The enterprise notebook that’s anything but ordinary,Intel® Core™ Ultra 7 processor | Windows 11 Pro | 35.6 cm (14) diagonal WUXGA display | Intel® Arc™ Graphics | 16 GB DDR5 RAM | 1 TB SSD Hard Drive,B85WQPT,132552.0,150199.0,,https://www.hp.com/in-en/shop/hp-elitebook-840-14-inch-g11-notebook-pc-b85wqpt.html,Intel® Core™ Ultra 7 processor,Windows 11 Pro,35.6 cm (14) diagonal WUXGA display,Intel® Arc™ Graphics,16 GB DDR5 RAM,1 TB SSD Hard Drive,No,none,8.0,1,SSD,256,22200.0,Intel,i3,Premium,Integrated,Premium,0,0,False,52.5715,"Mouse, MS Office",Lenovo
HP ZBook Fury 40.6 cm (16) G11,1.950016958,,"up to 14th Generation Intel® Core™ i9 processor | Windows 11 Pro | up to NVIDIA RTX™ 5000 Ada Generation Laptop GPU | up to 128GB RAM | up to 2 TB SSD Solid State Drive | Fingerprint reader, Audio by Poly Studio, Spill resistant and backlit keyboard",zbookfuryg11,284577.0,,,https://www.hp.com/in-en/shop/hp-zbook-fury-40-6-cm-16-g11.html,up to 14th Generation Intel® Core™ i9 processor,Windows 11 Pro,,Integrated,up to 128GB RAM,up to 2 TB SSD Solid State Drive,No,none,16.0,2,SSD,256,,AMD,Ryzen 7,Premium,Integrated,Premium,0,1,False,269.7500848,"Backpack, Mouse, MS Office",Lenovo
"HP Laptop 39.6 cm (15.6) 15-fc0155AU, Silver",2.8333,Reliable computing yet stylish laptop that makes the wallet happy,"AMD Ryzen™ 5-7520U processor | Windows 11 Home | 39.6 cm (15.6) diagonal, FHD display | AMD Radeon™ Graphics | 8 GB LPDDR5-5500 RAM | 512 GB SSD Hard Drive",9D3M9PA,41805.0,54551.0,Microsoft Office Home & Student 2021 Lifetime Subscription worth ₹9199.00 | HP X Entry Backpack worth  ₹1999.00,https://www.hp.com/in-en/shop/hp-laptop-15-fc0155au-9d3m9pa.html,AMD Ryzen™ 5-7520U processor,Windows 11 Home,"39.6 cm (15.6) diagonal, FHD display",AMD Radeon™ Graphics,8 GB LPDDR5-5500 RAM,512 GB SSD Hard Drive,Microsoft Office Home & Student 2021 Lifetime Subscription worth ₹9199.00,hp x entry backpack ,8.0,512,SSD,1024,15051.0,AMD,Ryzen 3,Normal,Integrated,Mid-Range,0,1,True,31.1665,"Mouse, MS Office",Lenovo
"HP ProBook 4 G1q 35.6 cm (14) Notebook Next Gen AI PC, Silver",0.0,Copilot+ PC.Power your business with next-gen AI performance,"Snapdragon® X processor | Windows 11 Pro | 35.6 cm (14) diagonal, WUXGA, IPS, 300 nits display | Qualcomm® Adreno™ GPU | 32 GB LPDDR5x-8533 RAM | 1 TB SSD Hard Drive",C22NHAT,97559.0,111222.0,,https://www.hp.com/in-en/shop/hp-probook-4-g1q-14-notebook-next-gen-ai-pc-c22nhat.html,Snapdragon® X processor,Windows 11 Pro,"35.6 cm (14) diagonal, WUXGA, IPS, 300 nits display",Integrated,32 GB LPDDR5x-8533 RAM,1 TB SSD Hard Drive,No,none,32.0,1,SSD,512,12723.0,AMD,Ryzen 3,Premium,Integrated,Premium,1,0,False,66.0,"Backpack, Mouse, MS Office",Lenovo
HP ZBook Firefly 40.6 cm (16) G11 Mobile Workstation PC,5.0,"Recommended for  2D and light 3D workflows, photography, and for running multiple large Microsoft Office files.","Intel® Core™ Ultra 7 processor | Windows 11 Pro | 40.6 cm (16) diagonal, WUXGA display | NVIDIA RTX™ A500 Graphics | 16 GB DDR5-5600 MHz RAM | 1 TB SSD Solid State Drive",A1VX6PT,159227.0,237854.0,,https://www.hp.com/in-en/shop/hp-zbook-firefly-16-g11-mobile-workstation-pc-a1vx6pt.html,Intel® Core™ Ultra 7 processor,Windows 11 Pro,"40.6 cm (16) diagonal, WUXGA display",NVIDIA RTX™ A500 Graphics,16 GB DDR5-5600 MHz RAM,1 TB SSD Solid State Drive,No,none,32.0,1,SSD,256,80355.0,AMD,Ryzen 5,Premium,Dedicated,Premium,1,0,False,59.0,,Lenovo
"HP OmniBook 3 NGAI 15-fn0007AU, Silver",5.0,"Copilot+ PC.Simple, reliable, and built for everyday life.","AMD Ryzen™ AI 5 processor | Windows 11 Home | 39.6 cm (15.6) diagonal, FHD (1920 x 1080), micro-edge, anti-glare, 250 nits | AMD Radeon™ 840M Graphics | 16 GB DDR5-5600 MT/s RAM | 512 GB SSD Hard Drive",BL1W8PA,66389.0,76294.0,Microsoft Office Home 2024 Lifetime Subscription worth ₹9199.00 | 1 year Microsoft 365 basic subscription,https://www.hp.com/in-en/shop/hp-omnibook-3-ngai-15-fn0007au-bl1w8pa.html,AMD Ryzen™ AI 5 processor,Windows 11 Home,"39.6 cm (15.6) diagonal, FHD (1920 x 1080), micro-edge, anti-glare, 250 nits",AMD Radeon™ 840M Graphics,16 GB DDR5-5600 MT/s RAM,512 GB SSD Hard Drive,1 year Microsoft 365 basic subscription,none,32.0,512,SSD,256,12795.0,Intel,i7,Normal,Integrated,Mid-Range,1,0,False,58.0,"Mouse, MS Office",Lenovo
"HP 255R 39.6 cm (15.6) G10 Business Laptop PC, Silver",0.0,"Compact and reliable, value-packed notebooks with essential business features to help you excel in hybrid work","AMD Ryzen™ 3 processor | FreeDOS 3.0 | 39.6 cm (15.6) diagonal, FHD, SVA display | AMD Radeon™ 660M Graphics | 16 GB DDR5-4800 RAM | 512 GB SSD Hard Drive",C8HS9AT,39926.0,47344.0,"HP 215 39.6 cm (15.6) Laptop Backpack worth ₹ 1,785",https://www.hp.com/in-en/shop/hp-255r-15-6-inch-g10-notebook-pc-c8hs9at.html,AMD Ryzen™ 3 processor,Unknown,"39.6 cm (15.6) diagonal, FHD, SVA display",AMD Radeon™ 660M Graphics,16 GB DDR5-4800 RAM,512 GB SSD Hard Drive,No,hp 215 39.6 cm (15.6) laptop backpack ,32.0,512,SSD,1024,7345.0,Intel,i7,Normal,Integrated,Budget,1,1,False,33.0,,Lenovo
"HP Laptop 35.6 cm (14) 14-ep1150TU, Silver",0.0,Reliable computing yet stylish laptop that makes the wallet happy,"Intel® Core™ Ultra 5-125H processor | Windows 11 Home | 35.6 cm (14) diagonal, FHD, anti-glare display | Intel® Arc™ Graphics | 16 GB DDR5-5600 RAM | 512 GB SSD Hard Drive",C72QGPA,71914.0,73870.0,HP X Entry Backpack worth  ₹1999.00 | Microsoft Office Home 2024 Lifetime Subscription worth ₹9199.00,https://www.hp.com/in-en/shop/hp-laptop-14-ep1150tu-c72qgpa.html,Intel® Core™ Ultra 5-125H processor,Windows 11 Home,"35.6 cm (14) diagonal, FHD, anti-glare display",Intel® Arc™ Graphics,16 GB DDR5-5600 RAM,512 GB SSD Hard Drive,Microsoft Office Home 2024 Lifetime Subscription worth ₹9199.00,hp x entry backpack ,16.0,512,SSD,1024,4871.0,Intel,i7,Normal,Integrated,Mid-Range,1,0,True,33.0,"Mouse, MS Office",Lenovo
"HP EliteBook X Flip G1i 35.6 cm (14) Notebook Next Gen AI PC, Blue",0.0,Copilot+ PC.Drive strategy with the efficiency and power of next-gen AI,Intel® Core™ Ultra 7 processor | Windows 11 Pro | 35.6 cm (14) diagonal WUXGA touch display | Intel® Arc™ Graphics | 32 GB LPDDR5x RAM | 1 TB SSD Hard Drive,B8QX8PT,212228.0,235445.0,"HP 215 39.6 cm (15.6) Laptop Backpack worth ₹ 1,785",https://www.hp.com/in-en/shop/hp-elitebook-x-flip-g1i-14-inch-notebook-next-gen-ai-pc-b8qx8pt.html,Intel® Core™ Ultra 7 processor,Windows 11 Pro,35.6 cm (14) diagonal WUXGA touch display,Intel® Arc™ Graphics,32 GB LPDDR5x RAM,1 TB SSD Hard Drive,No,hp 215 39.6 cm (15.6) laptop backpack ,16.0,1,SSD,1024,20946.0,AMD,Ryzen 7,Premium,Integrated,Premium,0,0,False,66.0,"Backpack, Mouse, MS Office",Lenovo
"HP Laptop 39.6 cm (15.6) 15-fd0549TU, Silver",0.0,A reliably built laptop to keep you in the zone,13th Generation Intel® Core™ i5 processor | Windows 11 Home | 39.6 cm (15.6) diagonal FHD display | Intel® Graphics | 8 GB DDR4 RAM | 1 TB SSD Hard Drive,B9NQ1PA,59575.0,72053.0,HP X Entry Backpack worth  ₹1999.00 | Microsoft Office Home 2024 Lifetime Subscription worth ₹9199.00 | 1 year Microsoft 365 basic subscription,https://www.hp.com/in-en/shop/hp-laptop-15-fd0549tu-b9nq1pa.html,13th Generation Intel® Core™ i5 processor,Windows 11 Home,39.6 cm (15.6) diagonal FHD display,Intel® Graphics,8 GB DDR4 RAM,1 TB SSD Hard Drive,1 year Microsoft 365 basic subscription,hp x entry backpack ,16.0,1,SSD,512,9554.0,Intel,i3,Normal,Integrated,Mid-Range,0,1,False,18.0,"Mouse, MS Office",Lenovo
"HP ZBook Firefly 40.6 cm (16) G11 Mobile Workstation PC, Silver",4.6667,Step up performance. Not size,"Intel® Core™ Ultra 7 processor | Windows 11 Pro | 40.6 cm (16) diagonal, WUXGA IPS display | Intel® UMA Graphics | 32 GB DDR5-5600 RAM | 1 TB SSD Solid State Drive",A1VT4PT,158238.0,246301.0,"FREE Bag (35L98AA) worth ₹ 1,785",https://www.hp.com/in-en/shop/hp-zbook-firefly-16-inch-g11-mobile-workstation-pc-a1vt4pt.html,Intel® Core™ Ultra 7 processor,Windows 11 Pro,"40.6 cm (16) diagonal, WUXGA IPS display",Intel® UMA Graphics,32 GB DDR5-5600 RAM,1 TB SSD Solid State Drive,No,free bag (35l98aa) ,8.0,1,SSD,1024,90246.0,AMD,Ryzen 5,Premium,Integrated,Premium,1,0,False,89.3335,Mouse,Lenovo
"HP OmniBook 7 35.6 cm (14) Laptop 14-fs0789TU, Silver",0.0,Engineered for durability and performance for power users and students.,"Intel® Core™ 5-210H processor | Windows 11 Home | 35.6 cm (14) diagonal, 2K, IPS, anti-glare display | Intel® Graphics | 16 GB LPDDR5-5200 RAM | 512 GB SSD Hard Drive",BK6F6PA,86055.0,87608.0,"HP 310 15.6 Laptop Backpack worth ₹2,999.00",https://www.hp.com/in-en/shop/hp-omnibook-7-laptop-14-fs0789tu-bk6f6pa.html,Intel® Core™ 5-210H processor,Windows 11 Home,"35.6 cm (14) diagonal, 2K, IPS, anti-glare display",Intel® Graphics,16 GB LPDDR5-5200 RAM,512 GB SSD Hard Drive,No,hp 310 15.6 laptop backpack ,32.0,512,SSD,512,5609.0,AMD,Ryzen 5,Premium,Integrated,Premium,0,0,False,33.0,"Mouse, MS Office",Lenovo
HP Laptop 39.6 cm (15.6) 15-fd0572TU,0.0,A reliably built laptop to keep you in the zone,13th Generation Intel® Core™ i3 processor | Windows 11 Home Single Language | 39.6 cm (15.6) diagonal FHD display | Intel® UHD Graphics | 8 GB DDR4-3200 RAM | 512 GB SSD Hard Drive,BG6D9PA,48864.0,52114.0,,https://www.hp.com/in-en/shop/hp-laptop-15-fd0572tu-bg6d9pa.html,13th Generation Intel® Core™ i3 processor,Windows 11 Home Single Language,39.6 cm (15.6) diagonal FHD display,Intel® UHD Graphics,8 GB DDR4-3200 RAM,512 GB SSD Hard Drive,No,none,16.0,512,SSD,1024,6115.0,Intel,i3,Normal,Integrated,Mid-Range,0,1,False,17.0,"Mouse, MS Office",Lenovo
"HP OMEN MAX 40.6 cm (16) Gaming Laptop 16-ah0189TX, Black",5.0,Built to break limits,"Intel® Core™ Ultra 9 processor | Windows 11 Home | 40.6 cm (16) diagonal, WQXGA, 60-240 Hz, 3 ms response time, IPS, 500 nits | NVIDIA® GeForce RTX™ 5090 (24 GB GDDR7) | 64 GB DDR5-5600 RAM | 1 TB SSD Hard Drive",BX9S4PA,384155.0,427163.0,,https://www.hp.com/in-en/shop/hp-omen-max-gaming-laptop-16-ah0189tx-bx9s4pa.html,Intel® Core™ Ultra 9 processor,Windows 11 Home,"40.6 cm (16) diagonal, WQXGA, 60-240 Hz, 3 ms response time, IPS, 500 nits",Integrated,64 GB DDR5-5600 RAM,1 TB SSD Hard Drive,No,none,32.0,1,SSD,256,47164.0,AMD,Ryzen 7,Premium,Integrated,Premium,1,1,False,155.0,"Mouse, MS Office",Lenovo
"HP ZBook Power 39.6 cm (15.6) G10 A Mobile Workstation PC, Silver",0.0,"Recommended for  2D and light 3D workflows, photography, and for running multiple large Microsoft Office files.",AMD Ryzen™ 7 processor | Windows 11 Pro | 39.6 cm (15.6) diagonal FHD display | NVIDIA RTX™ A1000 | 32 GB DDR5 RAM | 1 TB SSD Solid State Drive,8U6X8PA,209519.0,221614.0,"FREE Bag (35L98AA) worth ₹ 1,785",https://www.hp.com/in-en/shop/hp-zbook-power-15-6-39-62-cm-g10-a-mobile-workstation-pc-8u6x8pa.html,AMD Ryzen™ 7 processor,Windows 11 Pro,39.6 cm (15.6) diagonal FHD display,Integrated,32 GB DDR5 RAM,1 TB SSD Solid State Drive,No,free bag (35l98aa) ,16.0,1,SSD,256,16707.0,AMD,Ryzen 5,Premium,Integrated,Premium,1,1,False,66.0,"Mouse, MS Office",Lenovo
"HP ProBook 445 35.6 cm (14) G11 Business Laptop PC, Silver",0.0,Affordable devices designed with business in mind; commercial grade features with durable design,"AMD Ryzen™ 7 processor | Windows 11 Pro | 35.6 cm (14) diagonal, WUXGA, IPS display | AMD Radeon™ 680M Graphics | 16 GB DDR5-4800 RAM | 512 GB SSD Hard Drive",CD9A6PT,86958.0,93334.0,"HP 215 39.6 cm (15.6) Laptop Backpack worth ₹ 1,785",https://www.hp.com/in-en/shop/hp-probook-445-14-inch-g11-notebook-pc-cd9a6pt.html,AMD Ryzen™ 7 processor,Windows 11 Pro,"35.6 cm (14) diagonal, WUXGA, IPS display",AMD Radeon™ 680M Graphics,16 GB DDR5-4800 RAM,512 GB SSD Hard Drive,No,hp 215 39.6 cm (15.6) laptop backpack ,16.0,512,SSD,512,9535.0,AMD,Ryzen 7,Premium,Integrated,Premium,0,0,False,33.0,"Mouse, MS Office",Lenovo
"HP Laptop 35.6 cm (14) 14-ep0340TU, Silver",2.6,Reliable computing yet stylish laptop that makes the wallet happy,"13th Generation Intel® Core™ i5 processor | Windows 11 Home | 35.6 cm (14) diagonal, FHD display | Intel® UHD Graphics | 16 GB DDR4 RAM | 512 GB SSD Hard Drive",BG6D3PA,59989.0,73265.0,HP X Entry Backpack worth  ₹1999.00 | Microsoft Office Home 2024 Lifetime Subscription worth ₹9199.00 | 1 year Microsoft 365 basic subscription,https://www.hp.com/in-en/shop/hp-laptop-14-ep0340tu-bg6d3pa.html,13th Generation Intel® Core™ i5 processor,Windows 11 Home,"35.6 cm (14) diagonal, FHD display",Intel® UHD Graphics,16 GB DDR4 RAM,512 GB SSD Hard Drive,1 year Microsoft 365 basic subscription,hp x entry backpack ,32.0,512,SSD,512,14266.0,AMD,Ryzen 7,Normal,Integrated,Mid-Range,0,1,False,46.0,,Lenovo
"HP Pavilion Plus 35.6 cm (14) Laptop 14-ew0107TU, Silver",4.1176,Unleash your potential with the HP Pavilion Plus 14 Laptop,13th Generation Intel® Core™ i5 processor | Windows 11 Home | 35.6 cm (14) diagonal 2K display | Intel® Iris® Xᵉ Graphics | 16 GB LPDDR5x RAM | 512 GB SSD Hard Drive,B6MK7PA,71042.0,93876.0,"HP 310 15.6 Laptop Backpack worth ₹2,999.00 | Microsoft Office Home 2024 Lifetime Subscription worth ₹9199.00 | 1 year Microsoft 365 basic subscription",https://www.hp.com/in-en/shop/hp-pavilion-plus-laptop-14-ew0107tu-b6mk7pa.html,13th Generation Intel® Core™ i5 processor,Windows 11 Home,35.6 cm (14) diagonal 2K display,Intel® Iris® Xᵉ Graphics,16 GB LPDDR5x RAM,512 GB SSD Hard Drive,1 year Microsoft 365 basic subscription,hp 310 15.6 laptop backpack ,16.0,512,SSD,1024,17877.0,AMD,Ryzen 5,Normal,Integrated,Mid-Range,1,1,False,53.588,"Mouse, MS Office",Lenovo
"HP Laptop 35.6 cm (14) 14-ep1180TU, Silver",0.0,Reliable computing yet stylish laptop that makes the wallet happy,"Intel® Core™ Ultra 5-125H processor | Windows 11 Home Single Language | 35.6 cm (14) diagonal FHD, anti-glare display | Intel® Arc™ Graphics | 24 GB DDR5-5600 RAM | 1 TB SSD Hard Drive",CJ9D9PA,76570.0,83566.0,HP X Entry Backpack worth  ₹1999.00,https://www.hp.com/in-en/shop/hp-laptop-14-ep1180tu-cj9d9pa.html,Intel® Core™ Ultra 5-125H processor,Windows 11 Home Single Language,"35.6 cm (14) diagonal FHD, anti-glare display",Intel® Arc™ Graphics,24 GB DDR5-5600 RAM,1 TB SSD Hard Drive,No,hp x entry backpack ,16.0,1,SSD,512,8567.0,Intel,i5,Normal,Integrated,Mid-Range,0,1,False,50.0,"Mouse, MS Office",Lenovo
HP ZBook Power 40.6 cm (16) G11 Mobile Workstation PC,3.8,"Recommended for  2D and light 3D workflows, photography, and for running multiple large Microsoft Office files.",Intel® Core™ Ultra 7 processor | Windows 11 Pro | 40.6 cm (16) diagonal WUXGA display | NVIDIA RTX™ A500 Graphics | 32 GB DDR5-5600 RAM | 1 TB SSD Solid State Drive,A8WN2PT,191775.0,293862.0,,https://www.hp.com/in-en/shop/hp-zbook-power-16-g11-mobile-workstation-pc-a8wn2pt.html,Intel® Core™ Ultra 7 processor,Windows 11 Pro,40.6 cm (16) diagonal WUXGA display,NVIDIA RTX™ A500 Graphics,32 GB DDR5-5600 RAM,1 TB SSD Solid State Drive,No,none,8.0,1,SSD,512,97363.0,AMD,Ryzen 7,Premium,Dedicated,Premium,1,1,False,85.0,"Mouse, MS Office",Lenovo
"HP OMEN Gaming Laptop 16, Black, Core 7 - 240H (10C), RTX 5070 8GB, 24 GB",5.0,Bold performance without the burnout,"Intel® Core™ 7 240H (10C) processor | Windows 11 Home | 40.6 cm (16) diagonal, 2K, IPS, anti-glare, Low Blue Light, 165 Hz, 400 nits display | NVIDIA® GeForce RTX™ 5070 8GB | 24 GB DDR5 RAM | 1 TB SSD Hard Drive",C91T5PA,152266.0,174237.0,Microsoft Office Home 2024 Lifetime Subscription worth ₹9199.00,https://www.hp.com/in-en/shop/hp-omen-gaming-laptop-16-am0302tx-c91t5pa.html,Intel® Core™ 7 240H (10C) processor,Windows 11 Home,"40.6 cm (16) diagonal, 2K, IPS, anti-glare, Low Blue Light, 165 Hz, 400 nits display",Integrated,24 GB DDR5 RAM,1 TB SSD Hard Drive,Microsoft Office Home 2024 Lifetime Subscription worth ₹9199.00,none,16.0,1,SSD,1024,19238.0,Intel,i7,Premium,Integrated,Premium,1,0,True,75.0,"Backpack, Mouse, MS Office",Lenovo
HP ZBook Power 40.6 cm (16) G11 Mobile Workstation PC,3.8,"Recommended for  2D and light 3D workflows, photography, and for running multiple large Microsoft Office files.",Intel® Core™ Ultra 7 processor | Windows 11 Pro | 406 cm (16) diagonal WUXGA display | NVIDIA RTX™ A1000 Laptop GPU | 16 GB DDR5-5600 RAM | 1 TB SSD Solid State Drive,A8WN1PT,200893.0,294693.0,,https://www.hp.com/in-en/shop/hp-zbook-power-16-g11-mobile-workstation-pc-a8wn1pt.html,Intel® Core™ Ultra 7 processor,Windows 11 Pro,406 cm (16) diagonal WUXGA display,Integrated,16 GB DDR5-5600 RAM,1 TB SSD Solid State Drive,No,none,16.0,1,SSD,256,91694.0,AMD,Ryzen 5,Premium,Integrated,Premium,1,1,False,53.0,"Mouse, MS Office",Lenovo
HP ZBook Firefly 35.6 cm (14) G11 Mobile Workstation PC,3.9375,"Recommended for  2D and light 3D workflows, photography, and for running multiple large Microsoft Office files.",Intel® Core™ Ultra 5 processor | FreeDOS | 35.6 cm (14) diagonal WUXGA display | Intel® Graphics | 16 GB DDR5-5600 RAM | 512 GB SSD Solid State Drive,A92TXPT,78255.0,160962.0,,https://www.hp.com/in-en/shop/hp-zbook-firefly-14-g11-mobile-workstation-pc-a92txpt.html,Intel® Core™ Ultra 5 processor,Unknown,35.6 cm (14) diagonal WUXGA display,Intel® Graphics,16 GB DDR5-5600 RAM,512 GB SSD Solid State Drive,No,none,8.0,512,SSD,1024,79463.0,Intel,i3,Premium,Integrated,Mid-Range,1,1,False,52.6875,"Mouse, MS Office",Lenovo
"HP OMEN Gaming Laptop 16, Black, Ryzen AI 9 365 (10C), RTX 5070 8GB, 24 GB",0.0,Copilot+ PC.Pro Gaming. Built for unbelievable speed and immersive gameplay.,"AMD Ryzen™ AI 9 processor | Windows 11 Home | 40.6 cm (16) diagonal, 2K, 165Hz, IPS, anti-glare, Low Blue Light, 400 nits display | NVIDIA® GeForce RTX™ 5070 8 GB | 24 GB DDR5-5600 RAM (Upgradeable) | 1 TB SSD Hard Drive",C8KK0PA,177493.0,196719.0,Microsoft Office Home 2024 Lifetime Subscription worth ₹9199.00,https://www.hp.com/in-en/shop/hp-omen-gaming-laptop-16-ap0186ax-c8kk0pa.html,AMD Ryzen™ AI 9 processor,Windows 11 Home,"40.6 cm (16) diagonal, 2K, 165Hz, IPS, anti-glare, Low Blue Light, 400 nits display",Integrated,24 GB DDR5-5600 RAM (Upgradeable),1 TB SSD Hard Drive,Microsoft Office Home 2024 Lifetime Subscription worth ₹9199.00,none,8.0,1,SSD,1024,21720.0,Intel,i7,Premium,Integrated,Premium,1,0,True,50.0,"Backpack, Mouse, MS Office",Lenovo
"HP Laptop 39.6 cm (15.6) 15-fd1458TU, Silver",0.0,Reliable computing yet stylish laptop that makes the wallet happy,"Intel® Core™ Ultra 5-125H processor | Windows 11 Home Single Language | 39.6 cm (15.6) diagonal FHD, IPS, anti-glare display | Intel® Arc™ Graphics | 24 GB DDR5-5600 RAM | 1 TB SSD Hard Drive",CJ9E1PA,72484.0,83566.0,HP X Entry Backpack worth  ₹1999.00,https://www.hp.com/in-en/shop/hp-laptop-15-fd1458tu-cj9e1pa.html,Intel® Core™ Ultra 5-125H processor,Windows 11 Home Single Language,"39.6 cm (15.6) diagonal FHD, IPS, anti-glare display",Intel® Arc™ Graphics,24 GB DDR5-5600 RAM,1 TB SSD Hard Drive,No,hp x entry backpack ,32.0,1,SSD,512,8567.0,AMD,Ryzen 5,Normal,Integrated,Mid-Range,0,1,False,50.0,"Mouse, MS Office",Lenovo
"HP 255 39.6 cm (15.6) G10 Notebook PC, Silver",0.0,Powered for business,"AMD Ryzen™ 7 processor | FreeDOS | 39.6 cm (15.6) diagonal, FHD display | AMD Radeon™ Graphics | 16 GB DDR4 RAM | 512 GB SSD Hard Drive",BJ3Q4PT,53063.0,64556.0,"HP 215 39.6 cm (15.6) Laptop Backpack worth ₹ 1,785",https://www.hp.com/in-en/shop/hp-255-15-6-g10-notebook-pc-bj3q4pt.html,AMD Ryzen™ 7 processor,Unknown,"39.6 cm (15.6) diagonal, FHD display",AMD Radeon™ Graphics,16 GB DDR4 RAM,512 GB SSD Hard Drive,No,hp 215 39.6 cm (15.6) laptop backpack ,32.0,512,SSD,256,9557.0,Intel,i3,Normal,Integrated,Mid-Range,1,1,False,33.0,,Lenovo
"HP ProBook 4 35.6 cm (14) G1iR Business Laptop PC, Silver",0.0,Affordable devices designed with business in mind; commercial grade features with durable design,"Intel® Core™ 7 processor | Windows 11 Pro | 35.6 cm (14) diagonal, WUXGA, IPS display | Intel® Graphics | 24 GB DDR5-5600 RAM | 512 GB SSD Hard Drive",CF2V1PT,111489.0,123667.0,"HP 215 39.6 cm (15.6) Laptop Backpack worth ₹ 1,785",https://www.hp.com/in-en/shop/hp-probook-4-g1ir-14-inch-notebook-pc-cf2v1pt.html,Intel® Core™ 7 processor,Windows 11 Pro,"35.6 cm (14) diagonal, WUXGA, IPS display",Intel® Graphics,24 GB DDR5-5600 RAM,512 GB SSD Hard Drive,No,hp 215 39.6 cm (15.6) laptop backpack ,16.0,512,SSD,256,15768.0,Intel,i5,Premium,Integrated,Premium,1,0,False,49.0,"Backpack, Mouse, MS Office",Lenovo
"HP Pavilion 40.6 cm (16) Laptop 16-ag0019AU, Silver",4.3333,Create on a PC that has all the power you need,"AMD Ryzen™ 5 processor | Windows 11 Home | 40.6 cm (16) diagonal, WUXGA IPS display | AMD Radeon™ Graphics | 16 GB LPDDR5 RAM | 512 GB SSD Hard Drive",A1UD7PA,65402.0,76923.0,"HP 310 15.6 Laptop Backpack worth ₹2,999.00",https://www.hp.com/in-en/shop/hp-pavilion-laptop-16-ag0019au-a1ud7pa.html,AMD Ryzen™ 5 processor,Windows 11 Home,"40.6 cm (16) diagonal, WUXGA IPS display",AMD Radeon™ Graphics,16 GB LPDDR5 RAM,512 GB SSD Hard Drive,No,hp 310 15.6 laptop backpack ,16.0,512,SSD,512,10424.0,Intel,i5,Normal,Integrated,Mid-Range,0,0,False,54.6665,"Backpack, Mouse, MS Office",Lenovo
"HP OmniBook 5 Next Gen AI 16-ag1035AU, Blue",0.0,Copilot+ PC.The upgrade you need from HP Pavilion. Excellent for students and families.,AMD Ryzen™ AI 7 processor | Windows 11 Home Single Language | 40.5 cm (16) diagonal 2K IPS touch display | AMD Radeon™ 860M Graphics | 16 GB LPDDR5x-7500 RAM | 512 GB SSD Hard Drive,BK9U4PA,90987.0,93435.0,,https://www.hp.com/in-en/shop/hp-omnibook-5-ngai-16-ag1035au-bk9u4pa.html,AMD Ryzen™ AI 7 processor,Windows 11 Home Single Language,40.5 cm (16) diagonal 2K IPS touch display,AMD Radeon™ 860M Graphics,16 GB LPDDR5x-7500 RAM,512 GB SSD Hard Drive,No,none,16.0,512,SSD,512,3436.0,AMD,Ryzen 5,Premium,Integrated,Premium,1,0,False,33.0,"Backpack, Mouse, MS Office",Lenovo
"HP OMEN 40.6 cm (16.1) Gaming Laptop 16-am0241TX, Black",5.0,Bold performance without the burnout,"14th Generation Intel® Core™ i7 processor | Windows 11 Home | 40.6 cm (16) diagonal, 2K, 165Hz, IPS, anti-glare, Low Blue Light, 400 nits display | NVIDIA® GeForce RTX™ 5050 8 GB | 24 GB DDR5-5600 RAM | 1 TB SSD Hard Drive",C25MXPA,138647.0,162996.0,Microsoft Office Home 2024 Lifetime Subscription worth ₹9199.00 | 1 year Microsoft 365 basic subscription,https://www.hp.com/in-en/shop/hp-omen-gaming-laptop-16-am0241tx-c25mxpa.html,14th Generation Intel® Core™ i7 processor,Windows 11 Home,"40.6 cm (16) diagonal, 2K, 165Hz, IPS, anti-glare, Low Blue Light, 400 nits display",Integrated,24 GB DDR5-5600 RAM,1 TB SSD Hard Drive,1 year Microsoft 365 basic subscription,none,8.0,1,SSD,256,20997.0,AMD,Ryzen 7,Premium,Integrated,Premium,1,0,False,75.0,"Backpack, Mouse, MS Office",Lenovo
"HP ZBook Firefly 40.6 cm (16) G11 Mobile Workstation PC, Silver",4.6667,Step up performance. Not size,"Intel® Core™ Ultra 7 processor | Windows 11 Pro | 40.6 cm (16) diagonal, WUXGA IPS display | Intel® UMA Graphics | 32 GB DDR5-5600 RAM | 1 TB SSD Solid State Drive",A1VT4PT,156777.0,246301.0,"FREE Bag (35L98AA) worth ₹ 1,785",https://www.hp.com/in-en/shop/hp-zbook-firefly-16-inch-g11-mobile-workstation-pc-a1vt4pt.html,Intel® Core™ Ultra 7 processor,Windows 11 Pro,"40.6 cm (16) diagonal, WUXGA IPS display",Intel® UMA Graphics,32 GB DDR5-5600 RAM,1 TB SSD Solid State Drive,No,free bag (35l98aa) ,8.0,1,SSD,1024,90246.0,Intel,i7,Premium,Integrated,Premium,0,0,False,89.3335,Mouse,Lenovo
HP ZBook Power 40.6 cm (16) G11 Mobile Workstation PC,3.8,"Recommended for  2D and light 3D workflows, photography, and for running multiple large Microsoft Office files.",Intel® Core™ Ultra 7 processor | Windows 11 Pro | 40.6 cm (16) diagonal WUXGA IPS display | NVIDIA RTX™ 2000 Ada Generation Graphics | 32 GB DDR5-5600 RAM | 1 TB SSD Solid State Drive,B6SA6PT,253103.0,351687.0,"FREE Bag (35L98AA) worth ₹ 1,785",https://www.hp.com/in-en/shop/hp-zbook-power-16-inch-g11-mobile-workstation-pc-b6sa6pt.html,Intel® Core™ Ultra 7 processor,Windows 11 Pro,40.6 cm (16) diagonal WUXGA IPS display,NVIDIA RTX™ 2000 Ada Generation Graphics,32 GB DDR5-5600 RAM,1 TB SSD Solid State Drive,No,free bag (35l98aa) ,8.0,1,SSD,512,93857.0,AMD,Ryzen 3,Premium,Dedicated,Premium,1,0,False,85.0,"Mouse, MS Office",Lenovo
"HP EliteBook 6 G1i 35.6 cm (14) Notebook Next Gen AI PC, Silver",0.0,AI-ready for enterprise productivity,"Intel® Core™ Ultra 7 processor | Windows 11 Pro | 35.6 cm (14) diagonal WUXGA, IPS, 800 nits display | Intel® Graphics | 64 GB DDR5-5600 RAM | 1 TB SSD Hard Drive",BQ8J8PT,200961.0,206534.0,,https://www.hp.com/in-en/shop/hp-elitebook-6-g1i-14-inch-notebook-next-gen-ai-pc-bq8j8pt.html,Intel® Core™ Ultra 7 processor,Windows 11 Pro,"35.6 cm (14) diagonal WUXGA, IPS, 800 nits display",Intel® Graphics,64 GB DDR5-5600 RAM,1 TB SSD Hard Drive,No,none,16.0,1,SSD,256,1535.0,AMD,Ryzen 7,Premium,Integrated,Premium,0,0,False,130.0,,Lenovo
"OMEN MAX Gaming Laptop 16, Black, Ultra 9 - 275HX (24C), RTX 5090 24GB, 64 GB DDR5",0.0,Built to break limits,"Intel® Core™ Ultra 9 275HX processor | Windows 11 Home | 40.6 cm (16) diagonal WQXGA OLED display,240 Hz, 0.2 ms response time, | NVIDIA® GeForce RTX™ 5090 24GB | 64 GB DDR5-5600 MT/s (2 x 16 GB) RAM | 2TB SSD Hard Drive",C27DWPA,397856.0,449646.0,,https://www.hp.com/in-en/shop/omen-max-gaming-laptop-16-ah0217tx-c27dwpa.html,Intel® Core™ Ultra 9 275HX processor,Windows 11 Home,"40.6 cm (16) diagonal WQXGA OLED display,240 Hz, 0.2 ms response time,",Integrated,64 GB DDR5-5600 MT/s (2 x 16 GB) RAM,2TB SSD Hard Drive,No,none,8.0,2,SSD,256,49647.0,AMD,Ryzen 7,Premium,Integrated,Premium,1,0,False,132.0,Mouse,Lenovo
"HP EliteBook 840 35.6 cm (14) G11 Notebook PC, Silver",3.7143,The enterprise notebook that’s anything but ordinary,"Intel® Core™ Ultra 7 processor | Windows 11 Pro | 35.6 cm (14) diagonal, WUXGA, 300 nits, IPS touch display | Intel® Arc™ Graphics | 16 GB DDR5-5600 RAM | 1 TB SSD Hard Drive",B86BCPT,130103.0,154615.0,"HP 215 39.6 cm (15.6) Laptop Backpack worth ₹ 1,785",https://www.hp.com/in-en/shop/hp-elitebook-840-14-inch-g11-notebook-pc-b86bcpt.html,Intel® Core™ Ultra 7 processor,Windows 11 Pro,"35.6 cm (14) diagonal, WUXGA, 300 nits, IPS touch display",Intel® Arc™ Graphics,16 GB DDR5-5600 RAM,1 TB SSD Hard Drive,No,hp 215 39.6 cm (15.6) laptop backpack ,8.0,1,SSD,512,21616.0,Intel,i3,Premium,Integrated,Premium,1,0,False,52.5715,Mouse,Lenovo
"HP Elite x360 830 33.8 cm (13.3) G11 2-in-1 Business Laptop PC, Silver",2.75,The enterprise notebook that’s anything but ordinary,Intel® Core™ Ultra 7 processor | Windows 11 Pro | 33.8 cm (13.3) diagonal WUXGA touch display | Intel® Graphics | 32 GB LPDDR5x RAM | 1 TB SSD Hard Drive,B85PZPT,155719.0,179449.0,"HP 215 39.6 cm (15.6) Laptop Backpack worth ₹ 1,785",https://www.hp.com/in-en/shop/hp-elite-x360-830-13-inch-g11-2-in-1-notebook-pc-b85pzpt.html,Intel® Core™ Ultra 7 processor,Windows 11 Pro,33.8 cm (13.3) diagonal WUXGA touch display,Intel® Graphics,32 GB LPDDR5x RAM,1 TB SSD Hard Drive,No,hp 215 39.6 cm (15.6) laptop backpack ,16.0,1,SSD,512,22250.0,Intel,i7,Premium,Integrated,Premium,0,1,False,79.75,Mouse,Lenovo
HP ZBook Power 40.6 cm (16) G11,1.950016958,,"up to Intel® Core™ Ultra 9 processor | Windows 11 Pro | up to NVIDIA RTX™ A1000 Laptop GPU | up to 64 GB DDR5-5600 RAM | up to 1 TB SSD Solid State Drive | Fingerprint reader, Spill resistant and Backlit keyboard",zbookpower,263475.0,,,https://www.hp.com/in-en/shop/hp-zbook-power-40-6-cm-16-g11.html,up to Intel® Core™ Ultra 9 processor,Windows 11 Pro,,Integrated,up to 64 GB DDR5-5600 RAM,up to 1 TB SSD Solid State Drive,No,none,8.0,1,SSD,1024,,Intel,i7,Premium,Integrated,Premium,1,0,False,139.7500848,"Mouse, MS Office",Lenovo
HP ZBook Power 40.6 cm (16) G11 Mobile Workstation PC,3.8,"Recommended for  2D and light 3D workflows, photography, and for running multiple large Microsoft Office files.",Intel® Core™ Ultra 7 processor | Windows 11 Pro | 40.6 cm (16) diagonal WUXGA display | NVIDIA RTX™ A500 Graphics | 32 GB DDR5-5600 RAM | 1 TB SSD Solid State Drive,A8WN2PT,200373.0,293862.0,,https://www.hp.com/in-en/shop/hp-zbook-power-16-g11-mobile-workstation-pc-a8wn2pt.html,Intel® Core™ Ultra 7 processor,Windows 11 Pro,40.6 cm (16) diagonal WUXGA display,NVIDIA RTX™ A500 Graphics,32 GB DDR5-5600 RAM,1 TB SSD Solid State Drive,No,none,16.0,1,SSD,1024,97363.0,AMD,Ryzen 5,Premium,Dedicated,Premium,1,0,False,85.0,"Mouse, MS Office",Lenovo
"HP ZBook 8 G1i 35.6 cm (14) Mobile Workstation PC, Silver",0.0,Step up performance. Not size.,"Intel® Core™ Ultra 7 processor | Windows 11 Pro | 35.6 cm (14) diagonal, WUXGA IPS display | NVIDIA RTX™ 500 Ada Generation Laptop GPU | 32 GB DDR5-5600 RAM | 1 TB SSD Solid State Drive",C1JN1PT,166745.0,277989.0,"HP 215 39.6 cm (15.6) Laptop Backpack worth ₹ 1,785",https://www.hp.com/in-en/shop/hp-zbook-8-g1i-14-inch-mobile-workstation-pc-data-science-c1jn1pt.html,Intel® Core™ Ultra 7 processor,Windows 11 Pro,"35.6 cm (14) diagonal, WUXGA IPS display",Integrated,32 GB DDR5-5600 RAM,1 TB SSD Solid State Drive,No,hp 215 39.6 cm (15.6) laptop backpack ,32.0,1,SSD,256,107990.0,AMD,Ryzen 3,Premium,Integrated,Premium,1,0,False,66.0,"Backpack, Mouse, MS Office",Lenovo
"OMEN Transcend Laptop 14, Black, Ultra 7-255H (16C), RTX 5060 8GB, 32 GB",5.0,"Built to Game, Made to Create","Intel® Core™ Ultra 7 processor | Windows 11 Home | 35.6 cm (14) diagonal 3K OLED display, 48-120 Hz refresh rate, 0.2 ms response time display | NVIDIA® GeForce RTX™ 5060 8GB | 32 GB LPDDR5x-7500 MT/s RAM | 1 TB SSD Hard Drive",C27DSPA,185519.0,204588.0,,https://www.hp.com/in-en/shop/omen-transcend-laptop-14-fb1029tx-c27dspa.html,Intel® Core™ Ultra 7 processor,Windows 11 Home,"35.6 cm (14) diagonal 3K OLED display, 48-120 Hz refresh rate, 0.2 ms response time display",Integrated,32 GB LPDDR5x-7500 MT/s RAM,1 TB SSD Hard Drive,No,none,32.0,1,SSD,256,22589.0,Intel,i5,Premium,Integrated,Premium,0,1,False,91.0,"Backpack, Mouse, MS Office",Lenovo
"HP EliteBook 8 Flip G1i 33.8 cm (13.3) Notebook AI PC, Silver",0.0,"Flip flexibility meets AI performance, ready for any task","Intel® Core™ Ultra 7 processor | Windows 11 Pro | 33.8 cm (13.3) diagonal, WUXGA, IPS, 800 nits touch display | Intel® Graphics | 64 GB RAM | 1 TB SSD Hard drive",BQ8J0PT,240286.0,242687.0,,https://www.hp.com/in-en/shop/elitebook-8-13-inch-flip-g1i-bq8j0pt.html,Intel® Core™ Ultra 7 processor,Windows 11 Pro,"33.8 cm (13.3) diagonal, WUXGA, IPS, 800 nits touch display",Intel® Graphics,64 GB RAM,1 TB SSD Hard drive,No,none,32.0,1,SSD,1024,3188.0,Intel,i3,Premium,Integrated,Premium,1,0,False,130.0,"Mouse, MS Office",Lenovo
"HP ZBook 8 G1i 40.6 cm (16) Mobile Workstation PC, Silver",0.0,Step up performance. Not size.,"Intel® Core™ Ultra 7 processor | Windows 11 Pro | 40.6 cm (16) diagonal, WUXGA IPS display | Intel® UMA Graphics | 32 GB DDR5-5600 RAM | 1 TB SSD Solid State Drive",C1JP4PT,154712.0,244045.0,"HP 215 39.6 cm (15.6) Laptop Backpack worth ₹ 1,785",https://www.hp.com/in-en/shop/hp-zbook-8-g1i-16-inch-mobile-workstation-pc-data-science-c1jp4pt.html,Intel® Core™ Ultra 7 processor,Windows 11 Pro,"40.6 cm (16) diagonal, WUXGA IPS display",Intel® UMA Graphics,32 GB DDR5-5600 RAM,1 TB SSD Solid State Drive,No,hp 215 39.6 cm (15.6) laptop backpack ,8.0,1,SSD,512,92046.0,AMD,Ryzen 5,Premium,Integrated,Premium,1,1,False,66.0,"Mouse, MS Office",Lenovo
HP ZBook Power 40.6 cm (16) G11 Mobile Workstation PC,3.8,"Recommended for  2D and light 3D workflows, photography, and for running multiple large Microsoft Office files.",Intel® Core™ Ultra 9 processor | Windows 11 Pro | 40.6 cm (16) diagonal WUXGA display | NVIDIA RTX™ 2000 Ada Generation Laptop GPU | 32 GB DDR5-5600 RAM | 1 TB SSD Solid State Drive,A8WM4PT,259652.0,409781.0,,https://www.hp.com/in-en/shop/hp-zbook-power-16-g11-mobile-workstation-pc-a8wm4pt.html,Intel® Core™ Ultra 9 processor,Windows 11 Pro,40.6 cm (16) diagonal WUXGA display,Integrated,32 GB DDR5-5600 RAM,1 TB SSD Solid State Drive,No,none,8.0,1,SSD,1024,145782.0,AMD,Ryzen 3,Premium,Integrated,Premium,1,1,False,85.0,"Mouse, MS Office",Lenovo
"HP 240R 35.6 cm (14) G9 Business Laptop PC, Silver",3.8,"Compact and reliable, value-packed notebooks with essential business features to help you excel in hybrid work","13th Generation Intel® Core™ i3 processor | FreeDOS 3.0 | 35.6 cm (14) diagonal, display | Intel® UHD Graphics | 8 GB DDR4-3200 MT/s RAM | 512 GB SSD Solid State Drive",B10MRAT,42770.0,44156.0,"HP 215 39.6 cm (15.6) Laptop Backpack worth ₹ 1,785",https://www.hp.com/in-en/shop/hp-240r-g9-notebook-pc-b10mrat.html,13th Generation Intel® Core™ i3 processor,Unknown,"35.6 cm (14) diagonal, display",Intel® UHD Graphics,8 GB DDR4-3200 MT/s RAM,512 GB SSD Solid State Drive,No,hp 215 39.6 cm (15.6) laptop backpack ,8.0,512,SSD,256,3157.0,AMD,Ryzen 5,Normal,Integrated,Mid-Range,1,1,False,36.0,,Lenovo
HP ZBook Firefly 40.6 cm (16) G11 Mobile Workstation PC,5.0,"Recommended for  2D and light 3D workflows, photography, and for running multiple large Microsoft Office files.","Intel® Core™ Ultra 7 processor | Windows 11 Pro | 40.6 cm (16) diagonal, WUXGA display | NVIDIA RTX™ A500 Graphics | 16 GB DDR5-5600 MHz RAM | 1 TB SSD Solid State Drive",A1VX6PT,162313.0,237854.0,,https://www.hp.com/in-en/shop/hp-zbook-firefly-16-g11-mobile-workstation-pc-a1vx6pt.html,Intel® Core™ Ultra 7 processor,Windows 11 Pro,"40.6 cm (16) diagonal, WUXGA display",NVIDIA RTX™ A500 Graphics,16 GB DDR5-5600 MHz RAM,1 TB SSD Solid State Drive,No,none,32.0,1,SSD,512,80355.0,AMD,Ryzen 3,Premium,Dedicated,Premium,0,0,False,59.0,,Lenovo
"HP OMEN MAX 40.6 cm (16) Gaming Laptop 16-ah0190TX, Black",0.0,Built to break limits,"Intel® Core™ Ultra 9 processor | Windows 11 Home | 40.6 cm (16) diagonal, WQXGA, 60-240 Hz, 3 ms response time, IPS, 500 nits | NVIDIA GeForce RTX™ 5070 Ti 12GB | 32 GB DDR5-5600 RAM | 1 TB SSD Hard Drive",BX9S5PA,284777.0,314751.0,,https://www.hp.com/in-en/shop/hp-omen-max-gaming-laptop-16-ah0190tx-bx9s5pa.html,Intel® Core™ Ultra 9 processor,Windows 11 Home,"40.6 cm (16) diagonal, WQXGA, 60-240 Hz, 3 ms response time, IPS, 500 nits",Integrated,32 GB DDR5-5600 RAM,1 TB SSD Hard Drive,No,none,16.0,1,SSD,1024,34752.0,Intel,i7,Premium,Integrated,Premium,1,0,False,66.0,"Backpack, Mouse",Lenovo
"HP OMEN Gaming Laptop 16, Black, Ryzen AI 9 365 (10C), RTX 5070 8GB, 24 GB",0.0,Copilot+ PC.Pro Gaming. Built for unbelievable speed and immersive gameplay.,"AMD Ryzen™ AI 9 processor | Windows 11 Home | 40.6 cm (16) diagonal, 2K, 165Hz, IPS, anti-glare, Low Blue Light, 400 nits display | NVIDIA® GeForce RTX™ 5070 8 GB | 24 GB DDR5-5600 RAM (Upgradeable) | 1 TB SSD Hard Drive",C8KK0PA,171950.0,196719.0,Microsoft Office Home 2024 Lifetime Subscription worth ₹9199.00,https://www.hp.com/in-en/shop/hp-omen-gaming-laptop-16-ap0186ax-c8kk0pa.html,AMD Ryzen™ AI 9 processor,Windows 11 Home,"40.6 cm (16) diagonal, 2K, 165Hz, IPS, anti-glare, Low Blue Light, 400 nits display",Integrated,24 GB DDR5-5600 RAM (Upgradeable),1 TB SSD Hard Drive,Microsoft Office Home 2024 Lifetime Subscription worth ₹9199.00,none,16.0,1,SSD,256,21720.0,Intel,i7,Premium,Integrated,Premium,0,1,True,50.0,"Backpack, Mouse, MS Office",Lenovo
"HP Victus 39.6 cm (15.6) Gaming Laptop 15-fa2303TX, Silver",0.0,Step up the fun with our most affordable gaming laptop range that doesn't shy on performance.,"14th generation Intel® Core™ i5-14450HX processor | Windows 11 Home | 39.6 cm (15.6) diagonal, FHD, IPS, anti-glare display | NVIDIA® GeForce RTX™ 3050 Laptop GPU (6 GB) | 24 GB DDR5-5600 RAM (upgradeable) | 512 GB SSD Hard Drive",C2JQ3PA,83727.0,96000.0,Microsoft Office Home 2024 Lifetime Subscription worth ₹9199.00,https://www.hp.com/in-en/shop/victus-gaming-laptop-15-fa2303tx-c2jq3pa.html,14th generation Intel® Core™ i5-14450HX processor,Windows 11 Home,"39.6 cm (15.6) diagonal, FHD, IPS, anti-glare display",Integrated,24 GB DDR5-5600 RAM (upgradeable),512 GB SSD Hard Drive,Microsoft Office Home 2024 Lifetime Subscription worth ₹9199.00,none,32.0,512,SSD,1024,12001.0,AMD,Ryzen 7,Premium,Integrated,Premium,1,0,True,49.0,"Backpack, Mouse, MS Office",Lenovo
"HP OmniBook 5 Next Gen AI 16-ag1037AU, Silver",4.5,Copilot+ PC.The upgrade you need from HP Pavilion. Excellent for students and families.,"AMD Ryzen™ AI 5 processor | Windows 11 Home | 40.6 cm (16) diagonal, 2K IPS, 300 nits display | AMD Radeon™ 840M Graphics | 16 GB LPDDR5x-7500 RAM | 512 GB SSD Hard Drive",BP0J7PA,75848.0,85965.0,Trendsetter Backpack | Microsoft Office Home 2024 Lifetime Subscription worth ₹9199.00 | 1 year Microsoft 365 basic subscription,https://www.hp.com/in-en/shop/hp-omnibook-5-ngai-16-ag1037au-bp0j7pa.html,AMD Ryzen™ AI 5 processor,Windows 11 Home,"40.6 cm (16) diagonal, 2K IPS, 300 nits display",AMD Radeon™ 840M Graphics,16 GB LPDDR5x-7500 RAM,512 GB SSD Hard Drive,1 year Microsoft 365 basic subscription,trendsetter backpack,8.0,512,SSD,1024,8966.0,AMD,Ryzen 5,Normal,Integrated,Mid-Range,0,0,False,55.5,"Mouse, MS Office",Lenovo
"HP Laptop 39.6 cm (15.6) 15-fd0682TU, Silver",0.0,Reliable computing yet stylish laptop that makes the wallet happy,"Intel® Core™ 5-120U processor | Windows 11 Home Single Language | 39.6 cm (15.6) diagonal, FHD, anti-glare display | Intel® UHD Graphics | 16 GB DDR4-3200 RAM | 512 GB SSD Hard Drive",C27FBPA,62680.0,71446.0,Microsoft Office Home 2024 Lifetime Subscription worth ₹9199.00 | 1 year Microsoft 365 basic subscription,https://www.hp.com/in-en/shop/hp-laptop-15-fd0682tu-c27fbpa.html,Intel® Core™ 5-120U processor,Windows 11 Home Single Language,"39.6 cm (15.6) diagonal, FHD, anti-glare display",Intel® UHD Graphics,16 GB DDR4-3200 RAM,512 GB SSD Hard Drive,1 year Microsoft 365 basic subscription,none,16.0,512,SSD,1024,10947.0,AMD,Ryzen 7,Normal,Integrated,Mid-Range,1,0,False,33.0,"Backpack, Mouse, MS Office",Lenovo
"HP OmniBook 5 Next Gen AI 16-ag1034AU, Silver",0.0,Copilot+ PC.The upgrade you need from HP Pavilion. Excellent for students and families.,AMD Ryzen™ AI 5 processor | Windows 11 Home Single Language | 40.5 cm (16) diagonal 2K IPS touch display | AMD Radeon™ 840M Graphics | 16 GB LPDDR5x-7500 RAM | 512 GB SSD Hard Drive,BK9U3PA,79036.0,88225.0,,https://www.hp.com/in-en/shop/hp-omnibook-5-ngai-16-ag1034au-bk9u3pa.html,AMD Ryzen™ AI 5 processor,Windows 11 Home Single Language,40.5 cm (16) diagonal 2K IPS touch display,AMD Radeon™ 840M Graphics,16 GB LPDDR5x-7500 RAM,512 GB SSD Hard Drive,No,none,8.0,512,SSD,256,8226.0,AMD,Ryzen 5,Normal,Integrated,Mid-Range,1,0,False,33.0,"Backpack, Mouse, MS Office",Lenovo
"HP OmniBook 5 Next Gen AI 16-ag1046AU, Silver",5.0,Copilot+ PC.The upgrade you need from HP Pavilion. Excellent for students and families.,AMD Ryzen™ AI 7 processor | Windows 11 Home | 40.5 cm (16) diagonal 2K IPS touch display | AMD Radeon™ 860M Graphics | 16 GB LPDDR5x-7500 RAM | 1 TB SSD Hard Drive,C20W1PA,88101.0,99526.0,"HP 310 15.6 Laptop Backpack worth ₹2,999.00 | Microsoft Office Home 2024 Lifetime Subscription worth ₹9199.00",https://www.hp.com/in-en/shop/hp-omnibook-5-ngai-16-ag1046au-c20w1pa.html,AMD Ryzen™ AI 7 processor,Windows 11 Home,40.5 cm (16) diagonal 2K IPS touch display,AMD Radeon™ 860M Graphics,16 GB LPDDR5x-7500 RAM,1 TB SSD Hard Drive,Microsoft Office Home 2024 Lifetime Subscription worth ₹9199.00,hp 310 15.6 laptop backpack ,8.0,1,SSD,1024,13027.0,Intel,i7,Premium,Integrated,Premium,1,1,True,59.0,Mouse,Lenovo
"HP EliteBook 845 35.6 cm (14) G11 Notebook PC, Silver",0.0,The enterprise notebook that’s anything but ordinary,AMD Ryzen™ 7 processor | FreeDOS | 35.6 cm (14) WUXGA display | AMD Radeon™ 780M Graphics | 16 GB DDR5-5600 RAM | 512 GB SSD Hard Drive,B85PXPT,91294.0,107334.0,"HP 215 39.6 cm (15.6) Laptop Backpack worth ₹ 1,785",https://www.hp.com/in-en/shop/hp-elitebook-845-14-inch-g11-notebook-pc-b85pxpt.html,AMD Ryzen™ 7 processor,Unknown,35.6 cm (14) WUXGA display,AMD Radeon™ 780M Graphics,16 GB DDR5-5600 RAM,512 GB SSD Hard Drive,No,hp 215 39.6 cm (15.6) laptop backpack ,16.0,512,SSD,256,12835.0,Intel,i7,Premium,Integrated,Premium,0,1,False,33.0,"Backpack, Mouse, MS Office",Lenovo
"HP EliteBook 840 35.6 cm (14) G10 Notebook PC, Silver",4.0,The right PC for hybrid work,"13th Generation Intel® Core™ i5 processor | Windows 11 Pro | 35.6 cm (14) diagonal, WUXGA, IPS touch display | Intel® UHD Graphics | 32 GB DDR5 RAM | 512 GB SSD Hard Drive",A3NY4PA,116252.0,117780.0,"HP 215 39.6 cm (15.6) Laptop Backpack worth ₹ 1,785",https://www.hp.com/in-en/shop/hp-elitebook-840-14-g10-notebook-pc-a3ny4pa.html,13th Generation Intel® Core™ i5 processor,Windows 11 Pro,"35.6 cm (14) diagonal, WUXGA, IPS touch display",Intel® UHD Graphics,32 GB DDR5 RAM,512 GB SSD Hard Drive,No,hp 215 39.6 cm (15.6) laptop backpack ,32.0,512,SSD,1024,4781.0,AMD,Ryzen 5,Premium,Integrated,Premium,1,1,False,85.0,"Backpack, Mouse, MS Office",Lenovo
"HP EliteBook 845 35.6 cm (14) G11 Notebook PC, Silver",0.0,The enterprise notebook that’s anything but ordinary,AMD Ryzen™ 7 processor | Windows 11 Pro | 35.6 cm (14) diagonal WUXGA display | AMD Radeon™ 780M Graphics | 16 GB DDR5-5600 RAM | 1 TB SSD Hard Drive,B85PYPT,110718.0,129889.0,"HP 215 39.6 cm (15.6) Laptop Backpack worth ₹ 1,785",https://www.hp.com/in-en/shop/hp-elitebook-845-14-inch-g11-notebook-pc-b85pypt.html,AMD Ryzen™ 7 processor,Windows 11 Pro,35.6 cm (14) diagonal WUXGA display,AMD Radeon™ 780M Graphics,16 GB DDR5-5600 RAM,1 TB SSD Hard Drive,No,hp 215 39.6 cm (15.6) laptop backpack ,32.0,1,SSD,1024,17390.0,Intel,i5,Premium,Integrated,Premium,0,0,False,34.0,"Mouse, MS Office",Lenovo
"HP ProBook 4 35.6 cm (14) G1iR Business Laptop PC, Silver",0.0,Affordable devices designed with business in mind; commercial grade features with durable design,"Intel® Core™ 5 processor | Windows 11 Pro | 35.6 cm (14) diagonal, WUXGA, IPS display | Intel® Graphics | 24 GB DDR5-5600 RAM | 512 GB SSD Hard Drive",CE1A7AT,97858.0,108889.0,"HP 215 39.6 cm (15.6) Laptop Backpack worth ₹ 1,785",https://www.hp.com/in-en/shop/hp-probook-4-g1ir-14-inch-notebook-pc-ce1a7at.html,Intel® Core™ 5 processor,Windows 11 Pro,"35.6 cm (14) diagonal, WUXGA, IPS display",Intel® Graphics,24 GB DDR5-5600 RAM,512 GB SSD Hard Drive,No,hp 215 39.6 cm (15.6) laptop backpack ,8.0,512,SSD,256,14790.0,Intel,i7,Premium,Integrated,Premium,0,0,False,49.0,"Backpack, Mouse, MS Office",Lenovo
"HP EliteBook 640 35.6 cm (14) G10 Notebook PC, Silver",0.0,Empowering the hybrid workforce,13th Generation Intel® Core™ i7 processor | FreeDOS | 35.6 cm (14) diagonal FHD IPS display | Intel® UHD Graphics | 16 GB DDR4-3200 RAM | 1 TB SSD Hard Drive,B81TZPT,100309.0,114334.0,"HP 215 39.6 cm (15.6) Laptop Backpack worth ₹ 1,785",https://www.hp.com/in-en/shop/hp-elitebook-640-14-inch-g10-notebook-pc-b81tzpt.html,13th Generation Intel® Core™ i7 processor,Unknown,35.6 cm (14) diagonal FHD IPS display,Intel® UHD Graphics,16 GB DDR4-3200 RAM,1 TB SSD Hard Drive,No,hp 215 39.6 cm (15.6) laptop backpack ,32.0,1,SSD,512,13335.0,Intel,i5,Premium,Integrated,Premium,0,0,False,34.0,"Backpack, Mouse",Lenovo
"HP 240R 35.6 cm (14) G10 Business Laptop PC, Silver",0.0,"Compact and reliable, value-packed notebooks with essential business features to help you excel in hybrid work","Intel® Core™ 5 processor | Windows 11 Pro | 35.6 cm (14) diagonal, FHD IPS display | Intel® Graphics | 16 GB DDR4-3200 RAM | 512 GB SSD Hard Drive",C8HS3AT,77394.0,85245.0,"HP 215 39.6 cm (15.6) Laptop Backpack worth ₹ 1,785",https://www.hp.com/in-en/shop/hp-240r-14-inch-g10-notebook-pc-c8hs3at.html,Intel® Core™ 5 processor,Windows 11 Pro,"35.6 cm (14) diagonal, FHD IPS display",Intel® Graphics,16 GB DDR4-3200 RAM,512 GB SSD Hard Drive,No,hp 215 39.6 cm (15.6) laptop backpack ,16.0,512,SSD,512,10146.0,Intel,i5,Normal,Integrated,Mid-Range,1,0,False,33.0,"Backpack, Mouse, MS Office",Lenovo
"HP ProBook 4 35.6 cm (14) G1iR Business Laptop PC, Silver",0.0,Affordable devices designed with business in mind; commercial grade features with durable design,"Intel® Core™ 5 processor | Windows 11 Pro | 35.6 cm (14) diagonal, WUXGA, IPS display | Intel® Graphics | 24 GB DDR5-5600 RAM | 512 GB SSD Hard Drive",CE1A7AT,98674.0,108889.0,"HP 215 39.6 cm (15.6) Laptop Backpack worth ₹ 1,785",https://www.hp.com/in-en/shop/hp-probook-4-g1ir-14-inch-notebook-pc-ce1a7at.html,Intel® Core™ 5 processor,Windows 11 Pro,"35.6 cm (14) diagonal, WUXGA, IPS display",Intel® Graphics,24 GB DDR5-5600 RAM,512 GB SSD Hard Drive,No,hp 215 39.6 cm (15.6) laptop backpack ,32.0,512,SSD,1024,14790.0,Intel,i3,Premium,Integrated,Premium,1,1,False,49.0,"Backpack, Mouse, MS Office",Lenovo
"HP Victus 39.6cm (15.6) Gaming Laptop 15-fb3120AX, Blue",2.0,Fulfill your gaming destiny,"AMD Ryzen™ 7-7445HS processor | Windows 11 Home | 39.6 cm (15.6) diagonal FHD 144 Hz, IPS, 300 nits display | NVIDIA® GeForce RTX™ 3050 6GB | 16 GB DDR5-5600 RAM | 512 GB SSD Hard Drive",BT6E1PA,75970.0,84838.0,Microsoft Office Home 2024 Lifetime Subscription worth ₹9199.00 | 1 year Microsoft 365 basic subscription,https://www.hp.com/in-en/shop/hp-victus-gaming-laptop-15-fb3120ax-bt6e1pa.html,AMD Ryzen™ 7-7445HS processor,Windows 11 Home,"39.6 cm (15.6) diagonal FHD 144 Hz, IPS, 300 nits display",Integrated,16 GB DDR5-5600 RAM,512 GB SSD Hard Drive,1 year Microsoft 365 basic subscription,none,16.0,512,SSD,256,9339.0,Intel,i7,Gaming,Integrated,Mid-Range,1,1,False,43.0,"Backpack, Mouse, MS Office",Lenovo
"HP ProBook 4 35.6 cm (14) G1iR Business Laptop PC, Silver",0.0,Affordable devices designed with business in mind; commercial grade features with durable design,"Intel® Core™ 5 processor | Windows 11 Pro | 35.6 cm (14) diagonal, WUXGA, IPS display | Intel® Graphics | 24 GB DDR5-5600 RAM | 512 GB SSD Hard Drive",CE0Z9AT,76185.0,87889.0,"HP 215 39.6 cm (15.6) Laptop Backpack worth ₹ 1,785",https://www.hp.com/in-en/shop/hp-probook-4-g1ir-14-inch-notebook-pc-ce0z9at.html,Intel® Core™ 5 processor,Windows 11 Pro,"35.6 cm (14) diagonal, WUXGA, IPS display",Intel® Graphics,24 GB DDR5-5600 RAM,512 GB SSD Hard Drive,No,hp 215 39.6 cm (15.6) laptop backpack ,8.0,512,SSD,256,11290.0,Intel,i3,Normal,Integrated,Mid-Range,1,0,False,49.0,"Mouse, MS Office",Lenovo
"HP OMEN Gaming Laptop 16-ap0183AX , Black",5.0,Bold performance that doesn't burn out,"AMD Ryzen™ AI 7 processor | Windows 11 Home | 40.6 cm (16) diagonal, 2K, 165Hz, IPS, anti-glare, Low Blue Light, 400 nits display | NVIDIA® GeForce RTX™ 5060 8 GB | 24 GB DDR5-5600 RAM (Upgradeable) | 1 TB SSD Hard Drive",C7LU0PA,154737.0,174237.0,Microsoft Office Home 2024 Lifetime Subscription worth ₹9199.00 | 1 year Microsoft 365 basic subscription,https://www.hp.com/in-en/shop/hp-omen-gaming-laptop-16-ap0183ax-c7lu0pa.html,AMD Ryzen™ AI 7 processor,Windows 11 Home,"40.6 cm (16) diagonal, 2K, 165Hz, IPS, anti-glare, Low Blue Light, 400 nits display",Integrated,24 GB DDR5-5600 RAM (Upgradeable),1 TB SSD Hard Drive,1 year Microsoft 365 basic subscription,none,32.0,1,SSD,1024,22738.0,AMD,Ryzen 5,Premium,Integrated,Premium,1,0,False,75.0,"Mouse, MS Office",Lenovo
"HP OMEN Gaming Laptop 16-ap0182AX, Black",4.5,Copilot+ PC.Pro Gaming. Built for unbelievable speed and immersive gameplay.,"AMD Ryzen™ 9 processor | Windows 11 Home | 40.6 cm (16) diagonal, 2K, IPS, anti-glare, Low Blue Light, 165 Hz, 400 nits display | NVIDIA® GeForce RTX™ 5070 8GB | 24 GB DDR5-5600 RAM (Upgradeable) | 1 TB SSD Hard Drive",C80W5PA,170663.0,196719.0,Microsoft Office Home 2024 Lifetime Subscription worth ₹9199.00 | 1 year Microsoft 365 basic subscription,https://www.hp.com/in-en/shop/hp-omen-gaming-laptop-16-ap0182ax-c80w5pa.html,AMD Ryzen™ 9 processor,Windows 11 Home,"40.6 cm (16) diagonal, 2K, IPS, anti-glare, Low Blue Light, 165 Hz, 400 nits display",Integrated,24 GB DDR5-5600 RAM (Upgradeable),1 TB SSD Hard Drive,1 year Microsoft 365 basic subscription,none,8.0,1,SSD,1024,27220.0,AMD,Ryzen 5,Premium,Integrated,Premium,1,1,False,72.5,"Backpack, Mouse, MS Office",Lenovo
"OMEN Transcend Laptop 14, Black, Ultra 7-255H (16C), RTX 5050 8GB, 16 GB DDR5",0.0,"Built to Game, Made to Create","Intel® Core™ Ultra 7 processor | Windows 11 Home | 35.6 cm (14) diagonal 3K OLED display, 48-120 Hz refresh rate, 0.2 ms response time display | NVIDIA® GeForce RTX™ 5050 8GB | 16 GB LPDDR5-7467 MT/s RAM | 1 TB SSD Hard Drive",C27DTPA,166467.0,184354.0,,https://www.hp.com/in-en/shop/omen-transcend-laptop-14-fb1031tx-c27dtpa.html,Intel® Core™ Ultra 7 processor,Windows 11 Home,"35.6 cm (14) diagonal 3K OLED display, 48-120 Hz refresh rate, 0.2 ms response time display",Integrated,16 GB LPDDR5-7467 MT/s RAM,1 TB SSD Hard Drive,No,none,16.0,1,SSD,256,20355.0,Intel,i7,Premium,Integrated,Premium,1,0,False,34.0,"Backpack, Mouse, MS Office",Lenovo
"HP EliteBook 640 35.6 cm (14) G10 Notebook PC, Silver",0.0,Empowering the hybrid workforce,13th Generation Intel® Core™ i7 processor | FreeDOS | 35.6 cm (14) diagonal FHD IPS display | Intel® UHD Graphics | 16 GB DDR4-3200 RAM | 1 TB SSD Hard Drive,B81TZPT,97833.0,114334.0,"HP 215 39.6 cm (15.6) Laptop Backpack worth ₹ 1,785",https://www.hp.com/in-en/shop/hp-elitebook-640-14-inch-g10-notebook-pc-b81tzpt.html,13th Generation Intel® Core™ i7 processor,Unknown,35.6 cm (14) diagonal FHD IPS display,Intel® UHD Graphics,16 GB DDR4-3200 RAM,1 TB SSD Hard Drive,No,hp 215 39.6 cm (15.6) laptop backpack ,16.0,1,SSD,256,13335.0,Intel,i3,Premium,Integrated,Premium,0,0,False,34.0,"Backpack, Mouse",Lenovo
"HP OmniBook 5 Flip 35.6 cm (14) 14-fp0690TU, Silver",0.0,The upgrade you need from HP Pavilion. Excellent for students and families.,Intel® Core™ 7 processor | Windows 11 Home | 35.6 cm (14) diagonal 2K IPS display | Intel® Graphics | 16 GB LPDDR5-5200 RAM | 1 TB SSD Hard Drive,BX9Q7PA,100998.0,101342.0,"HP 310 15.6 Laptop Backpack worth ₹2,999.00 | Microsoft Office Home 2024 Lifetime Subscription worth ₹9199.00",https://www.hp.com/in-en/shop/hp-omnibook-5-flip-14-fp0690tu-bx9q7pa.html,Intel® Core™ 7 processor,Windows 11 Home,35.6 cm (14) diagonal 2K IPS display,Intel® Graphics,16 GB LPDDR5-5200 RAM,1 TB SSD Hard Drive,Microsoft Office Home 2024 Lifetime Subscription worth ₹9199.00,hp 310 15.6 laptop backpack ,8.0,1,SSD,512,5343.0,Intel,i5,Premium,Integrated,Premium,0,0,True,34.0,"Backpack, Mouse",Lenovo
"HP Laptop 39.6 cm (15.6) 15-fd0640TU, Silver",4.5,A reliably built laptop to keep you in the zone,Intel® Core™ 5-120U processor | Windows 11 Home | 39.6 cm (15.6) diagonal FHD display | Intel® UHD Graphics | 16 GB DDR4-3200 RAM | 512 GB SSD Hard Drive,BX9R8PA,59743.0,69629.0,HP X Entry Backpack worth  ₹1999.00 | Microsoft Office Home 2024 Lifetime Subscription worth ₹9199.00 | 1 year Microsoft 365 basic subscription,https://www.hp.com/in-en/shop/hp-laptop-15-fd0640tu-bx9r8pa.html,Intel® Core™ 5-120U processor,Windows 11 Home,39.6 cm (15.6) diagonal FHD display,Intel® UHD Graphics,16 GB DDR4-3200 RAM,512 GB SSD Hard Drive,1 year Microsoft 365 basic subscription,hp x entry backpack ,32.0,512,SSD,512,10130.0,Intel,i5,Normal,Integrated,Mid-Range,1,0,False,55.5,"Backpack, Mouse, MS Office",Lenovo
"HP Laptop 35.6 cm (14) 14-ep0343TU, Silver",0.0,Powerfully and responsibly made to get things done everyday,"13th Generation Intel® Core™ i3-1315U processor | Windows 11 Home | 35.6 cm (14) diagonal, FHD display | Intel® Graphics | 8 GB DDR4 RAM | 512 GB SSD Hard Drive",BG6D6PA,40072.0,49631.0,HP X Entry Backpack worth  ₹1999.00 | Microsoft Office Home 2024 Lifetime Subscription worth ₹9199.00,https://www.hp.com/in-en/shop/hp-laptop-14-ep0343tu-bg6d6pa.html,13th Generation Intel® Core™ i3-1315U processor,Windows 11 Home,"35.6 cm (14) diagonal, FHD display",Intel® Graphics,8 GB DDR4 RAM,512 GB SSD Hard Drive,Microsoft Office Home 2024 Lifetime Subscription worth ₹9199.00,hp x entry backpack ,32.0,512,SSD,512,8832.0,AMD,Ryzen 3,Normal,Integrated,Mid-Range,0,1,True,17.0,Mouse,Lenovo
"HP 255 39.6 cm (15.6) G10 Notebook PC, Silver",0.0,Powered for business,"AMD Ryzen™ 7 processor | FreeDOS | 39.6 cm (15.6) diagonal, FHD display | AMD Radeon™ Graphics | 16 GB DDR4 RAM | 512 GB SSD Hard Drive",BJ3Q4PT,53633.0,64556.0,"HP 215 39.6 cm (15.6) Laptop Backpack worth ₹ 1,785",https://www.hp.com/in-en/shop/hp-255-15-6-g10-notebook-pc-bj3q4pt.html,AMD Ryzen™ 7 processor,Unknown,"39.6 cm (15.6) diagonal, FHD display",AMD Radeon™ Graphics,16 GB DDR4 RAM,512 GB SSD Hard Drive,No,hp 215 39.6 cm (15.6) laptop backpack ,32.0,512,SSD,256,9557.0,AMD,Ryzen 7,Normal,Integrated,Mid-Range,0,0,False,33.0,,Lenovo
"HP Laptop 39.6 cm (15.6) 15-fc0155AU, Silver",2.8333,Reliable computing yet stylish laptop that makes the wallet happy,"AMD Ryzen™ 5-7520U processor | Windows 11 Home | 39.6 cm (15.6) diagonal, FHD display | AMD Radeon™ Graphics | 8 GB LPDDR5-5500 RAM | 512 GB SSD Hard Drive",9D3M9PA,40060.0,54551.0,Microsoft Office Home & Student 2021 Lifetime Subscription worth ₹9199.00 | HP X Entry Backpack worth  ₹1999.00,https://www.hp.com/in-en/shop/hp-laptop-15-fc0155au-9d3m9pa.html,AMD Ryzen™ 5-7520U processor,Windows 11 Home,"39.6 cm (15.6) diagonal, FHD display",AMD Radeon™ Graphics,8 GB LPDDR5-5500 RAM,512 GB SSD Hard Drive,Microsoft Office Home & Student 2021 Lifetime Subscription worth ₹9199.00,hp x entry backpack ,16.0,512,SSD,512,15051.0,AMD,Ryzen 7,Normal,Integrated,Mid-Range,1,0,True,31.1665,"Mouse, MS Office",Lenovo
"HP OmniBook 7 Aero Next Gen AI 13-bg1678AU, Silver",0.0,Copilot+ PC.Engineered for durability and performance for power users and students.,AMD Ryzen™ AI 5 processor | Windows 11 Home Single Language | 33.78 cm (13.3) diagonal WQXGA IPS display | AMD Radeon™ 840M Graphics | 16 GB LPDDR5x-7500 RAM | 512 GB SSD Hard Drive,BK1U0PA,89556.0,96136.0,Trendsetter Backpack | Microsoft Office Home 2024 Lifetime Subscription worth ₹9199.00 | 1 year Microsoft 365 basic subscription,https://www.hp.com/in-en/shop/hp-omnibook-7-aerongai-13-bg1678au-bk1u0pa.html,AMD Ryzen™ AI 5 processor,Windows 11 Home Single Language,33.78 cm (13.3) diagonal WQXGA IPS display,AMD Radeon™ 840M Graphics,16 GB LPDDR5x-7500 RAM,512 GB SSD Hard Drive,1 year Microsoft 365 basic subscription,trendsetter backpack,32.0,512,SSD,1024,7637.0,AMD,Ryzen 3,Premium,Integrated,Premium,0,0,False,33.0,"Mouse, MS Office",Lenovo
"HP OmniBook Ultra Flip 35.6 cm (14) Next Gen AI 14-fh0369TU, Blue",0.0,"Copilot+ PC.Beautifully crafted, our fast and powerful OmniBook is perfect for freelancers and creators. Meet the AI-enhanced evolution of HP Spectre.","Intel® Core™ Ultra 9 processor with 48 TOPs | Next-Gen Windows | 35.6 cm (14) diagonal, 2.8K, OLED, UWVA, Corning® Gorilla® Glass 5, Low Blue Light display, 120Hz VRR and 400 nits brightness | Intel® Arc™ Graphics | 32 GB LPDDR5x-8533 RAM | 2 TB SSD Hard Drive",C88TPPA,210245.0,230443.0,Microsoft Office Home 2024 Lifetime Subscription worth ₹9199.00,https://www.hp.com/in-en/shop/hp-omnibook-ultra-flip-laptop-14-fh0369tu-c88tppa.html,Intel® Core™ Ultra 9 processor with 48 TOPs,Next-Gen Windows,"35.6 cm (14) diagonal, 2.8K, OLED, UWVA, Corning® Gorilla® Glass 5, Low Blue Light display, 120Hz VRR and 400 nits brightness",Intel® Arc™ Graphics,32 GB LPDDR5x-8533 RAM,2 TB SSD Hard Drive,Microsoft Office Home 2024 Lifetime Subscription worth ₹9199.00,none,32.0,2,SSD,1024,17444.0,Intel,i5,Premium,Integrated,Premium,0,0,True,68.0,"Backpack, Mouse",Lenovo
"HP EliteBook 8 35.6 cm (14) G1i Next Gen AI PC, Silver",0.0,Copilot+ PC.Next-gen AI redefines productivity for modern professionals,"Intel® Core™ Ultra 7 processor | Windows 11 Pro | 35.6 cm (14) diagonal, WUXGA IPS display | Intel® Arc™ Graphics | 16 GB LPDDR5x-8533 RAM | 1 TB SSD Hard Drive",C27V6PT,147206.0,163334.0,"HP 215 39.6 cm (15.6) Laptop Backpack worth ₹ 1,785",https://www.hp.com/in-en/shop/hp-elitebook-8-g1i-14-inch-notebook-next-gen-ai-pc-c27v6pt.html,Intel® Core™ Ultra 7 processor,Windows 11 Pro,"35.6 cm (14) diagonal, WUXGA IPS display",Intel® Arc™ Graphics,16 GB LPDDR5x-8533 RAM,1 TB SSD Hard Drive,No,hp 215 39.6 cm (15.6) laptop backpack ,32.0,1,SSD,1024,20535.0,Intel,i3,Premium,Integrated,Premium,0,0,False,34.0,"Mouse, MS Office",Lenovo
"HP Victus 39.6cm (15.6) Gaming Laptop 15-fa2700TX, Silver",3.3333,Follow your gaming destiny,"13th Generation Intel® Core™ i5 processor | Windows 11 Home | 39.6 cm (15.6) diagonal FHD IPS 144 Hz, 300 nits display | RTX 3050 6GB | 16 GB DDR4 RAM | 512 GB SSD Hard Drive",B7GP4PA,75217.0,88473.0,Microsoft Office Home 2024 Lifetime Subscription worth ₹9199.00 | Microsoft Xbox Game Pass 3 month | 1 year Microsoft 365 basic subscription,https://www.hp.com/in-en/shop/victus-gaming-laptop-15-fa2700tx-b7gp4pa.html,13th Generation Intel® Core™ i5 processor,Windows 11 Home,"39.6 cm (15.6) diagonal FHD IPS 144 Hz, 300 nits display",Integrated,16 GB DDR4 RAM,512 GB SSD Hard Drive,1 year Microsoft 365 basic subscription,none,32.0,512,SSD,512,10303.0,Intel,i5,Gaming,Integrated,Mid-Range,0,0,False,49.6665,"Backpack, Mouse, MS Office",Lenovo
"HP 255R 39.6 cm (15.6) G10 Business Laptop PC, Silver",0.0,"Compact and reliable, value-packed notebooks with essential business features to help you excel in hybrid work","AMD Ryzen™ 3 processor | FreeDOS 3.0 | 39.6 cm (15.6) diagonal, HD display | AMD Radeon™ 660M Graphics | 8 GB DDR5-4800 RAM | 512 GB SSD Hard Drive",C8HS5AT,33017.0,38135.0,"HP 215 39.6 cm (15.6) Laptop Backpack worth ₹ 1,785",https://www.hp.com/in-en/shop/hp-255r-15-6-inch-g10-notebook-pc-c8hs5at.html,AMD Ryzen™ 3 processor,Unknown,"39.6 cm (15.6) diagonal, HD display",AMD Radeon™ 660M Graphics,8 GB DDR5-4800 RAM,512 GB SSD Hard Drive,No,hp 215 39.6 cm (15.6) laptop backpack ,8.0,512,SSD,1024,2636.0,Intel,i7,Normal,Integrated,Budget,0,1,False,17.0,,Lenovo
HP ZBook Power 40.6 cm (16) G11 Mobile Workstation PC,3.8,"Recommended for  2D and light 3D workflows, photography, and for running multiple large Microsoft Office files.",Intel® Core™ Ultra 7 processor | Windows 11 Pro | 40.6 cm (16) diagonal WUXGA IPS display | NVIDIA RTX™ 2000 Ada Generation Graphics | 32 GB DDR5-5600 RAM | 1 TB SSD Solid State Drive,B6SA6PT,258209.0,351687.0,"FREE Bag (35L98AA) worth ₹ 1,785",https://www.hp.com/in-en/shop/hp-zbook-power-16-inch-g11-mobile-workstation-pc-b6sa6pt.html,Intel® Core™ Ultra 7 processor,Windows 11 Pro,40.6 cm (16) diagonal WUXGA IPS display,NVIDIA RTX™ 2000 Ada Generation Graphics,32 GB DDR5-5600 RAM,1 TB SSD Solid State Drive,No,free bag (35l98aa) ,32.0,1,SSD,1024,93857.0,AMD,Ryzen 7,Premium,Dedicated,Premium,0,0,False,85.0,"Mouse, MS Office",Lenovo
"HP Laptop 39.6 cm (15.6) 15-fd0573TU, Silver",0.0,A reliably built laptop to keep you in the zone,13th Generation Intel® Core™ i3 processor | Windows 11 Home | 39.6 cm (15.6) diagonal FHD display | Intel® UHD Graphics | 12 GB DDR4 RAM | 512 GB SSD Hard Drive,BG6E0PA,44707.0,53932.0,Microsoft Office Home 2024 Lifetime Subscription worth ₹9199.00,https://www.hp.com/in-en/shop/hp-laptop-15-fd0573tu-bg6e0pa.html,13th Generation Intel® Core™ i3 processor,Windows 11 Home,39.6 cm (15.6) diagonal FHD display,Intel® UHD Graphics,12 GB DDR4 RAM,512 GB SSD Hard Drive,Microsoft Office Home 2024 Lifetime Subscription worth ₹9199.00,none,32.0,512,SSD,1024,6433.0,Intel,i7,Normal,Integrated,Mid-Range,1,0,True,25.0,,Lenovo
HP ZBook Firefly 40.6 cm (16) G11 Mobile Workstation PC,4.6667,"Recommended for  2D and light 3D workflows, photography, and for running multiple large Microsoft Office files.","Intel® Core™ Ultra 7 processor | Windows 11 Pro | 40.6 cm (16) diagonal, WUXGA display | Intel® Graphics | 16 GB DDR5-5600 MHz RAM | 1 TB SSD Solid State Drive",A1VU1PT,143298.0,226763.0,,https://www.hp.com/in-en/shop/hp-zbook-firefly-16-g11-mobile-workstation-pc-a1vu1pt.html,Intel® Core™ Ultra 7 processor,Windows 11 Pro,"40.6 cm (16) diagonal, WUXGA display",Intel® Graphics,16 GB DDR5-5600 MHz RAM,1 TB SSD Solid State Drive,No,none,16.0,1,SSD,1024,84691.0,Intel,i7,Premium,Integrated,Premium,0,1,False,57.3335,,Lenovo
"HP ZBook 8 G1i 40.6 cm (16) Mobile Workstation PC, Silver",0.0,Step up performance. Not size.,"Intel® Core™ Ultra 7 processor | Windows 11 Pro | 40.6 cm (16) diagonal, WUXGA IPS display | NVIDIA RTX™ 500 Ada Generation Laptop GPU | 16 GB DDR5-5600 RAM | 1 TB SSD Solid State Drive",C1JQ2PT,158735.0,267171.0,"HP 215 39.6 cm (15.6) Laptop Backpack worth ₹ 1,785",https://www.hp.com/in-en/shop/hp-zbook-8-g1i-16-inch-mobile-workstation-pc-data-science-c1jq2pt.html,Intel® Core™ Ultra 7 processor,Windows 11 Pro,"40.6 cm (16) diagonal, WUXGA IPS display",Integrated,16 GB DDR5-5600 RAM,1 TB SSD Solid State Drive,No,hp 215 39.6 cm (15.6) laptop backpack ,16.0,1,SSD,1024,104672.0,AMD,Ryzen 3,Premium,Integrated,Premium,0,0,False,34.0,"Mouse, MS Office",Lenovo
"HP OMEN Gaming Laptop 16, Black, Core 7 - 240H (10C), RTX 5060 8GB, 24 GB",0.0,Bold performance without the burnout,"Intel® Core™ 7 240H (10C) processor | Windows 11 Home | 40.6 cm (16) diagonal, 2K, IPS, anti-glare, Low Blue Light, 165 Hz, 400 nits display | NVIDIA® GeForce RTX™ 5060 8GB | 24 GB DDR5 RAM | 1 TB SSD Hard Drive",C91T4PA,141789.0,157375.0,Microsoft Office Home 2024 Lifetime Subscription worth ₹9199.00,https://www.hp.com/in-en/shop/hp-omen-gaming-laptop-16-am0301tx-c91t4pa.html,Intel® Core™ 7 240H (10C) processor,Windows 11 Home,"40.6 cm (16) diagonal, 2K, IPS, anti-glare, Low Blue Light, 165 Hz, 400 nits display",Integrated,24 GB DDR5 RAM,1 TB SSD Hard Drive,Microsoft Office Home 2024 Lifetime Subscription worth ₹9199.00,none,16.0,1,SSD,512,17376.0,AMD,Ryzen 5,Premium,Integrated,Premium,0,0,True,50.0,"Backpack, Mouse, MS Office",Lenovo
"HP OMEN MAX Gaming Laptop 16, Black, Ryzen AI 9 HX 375 (12C), RTX 5070 Ti 12GB, 16 GB",0.0,Copilot+ PC.Pro Gaming. Built for unbelievable speed and immersive gameplay.,"AMD Ryzen™ AI 9 HX 375 (12C) processor | Windows 11 Home | 40.6 cm (16) diagonal, 2K, IPS, anti-glare, Low Blue Light, 165 Hz, 400 nits display | NVIDIA® GeForce RTX™ 5070 Ti | 16 GB DDR5 RAM | 1 TB SSD Hard Drive",C1PG0PA,236558.0,269787.0,Microsoft Office Home 2024 Lifetime Subscription worth ₹9199.00 | Microsoft Xbox Game Pass 3 month,https://www.hp.com/in-en/shop/hp-omen-max-gaming-laptop-16-ak0072ax-c1pg0pa.html,AMD Ryzen™ AI 9 HX 375 (12C) processor,Windows 11 Home,"40.6 cm (16) diagonal, 2K, IPS, anti-glare, Low Blue Light, 165 Hz, 400 nits display",Integrated,16 GB DDR5 RAM,1 TB SSD Hard Drive,Microsoft Xbox Game Pass 3 month,none,8.0,1,SSD,1024,29788.0,AMD,Ryzen 3,Premium,Integrated,Premium,1,1,False,34.0,"Backpack, Mouse, MS Office",Lenovo
"OMEN Gaming Laptop 16, Black, Ultra 7-255H (16C), RTX 5060 8GB, 32 GB",0.0,Bold performance without the burnout,"Intel® Core™ Ultra 7 processor | Windows 11 Home | 40.6 cm (16), diagonal,2K (1920 x 1200),165 Hz, 3 ms response time, IPS | NVIDIA® GeForce RTX™ 5060 8GB | 32 GB DDR5-5600 MT/s (2 x 16 GB) RAM | 1TB SSD Hard Drive",C27E1PA,160880.0,185478.0,,https://www.hp.com/in-en/shop/omen-gaming-laptop-16-am0246tx-c27e1pa.html,Intel® Core™ Ultra 7 processor,Windows 11 Home,"40.6 cm (16), diagonal,2K (1920 x 1200),165 Hz, 3 ms response time, IPS",Integrated,32 GB DDR5-5600 MT/s (2 x 16 GB) RAM,1TB SSD Hard Drive,No,none,8.0,1,SSD,256,20479.0,Intel,i5,Premium,Integrated,Premium,0,0,False,66.0,"Backpack, Mouse, MS Office",Lenovo
"HP OmniBook Ultra Flip 35.6 cm (14) Next Gen AI 14-fh0369TU, Blue",0.0,"Copilot+ PC.Beautifully crafted, our fast and powerful OmniBook is perfect for freelancers and creators. Meet the AI-enhanced evolution of HP Spectre.","Intel® Core™ Ultra 9 processor with 48 TOPs | Next-Gen Windows | 35.6 cm (14) diagonal, 2.8K, OLED, UWVA, Corning® Gorilla® Glass 5, Low Blue Light display, 120Hz VRR and 400 nits brightness | Intel® Arc™ Graphics | 32 GB LPDDR5x-8533 RAM | 2 TB SSD Hard Drive",C88TPPA,209908.0,230443.0,Microsoft Office Home 2024 Lifetime Subscription worth ₹9199.00,https://www.hp.com/in-en/shop/hp-omnibook-ultra-flip-laptop-14-fh0369tu-c88tppa.html,Intel® Core™ Ultra 9 processor with 48 TOPs,Next-Gen Windows,"35.6 cm (14) diagonal, 2.8K, OLED, UWVA, Corning® Gorilla® Glass 5, Low Blue Light display, 120Hz VRR and 400 nits brightness",Intel® Arc™ Graphics,32 GB LPDDR5x-8533 RAM,2 TB SSD Hard Drive,Microsoft Office Home 2024 Lifetime Subscription worth ₹9199.00,none,8.0,2,SSD,1024,17444.0,Intel,i3,Premium,Integrated,Premium,1,1,True,68.0,"Backpack, Mouse",Lenovo
"HP OmniBook X Flip 14-fm0058TU Next Gen AI PC, Silver",3.0,"Copilot+ PC.Unleash your creativity with supercharged performance wrapped in a thin and light design. Meet OmniBook X, the AI-enhanced evolution of HP Envy.","Intel® Core™ Ultra 5 processor | Windows 11 Home Single Language | 35.6 cm (14) diagonal 3K OLED, UWVA touch display | Intel® Arc™ Graphics | 16 GB LPDDR5x-8533 RAM | 512 GB SSD Hard Drive",BH7C0PA,109134.0,125841.0,"MPP 2.0 pen worth ₹ 3,999 | HP Creator 13.3 Laptop Sling worth ₹5,500.00 | Microsoft Office Home 2024 Lifetime Subscription worth ₹9199.00 | 1 year Microsoft 365 basic subscription",https://www.hp.com/in-en/shop/hp-omnibook-x-flipngai-14-fm0058tu-bh7c0pa.html,Intel® Core™ Ultra 5 processor,Windows 11 Home Single Language,"35.6 cm (14) diagonal 3K OLED, UWVA touch display",Intel® Arc™ Graphics,16 GB LPDDR5x-8533 RAM,512 GB SSD Hard Drive,1 year Microsoft 365 basic subscription,mpp 2.0 pen ,8.0,512,SSD,1024,15842.0,AMD,Ryzen 3,Premium,Integrated,Premium,0,1,False,48.0,"Backpack, Mouse, MS Office",Lenovo
"HP EliteBook 840 35.6 cm (14) G11 Business Laptop PC, Silver",3.7143,The enterprise notebook that’s anything but ordinary,"Intel® Core™ Ultra 7 processor | Windows 11 Pro | 35.6 cm (14) diagonal, WUXGA, IPS display | Intel® Graphics | 16 GB DDR5 RAM | 512 GB SSD Hard Drive",BM4C7PT,124465.0,146667.0,"HP 215 39.6 cm (15.6) Laptop Backpack worth ₹ 1,785",https://www.hp.com/in-en/shop/hp-elitebook-840-14-inch-g11-notebook-pc-bm4c7pt.html,Intel® Core™ Ultra 7 processor,Windows 11 Pro,"35.6 cm (14) diagonal, WUXGA, IPS display",Intel® Graphics,16 GB DDR5 RAM,512 GB SSD Hard Drive,No,hp 215 39.6 cm (15.6) laptop backpack ,32.0,512,SSD,1024,19168.0,AMD,Ryzen 7,Premium,Integrated,Premium,0,1,False,51.5715,"Mouse, MS Office",Lenovo
"HP Elitebook Ultra 35.6 cm (14) G1q Business Laptop AI PC, Blue",5.0,Copilot+ PC.Lead the way with this sophisticated next-gen AI PC,Qualcomm® Snapdragon™ processor | Windows 11 Pro | 35.6 cm (14) diagonal 2.2K touch display supports Qualcomm® Adreno™ | 16 GB LPDDR5x-8400 RAM | 1 TB SSD Hard Drive,A5KJ7PA,166789.0,,,https://www.hp.com/in-en/shop/elitebook-ultra-g1q-business-laptop-ai-pc.html,Qualcomm® Snapdragon™ processor,Windows 11 Pro,35.6 cm (14) diagonal 2.2K touch display supports Qualcomm® Adreno™,Integrated,16 GB LPDDR5x-8400 RAM,1 TB SSD Hard Drive,No,none,32.0,1,SSD,512,,AMD,Ryzen 7,Premium,Integrated,Premium,0,0,False,59.0,"Mouse, MS Office",Lenovo
"HP OmniBook 5 40.6 cm (16) Next Gen AI 16-fb0001QU, Silver",0.0,Copilot+ PC.The upgrade you need from HP Pavilion. Excellent for students and families.,"Snapdragon® X processor | Next-Gen Windows | 40.6 cm (16) diagonal, 2K, OLED, UWVA, Low Blue Light display | Qualcomm® Adreno™ GPU | 16 GB LPDDR5x-8448 RAM | 1 TB SSD Hard Drive",C40F2PA,72527.0,87095.0,Microsoft Office Home 2024 Lifetime Subscription worth ₹9199.00,https://www.hp.com/in-en/shop/hp-omnibook-5-laptop-next-gen-ai-16-fb0001qu-c40f2pa.html,Snapdragon® X processor,Next-Gen Windows,"40.6 cm (16) diagonal, 2K, OLED, UWVA, Low Blue Light display",Integrated,16 GB LPDDR5x-8448 RAM,1 TB SSD Hard Drive,Microsoft Office Home 2024 Lifetime Subscription worth ₹9199.00,none,32.0,1,SSD,1024,9596.0,Intel,i3,Normal,Integrated,Mid-Range,1,0,True,34.0,Mouse,Lenovo
"HP ZBook Power 40.6 cm (16) G11 Mobile Workstation PC, Silver",3.8,Step up performance. Not size,Intel® Core™ Ultra 7 processor | Windows 11 Pro | 40.6 cm (16) diagonal WUXGA IPS display | NVIDIA RTX™ A500 Graphics | 16 GB DDR5-5600 RAM | 1 TB SSD Solid State Drive,B6SA0PT,209201.0,284592.0,"FREE Bag (35L98AA) worth ₹ 1,785",https://www.hp.com/in-en/shop/hp-zbook-power-16-inch-g11-mobile-workstation-pc-b6sa0pt.html,Intel® Core™ Ultra 7 processor,Windows 11 Pro,40.6 cm (16) diagonal WUXGA IPS display,NVIDIA RTX™ A500 Graphics,16 GB DDR5-5600 RAM,1 TB SSD Solid State Drive,No,free bag (35l98aa) ,32.0,1,SSD,512,76292.0,Intel,i7,Premium,Dedicated,Premium,0,0,False,53.0,"Backpack, Mouse, MS Office",Lenovo
"HP EliteBook 8 G1i 35.6 cm (14) Notebook Next Gen AI PC, Silver",0.0,Copilot+ PC.Next-gen AI redefines productivity for modern professionals,"Intel® Core™ Ultra 7 processor | Windows 11 Pro | 35.6 cm (14) diagonal WUXGA, 800 nits, touch display | Intel® Arc™ Graphics | 32 GB RAM | 1 TB SSD Hard Drive",BQ9B6PT,207469.0,206231.0,,https://www.hp.com/in-en/shop/hp-elitebook-8-g1i-14-inch-notebook-next-gen-ai-pc-bq9b6pt.html,Intel® Core™ Ultra 7 processor,Windows 11 Pro,"35.6 cm (14) diagonal WUXGA, 800 nits, touch display",Intel® Arc™ Graphics,32 GB RAM,1 TB SSD Hard Drive,No,none,8.0,1,SSD,512,1232.0,Intel,i3,Premium,Integrated,Premium,1,0,False,66.0,"Mouse, MS Office",Lenovo
"HP Laptop 39.6 cm (15.6) 15-fd0465TU, Silver",3.0,A reliably built laptop to keep you in the zone,13th Generation Intel® Core™ i3 processor | Windows 11 Home Single Language | 39.6 cm (15.6) diagonal FHD display | Intel® Graphics | 8 GB DDR4-3200 MT/s RAM | 512 GB SSD Hard Drive,B61ZFPA,45364.0,50842.0,HP X Entry Backpack worth  ₹1999.00 | Microsoft Office Home 2024 Lifetime Subscription worth ₹9199.00 | 1 year Microsoft 365 basic subscription,https://www.hp.com/in-en/shop/hp-laptop-15-fd0465tu-b61zfpa.html,13th Generation Intel® Core™ i3 processor,Windows 11 Home Single Language,39.6 cm (15.6) diagonal FHD display,Intel® Graphics,8 GB DDR4-3200 MT/s RAM,512 GB SSD Hard Drive,1 year Microsoft 365 basic subscription,hp x entry backpack ,16.0,512,SSD,512,10343.0,Intel,i5,Normal,Integrated,Mid-Range,1,1,False,32.0,"Backpack, Mouse, MS Office",Lenovo
"HP OMEN Gaming Laptop 16, Black, Ryzen AI 5 340 (6C), RTX 5050 8GB, 16 GB",0.0,Copilot+ PC.Pro Gaming. Built for unbelievable speed and immersive gameplay.,"AMD Ryzen™ AI 5 340 (6C) processor | Windows 11 Home | 40.6 cm (16) diagonal, 2K, IPS, anti-glare, Low Blue Light, 165 Hz, 400 nits display | NVIDIA® GeForce RTX™ 5050 8GB | 16 GB DDR5 RAM | 1 TB SSD Hard Drive",C1NW1PA,145455.0,162996.0,Microsoft Office Home 2024 Lifetime Subscription worth ₹9199.00 | Microsoft Xbox Game Pass 3 month,https://www.hp.com/in-en/shop/hp-omen-gaming-laptop-16-ap0067ax-c1nw1pa.html,AMD Ryzen™ AI 5 340 (6C) processor,Windows 11 Home,"40.6 cm (16) diagonal, 2K, IPS, anti-glare, Low Blue Light, 165 Hz, 400 nits display",Integrated,16 GB DDR5 RAM,1 TB SSD Hard Drive,Microsoft Xbox Game Pass 3 month,none,8.0,1,SSD,512,17997.0,AMD,Ryzen 5,Premium,Integrated,Premium,1,1,False,34.0,"Backpack, Mouse, MS Office",Lenovo
HP ZBook Firefly 35.6 cm (14) G11 Mobile Workstation PC,3.9375,"Recommended for  2D and light 3D workflows, photography, and for running multiple large Microsoft Office files.",Intel® Core™ Ultra 7 processor | Windows 11 Pro | 35.6 cm (14) diagonal WUXGA display | Intel® Graphics | 32 GB DDR5-5600 MHz RAM (1 x 32 GB) | 1 TB PCIe® NVMe™ SSD,A1VR3PT,151696.0,238920.0,,https://www.hp.com/in-en/shop/hp-zbook-firefly-14-g11-mobile-workstation-pc-a1vr3pt.html,Intel® Core™ Ultra 7 processor,Windows 11 Pro,35.6 cm (14) diagonal WUXGA display,Intel® Graphics,32 GB DDR5-5600 MHz RAM (1 x 32 GB),1 TB PCIe® NVMe™ SSD,No,none,8.0,1,SSD,1024,89421.0,AMD,Ryzen 3,Premium,Integrated,Premium,1,0,False,85.6875,"Backpack, Mouse, MS Office",Lenovo
HP ZBook Power 40.6 cm (16) G11 Mobile Workstation PC,3.8,"Recommended for  2D and light 3D workflows, photography, and for running multiple large Microsoft Office files.",Intel® Core™ Ultra 7 processor | Windows 11 Pro | 40.6 cm (16) diagonal WUXGA display | NVIDIA RTX™ A1000 Laptop GPU | 32 GB DDR5-5600 RAM | 1 TB SSD Solid State Drive,A8WN0PT,212352.0,318733.0,,https://www.hp.com/in-en/shop/hp-zbook-power-16-g11-mobile-workstation-pc-a8wn0pt.html,Intel® Core™ Ultra 7 processor,Windows 11 Pro,40.6 cm (16) diagonal WUXGA display,Integrated,32 GB DDR5-5600 RAM,1 TB SSD Solid State Drive,No,none,8.0,1,SSD,512,107234.0,Intel,i3,Premium,Integrated,Premium,1,0,False,85.0,"Backpack, Mouse, MS Office",Lenovo
"HP ZBook 8 G1i 40.6 cm (16) Mobile Workstation PC, Silver",0.0,Step up performance. Not size.,"Intel® Core™ Ultra 7 processor | Windows 11 Pro | 40.6 cm (16) diagonal, WUXGA IPS display | NVIDIA RTX™ 500 Ada Generation Laptop GPU | 16 GB DDR5-5600 RAM | 1 TB SSD Solid State Drive",C1JQ2PT,160169.0,267171.0,"HP 215 39.6 cm (15.6) Laptop Backpack worth ₹ 1,785",https://www.hp.com/in-en/shop/hp-zbook-8-g1i-16-inch-mobile-workstation-pc-data-science-c1jq2pt.html,Intel® Core™ Ultra 7 processor,Windows 11 Pro,"40.6 cm (16) diagonal, WUXGA IPS display",Integrated,16 GB DDR5-5600 RAM,1 TB SSD Solid State Drive,No,hp 215 39.6 cm (15.6) laptop backpack ,32.0,1,SSD,512,104672.0,AMD,Ryzen 5,Premium,Integrated,Premium,0,0,False,34.0,"Mouse, MS Office",Lenovo
"HP EliteBook 6 G1i 35.6 cm (14) Notebook Next Gen AI PC, Silver",0.0,AI-ready for enterprise productivity,"Intel® Core™ Ultra 5 processor | Windows 11 Pro | 35.6 cm (14) diagonal WUXGA, IPS, anti-glare, 800 nits display | Intel® Graphics | 32 GB DDR5-5600 RAM | 512 GB SSD Hard Drive",BQ8J5PT,160474.0,,,https://www.hp.com/in-en/shop/hp-elitebook-6-g1i-14-inch-notebook-next-gen-ai-pc-bq8j5pt.html,Intel® Core™ Ultra 5 processor,Windows 11 Pro,"35.6 cm (14) diagonal WUXGA, IPS, anti-glare, 800 nits display",Intel® Graphics,32 GB DDR5-5600 RAM,512 GB SSD Hard Drive,No,none,8.0,512,SSD,512,,AMD,Ryzen 7,Premium,Integrated,Premium,1,0,False,65.0,"Mouse, MS Office",Lenovo
"HP Laptop 39.6 cm (15.6) 15-fd1353TU, Silver",0.0,Reliable computing yet stylish laptop that makes the wallet happy,"Intel® Core™ Ultra 5-125H processor | Windows 11 Home Single Language | 39.6 cm (15.6) diagonal FHD, IPS, anti-glare display | Intel® Arc™ Graphics | 16 GB DDR5-5600 RAM | 512 GB SSD Hard Drive",C72X5PA,72388.0,76294.0,HP X Entry Backpack worth  ₹1999.00,https://www.hp.com/in-en/shop/hp-laptop-15-fd1353tu-c72x5pa.html,Intel® Core™ Ultra 5-125H processor,Windows 11 Home Single Language,"39.6 cm (15.6) diagonal FHD, IPS, anti-glare display",Intel® Arc™ Graphics,16 GB DDR5-5600 RAM,512 GB SSD Hard Drive,No,hp x entry backpack ,8.0,512,SSD,512,7795.0,Intel,i3,Normal,Integrated,Mid-Range,0,1,False,33.0,,Lenovo
"HP EliteBook 8 35.6 cm (14) G1i Next Gen AI PC, Silver",0.0,Copilot+ PC.Next-gen AI redefines productivity for modern professionals,"Intel® Core™ Ultra 7 processor | Windows 11 Pro | 35.6 cm (14) diagonal, WUXGA IPS display | Intel® Arc™ Graphics | 32 GB LPDDR5x-8533 RAM | 1 TB SSD Hard Drive",C27T4PT,161918.0,189778.0,"HP 215 39.6 cm (15.6) Laptop Backpack worth ₹ 1,785",https://www.hp.com/in-en/shop/hp-elitebook-8-g1i-14-inch-notebook-next-gen-ai-pc-c27t4pt.html,Intel® Core™ Ultra 7 processor,Windows 11 Pro,"35.6 cm (14) diagonal, WUXGA IPS display",Intel® Arc™ Graphics,32 GB LPDDR5x-8533 RAM,1 TB SSD Hard Drive,No,hp 215 39.6 cm (15.6) laptop backpack ,32.0,1,SSD,256,24179.0,AMD,Ryzen 5,Premium,Integrated,Premium,0,0,False,66.0,"Backpack, Mouse, MS Office",Lenovo
"HP EliteBook 840 35.6 cm (14) G11 Notebook PC, Silver",3.7143,The enterprise notebook that’s anything but ordinary,"Intel® Core™ Ultra 7 processor | Windows 11 Pro | 35.6 cm (14) diagonal, WUXGA, 300 nits, IPS touch display | Intel® Arc™ Graphics | 16 GB DDR5-5600 RAM | 1 TB SSD Hard Drive",B86BCPT,134871.0,154615.0,"HP 215 39.6 cm (15.6) Laptop Backpack worth ₹ 1,785",https://www.hp.com/in-en/shop/hp-elitebook-840-14-inch-g11-notebook-pc-b86bcpt.html,Intel® Core™ Ultra 7 processor,Windows 11 Pro,"35.6 cm (14) diagonal, WUXGA, 300 nits, IPS touch display",Intel® Arc™ Graphics,16 GB DDR5-5600 RAM,1 TB SSD Hard Drive,No,hp 215 39.6 cm (15.6) laptop backpack ,8.0,1,SSD,512,21616.0,AMD,Ryzen 3,Premium,Integrated,Premium,1,1,False,52.5715,Mouse,Lenovo
"HP EliteBook 8 G1i 35.6 cm (14) Notebook Next Gen AI PC, Silver",0.0,Copilot+ PC.Next-gen AI redefines productivity for modern professionals,"Intel® Core™ Ultra 7 processor | Windows 11 Pro | 35.6 cm (14) diagonal WUXGA, 800 nits, touch display | Intel® Arc™ Graphics | 32 GB RAM | 1 TB SSD Hard Drive",BQ9B7PT,208923.0,206849.0,,https://www.hp.com/in-en/shop/hp-elitebook-8-g1i-14-inch-notebook-next-gen-ai-pc-bq9b7pt.html,Intel® Core™ Ultra 7 processor,Windows 11 Pro,"35.6 cm (14) diagonal WUXGA, 800 nits, touch display",Intel® Arc™ Graphics,32 GB RAM,1 TB SSD Hard Drive,No,none,16.0,1,SSD,256,1350.0,AMD,Ryzen 7,Premium,Integrated,Premium,0,0,False,66.0,"Backpack, Mouse, MS Office",Lenovo
"HP ProBook 4 35.6 cm (14) G1iR Business Laptop PC, Silver",0.0,Affordable devices designed with business in mind; commercial grade features with durable design,"13th Generation Intel® Core™ i5 processor | FreeDOS | 35.6 cm (14) diagonal, WUXGA IPS display | Intel® Iris® Xᵉ Graphics | 16 GB DDR5-5600 RAM | 512 GB SSD Hard Drive",C22NMAT,77660.0,85556.0,,https://www.hp.com/in-en/shop/hp-probook-4-g1ir-14-inch-notebook-pc-c22nmat.html,13th Generation Intel® Core™ i5 processor,Unknown,"35.6 cm (14) diagonal, WUXGA IPS display",Intel® Iris® Xᵉ Graphics,16 GB DDR5-5600 RAM,512 GB SSD Hard Drive,No,none,16.0,512,SSD,256,7557.0,AMD,Ryzen 7,Normal,Integrated,Mid-Range,1,0,False,33.0,,Lenovo
"HP ProBook 440 35.6 cm (14) G10 Business Laptop PC, Silver",4.0,"Essential, commercial-grade features","13th Generation Intel® Core™ i7 processor | Windows 11 Pro | 35.6 cm (14) diagonal, FHD, IPS display | Intel® UHD Graphics | 16 GB DDR4-3200 RAM | 512 GB SSD Hard Drive",BM4C6PT,104453.0,115834.0,,https://www.hp.com/in-en/shop/hp-probook-440-14-inch-g10-notebook-pc-bm4c6pt.html,13th Generation Intel® Core™ i7 processor,Windows 11 Pro,"35.6 cm (14) diagonal, FHD, IPS display",Intel® UHD Graphics,16 GB DDR4-3200 RAM,512 GB SSD Hard Drive,No,none,8.0,512,SSD,1024,14835.0,Intel,i7,Premium,Integrated,Premium,1,1,False,53.0,"Backpack, Mouse",Lenovo
"HP OMEN Gaming Laptop 16, Black, Ultra 7-255H (16C), RTX 5070 8GB, 16 GB",0.0,Bold performance without the burnout,"Intel® Core™ Ultra 7 255H (16C) processor | Windows 11 Home | 40.6 cm (16) diagonal, 2K, IPS, anti-glare, Low Blue Light, 165 Hz, 400 nits display | NVIDIA® GeForce RTX™ 5070 8GB | 16 GB DDR5 RAM | 1 TB SSD Hard Drive",BP4P5PA,168863.0,193347.0,Microsoft Office Home 2024 Lifetime Subscription worth ₹9199.00 | Microsoft Xbox Game Pass 3 month,https://www.hp.com/in-en/shop/hp-omen-gaming-laptop-16-am0080tx-bp4p5pa.html,Intel® Core™ Ultra 7 255H (16C) processor,Windows 11 Home,"40.6 cm (16) diagonal, 2K, IPS, anti-glare, Low Blue Light, 165 Hz, 400 nits display",Integrated,16 GB DDR5 RAM,1 TB SSD Hard Drive,Microsoft Xbox Game Pass 3 month,none,8.0,1,SSD,256,21348.0,AMD,Ryzen 3,Premium,Integrated,Premium,0,1,False,34.0,"Backpack, Mouse, MS Office",Lenovo
"HP OmniBook 7 Aero Next Gen AI 13-bg1456AU, Silver",5.0,Copilot+ PC.Engineered for durability and performance for power users and students.,AMD Ryzen™ AI 7 processor | Windows 11 Home Single Language | 33.78 cm (13.3) diagonal WQXGA IPS display | AMD Radeon™ 860M Graphics | 16 GB LPDDR5x-7500 RAM | 512 GB SSD Hard Drive,BK1T2PA,95783.0,106875.0,Trendsetter Backpack | Microsoft Office Home 2024 Lifetime Subscription worth ₹9199.00 | 1 year Microsoft 365 basic subscription,https://www.hp.com/in-en/shop/hp-omnibook-7-aerongai-13-bg1456au-bk1t2pa.html,AMD Ryzen™ AI 7 processor,Windows 11 Home Single Language,33.78 cm (13.3) diagonal WQXGA IPS display,AMD Radeon™ 860M Graphics,16 GB LPDDR5x-7500 RAM,512 GB SSD Hard Drive,1 year Microsoft 365 basic subscription,trendsetter backpack,16.0,512,SSD,512,9876.0,AMD,Ryzen 3,Premium,Integrated,Premium,0,1,False,58.0,"Backpack, Mouse, MS Office",Lenovo
"HP EliteBook Ultra G1i 35.6 cm (14) Notebook Next Gen AI PC, Blue",4.0,Copilot+ PC.Lead the way with this sophisticated next-gen AI PC,Intel® Core™ Ultra 7 processor | Windows 11 Pro | 35.6 cm (14) diagonal OLED IPS touch display | Intel® Arc™ Graphics | 32 GB LPDDR5x RAM | 1 TB SSD Hard Drive,B7TQ8PT,206784.0,228223.0,"HP 215 39.6 cm (15.6) Laptop Backpack worth ₹ 1,785",https://www.hp.com/in-en/shop/hp-elitebook-ultra-g1i-14-inch-notebook-next-gen-ai-pc-b7tq8pt.html,Intel® Core™ Ultra 7 processor,Windows 11 Pro,35.6 cm (14) diagonal OLED IPS touch display,Intel® Arc™ Graphics,32 GB LPDDR5x RAM,1 TB SSD Hard Drive,No,hp 215 39.6 cm (15.6) laptop backpack ,32.0,1,SSD,1024,23224.0,Intel,i5,Premium,Integrated,Premium,1,1,False,86.0,"Mouse, MS Office",Lenovo
"HP ProBook 440 35.6 cm (14) G10 Business Laptop PC, Silver",4.0,"Essential, commercial-grade features","13th Generation Intel® Core™ i7 processor | Windows 11 Pro | 35.6 cm (14) diagonal, FHD, IPS display | Intel® UHD Graphics | 16 GB DDR4 RAM | 1 TB SSD Hard Drive",B83ZJAT,108752.0,119778.0,"HP 215 39.6 cm (15.6) Laptop Backpack worth ₹ 1,785",https://www.hp.com/in-en/shop/hp-probook-440-14-g10-notebook-pc-b83zjat.html,13th Generation Intel® Core™ i7 processor,Windows 11 Pro,"35.6 cm (14) diagonal, FHD, IPS display",Intel® UHD Graphics,16 GB DDR4 RAM,1 TB SSD Hard Drive,No,hp 215 39.6 cm (15.6) laptop backpack ,8.0,1,SSD,256,14779.0,AMD,Ryzen 7,Premium,Integrated,Premium,0,0,False,54.0,"Backpack, Mouse, MS Office",Lenovo
"HP ZBook Firefly 35.6 cm (14) G11 Mobile Workstation PC, Silver",3.8,"Recommended for  2D and light 3D workflows, photography, and for running multiple large Microsoft Office files.","Intel® Core™ Ultra 7 processor | Windows 11 Pro | 35.6 cm (14) diagonal, WUXGA display | NVIDIA RTX™ A500 Graphics | 16 GB DDR5-5600 RAM | 1 TB SSD Solid State Drive",A1VL0PT,155180.0,254365.0,,https://www.hp.com/in-en/shop/hp-zbook-firefly-14-g11-mobile-workstation-pc-a1vl0pt.html,Intel® Core™ Ultra 7 processor,Windows 11 Pro,"35.6 cm (14) diagonal, WUXGA display",NVIDIA RTX™ A500 Graphics,16 GB DDR5-5600 RAM,1 TB SSD Solid State Drive,No,none,8.0,1,SSD,256,96866.0,AMD,Ryzen 7,Premium,Dedicated,Premium,1,0,False,53.0,"Backpack, Mouse, MS Office",Lenovo
"HP OMEN MAX Gaming Laptop 16, Black, Ryzen AI 7 350 (8C), RTX 5070 8GB, 16 GB",0.0,Copilot+ PC.Pro Gaming. Built for unbelievable speed and immersive gameplay.,"AMD Ryzen™ AI 7 350 (8C) processor | Windows 11 Home | 40.6 cm (16) diagonal, 2K, 60-165 Hz, IPS, anti-glare, Low Blue Light, 400 nits display | NVIDIA® GeForce RTX™ 5070 8GB | 16 GB DDR5 RAM | 1 TB SSD Hard Drive",BE7A0PA,177050.0,202340.0,Microsoft Office Home 2024 Lifetime Subscription worth ₹9199.00 | Microsoft Xbox Game Pass 3 month,https://www.hp.com/in-en/shop/hp-omen-max-gaming-laptop-16-ak0024ax-be7a0pa.html,AMD Ryzen™ AI 7 350 (8C) processor,Windows 11 Home,"40.6 cm (16) diagonal, 2K, 60-165 Hz, IPS, anti-glare, Low Blue Light, 400 nits display",Integrated,16 GB DDR5 RAM,1 TB SSD Hard Drive,Microsoft Xbox Game Pass 3 month,none,16.0,1,SSD,512,22341.0,Intel,i5,Premium,Integrated,Premium,0,0,False,34.0,"Backpack, Mouse, MS Office",Lenovo
"HP Laptop 39.6 cm (15.6) 15-fc0690AU, Silver",0.0,Reliable computing yet stylish laptop that makes the wallet happy,AMD Ryzen™ 5-7520U processor | Windows 11 Home | 39.6 cm (15.6) diagonal FHD display | AMD Radeon™ Graphics | 16 GB LPDDR5 (onboard) RAM | 512 GB SSD Hard Drive,C94FVPA,43735.0,55691.0,HP X Entry Backpack worth  ₹1999.00 | Microsoft Office Home 2024 Lifetime Subscription worth ₹9199.00,https://www.hp.com/in-en/shop/hp-laptop-15-fc0690au-c94fvpa.html,AMD Ryzen™ 5-7520U processor,Windows 11 Home,39.6 cm (15.6) diagonal FHD display,AMD Radeon™ Graphics,16 GB LPDDR5 (onboard) RAM,512 GB SSD Hard Drive,Microsoft Office Home 2024 Lifetime Subscription worth ₹9199.00,hp x entry backpack ,32.0,512,SSD,256,8692.0,Intel,i7,Normal,Integrated,Mid-Range,0,0,True,33.0,"Backpack, Mouse, MS Office",Lenovo
"HP Laptop 15-hr0008TU, Silver",0.0,A reliably built laptop to keep you in the zone,13th Generation Intel® Core™ i5 processor | Windows 11 Home | 39.6 cm (15.6) diagonal FHD display | Intel® Iris® Xᵉ Graphics | 16 GB DDR4 RAM | 512 GB SSD Hard Drive,BK2Q0PA,62259.0,73265.0,HP X Entry Backpack worth  ₹1999.00 | Microsoft Office Home 2024 Lifetime Subscription worth ₹9199.00,https://www.hp.com/in-en/shop/hp-laptop-15-hr0008tu-bk2q0pa.html,13th Generation Intel® Core™ i5 processor,Windows 11 Home,39.6 cm (15.6) diagonal FHD display,Intel® Iris® Xᵉ Graphics,16 GB DDR4 RAM,512 GB SSD Hard Drive,Microsoft Office Home 2024 Lifetime Subscription worth ₹9199.00,hp x entry backpack ,8.0,512,SSD,512,9461.0,AMD,Ryzen 7,Normal,Integrated,Mid-Range,0,0,True,33.0,"Mouse, MS Office",Lenovo
"OMEN Transcend Laptop 14, Black, Ultra 9-285H (16C), RTX 5070 8GB, 32 GB DDR5",0.0,"Built to Game, Made to Create","Intel® Core™ Ultra 9 processor | Windows 11 Home | 35.6 cm (14) diagonal 3K OLED display, 48-120 Hz refresh rate, 0.2 ms response time display | NVIDIA® GeForce RTX™ 5070 8GB | 32 GB LPDDR5x-7500 MT/s  RAM | 1 TB SSD Hard Drive",C27DRPA,206631.0,236063.0,,https://www.hp.com/in-en/shop/omen-transcend-laptop-14-fb1028tx-c27drpa.html,Intel® Core™ Ultra 9 processor,Windows 11 Home,"35.6 cm (14) diagonal 3K OLED display, 48-120 Hz refresh rate, 0.2 ms response time display",Integrated,32 GB LPDDR5x-7500 MT/s  RAM,1 TB SSD Hard Drive,No,none,32.0,1,SSD,1024,26064.0,AMD,Ryzen 3,Premium,Integrated,Premium,1,0,False,66.0,"Backpack, Mouse",Lenovo
"HP Laptop 39.6 cm (15.6) 15-fc0500AU, Silver",4.5,Reliable computing yet stylish laptop that makes the wallet happy,"AMD Ryzen™ 3-7320U processor | Windows 11 Home | 39.6 cm (15.6) diagonal, FHD display | AMD Radeon™ Graphics | 8 GB 5500 LPDDR5 (on-board) RAM | 512 GB SSD Hard Drive",BV2W0PA,38187.0,44783.0,HP X Entry Backpack worth  ₹1999.00 | Microsoft Office Home 2024 Lifetime Subscription worth ₹9199.00 | 1 year Microsoft 365 basic subscription,https://www.hp.com/in-en/shop/hp-laptop-15-fc0500au-bv2w0pa.html,AMD Ryzen™ 3-7320U processor,Windows 11 Home,"39.6 cm (15.6) diagonal, FHD display",AMD Radeon™ Graphics,8 GB 5500 LPDDR5 (on-board) RAM,512 GB SSD Hard Drive,1 year Microsoft 365 basic subscription,hp x entry backpack ,32.0,512,SSD,1024,4784.0,AMD,Ryzen 5,Normal,Integrated,Budget,1,0,False,39.5,"Mouse, MS Office",Lenovo
"HP EliteBook 845 35.6 cm (14) G11 Notebook PC, Silver",0.0,The enterprise notebook that’s anything but ordinary,AMD Ryzen™ 7 processor | FreeDOS | 35.6 cm (14) WUXGA display | AMD Radeon™ 780M Graphics | 16 GB DDR5-5600 RAM | 512 GB SSD Hard Drive,B85PXPT,92628.0,107334.0,"HP 215 39.6 cm (15.6) Laptop Backpack worth ₹ 1,785",https://www.hp.com/in-en/shop/hp-elitebook-845-14-inch-g11-notebook-pc-b85pxpt.html,AMD Ryzen™ 7 processor,Unknown,35.6 cm (14) WUXGA display,AMD Radeon™ 780M Graphics,16 GB DDR5-5600 RAM,512 GB SSD Hard Drive,No,hp 215 39.6 cm (15.6) laptop backpack ,16.0,512,SSD,512,12835.0,Intel,i7,Premium,Integrated,Premium,0,1,False,33.0,"Backpack, Mouse, MS Office",Lenovo
"HP OmniBook 7 35.6 cm (14) AI Laptop 14-fr0789TU, Silver",0.0,Engineered for durability and performance for power users and students.,"Intel® Core™ Ultra 5-225H processor | Windows 11 Home | 35.6 cm (14) diagonal, 3K, OLED, UWVA, Low Blue Light display | Intel® Arc™ 130T GPU | 16 GB LPDDR5-5200 RAM | 1 TB SSD Hard Drive",C58RFPA,90019.0,99527.0,"HP 310 15.6 Laptop Backpack worth ₹2,999.00 | Microsoft Office Home 2024 Lifetime Subscription worth ₹9199.00",https://www.hp.com/in-en/shop/hp-omnibook-7-laptop-ai-14-fr0789tu-c58rfpa.html,Intel® Core™ Ultra 5-225H processor,Windows 11 Home,"35.6 cm (14) diagonal, 3K, OLED, UWVA, Low Blue Light display",Integrated,16 GB LPDDR5-5200 RAM,1 TB SSD Hard Drive,Microsoft Office Home 2024 Lifetime Subscription worth ₹9199.00,hp 310 15.6 laptop backpack ,8.0,1,SSD,1024,7028.0,AMD,Ryzen 7,Premium,Integrated,Premium,1,1,True,34.0,"Mouse, MS Office",Lenovo
"HP EliteBook 6 G1i 35.6 cm (14) Notebook Next Gen AI PC, Silver",0.0,AI-ready for enterprise productivity,"Intel® Core™ Ultra 7 processor | Windows 11 Pro | 35.6 cm (14) diagonal WUXGA, IPS, 800 nits display | Intel® Graphics | 64 GB DDR5-5600 RAM | 1 TB SSD Hard Drive",BQ8J8PT,206823.0,206534.0,,https://www.hp.com/in-en/shop/hp-elitebook-6-g1i-14-inch-notebook-next-gen-ai-pc-bq8j8pt.html,Intel® Core™ Ultra 7 processor,Windows 11 Pro,"35.6 cm (14) diagonal WUXGA, IPS, 800 nits display",Intel® Graphics,64 GB DDR5-5600 RAM,1 TB SSD Hard Drive,No,none,8.0,1,SSD,256,1535.0,Intel,i5,Premium,Integrated,Premium,1,0,False,130.0,,Lenovo
"HP ZBook 8 G1i 40.6 cm (16) Mobile Workstation PC, Silver",0.0,Step up performance. Not size.,"Intel® Core™ Ultra 7 processor | Windows 11 Pro | 40.6 cm (16) diagonal, WUXGA IPS display | NVIDIA RTX™ 500 Ada Generation Laptop GPU | 16 GB DDR5-5600 RAM | 1 TB SSD Solid State Drive",C1JQ2PT,159114.0,267171.0,"HP 215 39.6 cm (15.6) Laptop Backpack worth ₹ 1,785",https://www.hp.com/in-en/shop/hp-zbook-8-g1i-16-inch-mobile-workstation-pc-data-science-c1jq2pt.html,Intel® Core™ Ultra 7 processor,Windows 11 Pro,"40.6 cm (16) diagonal, WUXGA IPS display",Integrated,16 GB DDR5-5600 RAM,1 TB SSD Solid State Drive,No,hp 215 39.6 cm (15.6) laptop backpack ,8.0,1,SSD,256,104672.0,AMD,Ryzen 7,Premium,Integrated,Premium,0,1,False,34.0,"Mouse, MS Office",Lenovo
"HP OmniBook 5 Next Gen AI 16-ag1046AU, Silver",5.0,Copilot+ PC.The upgrade you need from HP Pavilion. Excellent for students and families.,AMD Ryzen™ AI 7 processor | Windows 11 Home | 40.5 cm (16) diagonal 2K IPS touch display | AMD Radeon™ 860M Graphics | 16 GB LPDDR5x-7500 RAM | 1 TB SSD Hard Drive,C20W1PA,83382.0,99526.0,"HP 310 15.6 Laptop Backpack worth ₹2,999.00 | Microsoft Office Home 2024 Lifetime Subscription worth ₹9199.00",https://www.hp.com/in-en/shop/hp-omnibook-5-ngai-16-ag1046au-c20w1pa.html,AMD Ryzen™ AI 7 processor,Windows 11 Home,40.5 cm (16) diagonal 2K IPS touch display,AMD Radeon™ 860M Graphics,16 GB LPDDR5x-7500 RAM,1 TB SSD Hard Drive,Microsoft Office Home 2024 Lifetime Subscription worth ₹9199.00,hp 310 15.6 laptop backpack ,8.0,1,SSD,1024,13027.0,AMD,Ryzen 7,Premium,Integrated,Premium,1,0,True,59.0,Mouse,Lenovo
"HP Laptop 35.6 cm (14) 14-ep0385TU, Silver",0.0,Reliable computing yet stylish laptop that makes the wallet happy,"Intel® Core™ 5-120U processor | Windows 11 Home | 35.6 cm (14) diagonal, FHD display | Intel® UHD Graphics | 16 GB DDR4-3200 RAM | 512 GB SSD Hard Drive",C21ZCPA,64152.0,73265.0,HP X Entry Backpack worth  ₹1999.00 | Microsoft Office Home 2024 Lifetime Subscription worth ₹9199.00 | 1 year Microsoft 365 basic subscription,https://www.hp.com/in-en/shop/hp-laptop-14-ep0385tu-c21zcpa.html,Intel® Core™ 5-120U processor,Windows 11 Home,"35.6 cm (14) diagonal, FHD display",Intel® UHD Graphics,16 GB DDR4-3200 RAM,512 GB SSD Hard Drive,1 year Microsoft 365 basic subscription,hp x entry backpack ,32.0,512,SSD,256,11766.0,AMD,Ryzen 5,Normal,Integrated,Mid-Range,1,1,False,33.0,"Backpack, Mouse, MS Office",Lenovo
"HP OMEN Gaming Laptop 16-am0240TX, Black",0.0,Bold performance without the burnout,"Intel® Core™ Ultra 7 processor | Windows 11 Home | 40.6 cm (16) diagonal, 2K, 165 Hz, IPS, anti-glare, 400 nits | NVIDIA® GeForce RTX™ 5050 8GB | 24 GB DDR5 RAM (Upgradeable) | 1 TB SSD Hard Drive",C25MWPA,138721.0,168616.0,Microsoft Office Home 2024 Lifetime Subscription worth ₹9199.00 | 1 year Microsoft 365 basic subscription,https://www.hp.com/in-en/shop/hp-omen-gaming-laptop-16-am0240tx-c25mwpa.html,Intel® Core™ Ultra 7 processor,Windows 11 Home,"40.6 cm (16) diagonal, 2K, 165 Hz, IPS, anti-glare, 400 nits",Integrated,24 GB DDR5 RAM (Upgradeable),1 TB SSD Hard Drive,1 year Microsoft 365 basic subscription,none,16.0,1,SSD,256,25117.0,Intel,i3,Premium,Integrated,Premium,0,0,False,50.0,"Mouse, MS Office",Lenovo
"HP Victus 39.6 cm (15.6) Gaming Laptop 15-fa2196TX, Blue",0.0,Step up the fun with our most affordable gaming laptop range that doesn't shy on performance.,"13th Generation Intel® Core™ i5 processor | Windows 11 Home | 39.6 cm (15.6) diagonal, FHD, IPS, anti-glare display | NVIDIA® GeForce RTX™ 3050 (6 GB) | 16 GB DDR4-3200 RAM | 512 GB SSD Hard Drive",C25VSPA,81410.0,90292.0,Microsoft Office Home 2024 Lifetime Subscription worth ₹9199.00 | Microsoft Xbox Game Pass 3 month,https://www.hp.com/in-en/shop/victus-gaming-laptop-15-fa2196tx-c25vspa.html,13th Generation Intel® Core™ i5 processor,Windows 11 Home,"39.6 cm (15.6) diagonal, FHD, IPS, anti-glare display",Integrated,16 GB DDR4-3200 RAM,512 GB SSD Hard Drive,Microsoft Xbox Game Pass 3 month,none,32.0,512,SSD,256,11293.0,AMD,Ryzen 3,Gaming,Integrated,Premium,1,0,False,33.0,"Mouse, MS Office",Lenovo
"HP EliteBook 6 G1q 35.6 cm (14)  Notebook Next Gen AI PC, Silver",0.0,Power your organization into the future with next-gen AI,"Snapdragon® X processor | Windows 11 Pro | 35.6 cm (14) diagonal, WUXGA, IPS, 300 nits display | Qualcomm® Adreno™ GPU | 32 GB LPDDR5x RAM | 1 TB SSD Hard Drive",C22HQPT,142059.0,140373.0,,https://www.hp.com/in-en/shop/hp-elitebook-6-g1q-14-inch-notebook-next-gen-ai-pc-c22hqpt.html,Snapdragon® X processor,Windows 11 Pro,"35.6 cm (14) diagonal, WUXGA, IPS, 300 nits display",Integrated,32 GB LPDDR5x RAM,1 TB SSD Hard Drive,No,none,16.0,1,SSD,256,2374.0,AMD,Ryzen 7,Premium,Integrated,Premium,0,1,False,66.0,"Mouse, MS Office",Lenovo
"HP ZBook Firefly 40.6 cm (16) G11 Mobile Workstation PC, Silver",4.6667,"Recommended for  2D and light 3D workflows, photography, and for running multiple large Microsoft Office files.",Intel® Core™ Ultra 7 processor | Windows 11 Pro | 40.6 cm (16) diagonal WUXGA display | Intel® Graphics | 32 GB DDR5-5600 RAM | 1 TB SSD Solid State Drive,A1VT7PT,153502.0,241017.0,,https://www.hp.com/in-en/shop/hp-zbook-firefly-16-inch-g11-mobile-workstation-pc-a1vt7pt.html,Intel® Core™ Ultra 7 processor,Windows 11 Pro,40.6 cm (16) diagonal WUXGA display,Intel® Graphics,32 GB DDR5-5600 RAM,1 TB SSD Solid State Drive,No,none,32.0,1,SSD,512,90355.0,Intel,i5,Premium,Integrated,Premium,1,1,False,89.3335,"Mouse, MS Office",Lenovo
"HP Laptop 35.6 cm 14-ep1129TU, Silver",0.0,Powerfully and responsibly made to get things done everyday,Intel® Core™ Ultra 5 125H processor | Windows 11 Home | 35.6 cm (14) diagonal FHD display | Intel® Arc™ Graphics | 32 GB DDR5-5600 MT/s RAM | 1TB SSD Hard Drive,C0YN5PA,82869.0,89869.0,Microsoft Office Home 2024 Lifetime Subscription worth ₹9199.00,https://www.hp.com/in-en/shop/hp-laptop-14-ep1129tu-c0yn5pa.html,Intel® Core™ Ultra 5 125H processor,Windows 11 Home,35.6 cm (14) diagonal FHD display,Intel® Arc™ Graphics,32 GB DDR5-5600 MT/s RAM,1TB SSD Hard Drive,Microsoft Office Home 2024 Lifetime Subscription worth ₹9199.00,none,8.0,1,SSD,256,9870.0,AMD,Ryzen 5,Normal,Integrated,Premium,0,0,True,66.0,,Lenovo
"OMEN MAX Gaming Laptop 16, Black, Ultra 9 - 275HX (24C), RTX 5090 24GB, 64 GB DDR5",0.0,Built to break limits,"Intel® Core™ Ultra 9 275HX processor | Windows 11 Home | 40.6 cm (16) diagonal WQXGA OLED display,240 Hz, 0.2 ms response time, | NVIDIA® GeForce RTX™ 5090 24GB | 64 GB DDR5-5600 MT/s (2 x 16 GB) RAM | 2TB SSD Hard Drive",C27DWPA,396272.0,449646.0,,https://www.hp.com/in-en/shop/omen-max-gaming-laptop-16-ah0217tx-c27dwpa.html,Intel® Core™ Ultra 9 275HX processor,Windows 11 Home,"40.6 cm (16) diagonal WQXGA OLED display,240 Hz, 0.2 ms response time,",Integrated,64 GB DDR5-5600 MT/s (2 x 16 GB) RAM,2TB SSD Hard Drive,No,none,16.0,2,SSD,256,49647.0,Intel,i5,Premium,Integrated,Premium,1,1,False,132.0,Mouse,Lenovo
"HP OmniBook 5 Laptop 16-ba1123TU, Blue",1.0,The upgrade you need from HP Pavilion. Excellent for students and families.,13th Generation Intel® Core™ i5 processor | Windows 11 Home | 40.6 cm (16) diagonal 2K IPS display | Intel® Iris® Xᵉ Graphics | 16 GB LPDDR5x-4800 RAM | 512 GB SSD Hard Drive,BH4K5PA,65512.0,78779.0,,https://www.hp.com/in-en/shop/hp-omnibook-5-laptop-16-ba1123tu-bh4k5pa.html,13th Generation Intel® Core™ i5 processor,Windows 11 Home,40.6 cm (16) diagonal 2K IPS display,Intel® Iris® Xᵉ Graphics,16 GB LPDDR5x-4800 RAM,512 GB SSD Hard Drive,No,none,32.0,512,SSD,256,9229.0,Intel,i5,Normal,Integrated,Mid-Range,0,0,False,38.0,"Mouse, MS Office",Lenovo
"HP ZBook 8 G1i 40.6 cm (16) Mobile Workstation PC, Silver",0.0,Step up performance. Not size.,"Intel® Core™ Ultra 7 processor | Windows 11 Pro | 40.6 cm (16) diagonal, WUXGA IPS display with Intel® UMA Graphics | 16 GB DDR5-5600 RAM | 1 TB SSD Solid State Drive | Audio by Poly Studio, 5 MP IR AI camera, HP Premium Quiet Keyboard – spill-resistant full-size backlit keyboard with drain and DuraKeys and numeric keypad, Fingerprint reader",C1JP5PT,145482.0,230795.0,"HP 215 39.6 cm (15.6) Laptop Backpack worth ₹ 1,785",https://www.hp.com/in-en/shop/hp-zbook-8-g1i-16-inch-mobile-workstation-pc-data-science-c1jp5pt.html,Intel® Core™ Ultra 7 processor,Windows 11 Pro,"40.6 cm (16) diagonal, WUXGA IPS display with Intel® UMA Graphics",Integrated,16 GB DDR5-5600 RAM,1 TB SSD Solid State Drive,No,hp 215 39.6 cm (15.6) laptop backpack ,8.0,1,SSD,256,88296.0,Intel,i7,Premium,Integrated,Premium,0,0,False,34.0,"Mouse, MS Office",Lenovo
"HP OmniBook X Flip 14-fm0058TU Next Gen AI PC, Silver",3.0,"Copilot+ PC.Unleash your creativity with supercharged performance wrapped in a thin and light design. Meet OmniBook X, the AI-enhanced evolution of HP Envy.","Intel® Core™ Ultra 5 processor | Windows 11 Home Single Language | 35.6 cm (14) diagonal 3K OLED, UWVA touch display | Intel® Arc™ Graphics | 16 GB LPDDR5x-8533 RAM | 512 GB SSD Hard Drive",BH7C0PA,114986.0,125841.0,"MPP 2.0 pen worth ₹ 3,999 | HP Creator 13.3 Laptop Sling worth ₹5,500.00 | Microsoft Office Home 2024 Lifetime Subscription worth ₹9199.00 | 1 year Microsoft 365 basic subscription",https://www.hp.com/in-en/shop/hp-omnibook-x-flipngai-14-fm0058tu-bh7c0pa.html,Intel® Core™ Ultra 5 processor,Windows 11 Home Single Language,"35.6 cm (14) diagonal 3K OLED, UWVA touch display",Intel® Arc™ Graphics,16 GB LPDDR5x-8533 RAM,512 GB SSD Hard Drive,1 year Microsoft 365 basic subscription,mpp 2.0 pen ,8.0,512,SSD,512,15842.0,AMD,Ryzen 3,Premium,Integrated,Premium,1,0,False,48.0,"Backpack, Mouse, MS Office",Lenovo
"HP EliteBook 840 35.6 cm (14) G11 Notebook PC, SIlver",3.7143,The enterprise notebook that’s anything but ordinary,"Intel® Core™ Ultra 7 processor | Windows 11 Pro | 35.6 cm (14) diagonal, WUXGA, IPS, 800 nits touch display | Intel® Arc™ Graphics | 32 GB DDR5-5600 RAM | 1 TB SSD Hard Drive",B86BFPT,154334.0,178890.0,"HP 215 39.6 cm (15.6) Laptop Backpack worth ₹ 1,785",https://www.hp.com/in-en/shop/hp-elitebook-840-14-inch-g11-notebook-pc-b86bfpt.html,Intel® Core™ Ultra 7 processor,Windows 11 Pro,"35.6 cm (14) diagonal, WUXGA, IPS, 800 nits touch display",Intel® Arc™ Graphics,32 GB DDR5-5600 RAM,1 TB SSD Hard Drive,No,hp 215 39.6 cm (15.6) laptop backpack ,32.0,1,SSD,512,24891.0,Intel,i3,Premium,Integrated,Premium,0,0,False,84.5715,"Backpack, Mouse, MS Office",Lenovo
"HP EliteBook X G1i 35.6 cm (14) Notebook Next Gen AI PC, Blue",0.0,Copilot+ PC.The game-changing AI PC tech experts dream about,Intel® Core™ Ultra 7 processor | Windows 11 Pro | 35.6 cm (14) diagonal WUXGA touch display | Intel® Arc™ Graphics | 32 GB LPDDR5x RAM | 1 TB SSD Hard Drive,B8QX7PT,201931.0,223456.0,,https://www.hp.com/in-en/shop/hp-elitebook-x-g1i-14-inch-notebook-next-gen-ai-pc-b8qx7pt.html,Intel® Core™ Ultra 7 processor,Windows 11 Pro,35.6 cm (14) diagonal WUXGA touch display,Intel® Arc™ Graphics,32 GB LPDDR5x RAM,1 TB SSD Hard Drive,No,none,16.0,1,SSD,1024,23457.0,AMD,Ryzen 3,Premium,Integrated,Premium,0,0,False,66.0,"Mouse, MS Office",Lenovo
"HP ZBook 8 G1i 35.6 cm (14) Mobile Workstation PC, Silver",0.0,Step up performance. Not size.,"Intel® Core™ Ultra 7 processor | Windows 11 Pro | 35.6 cm (14) diagonal, WUXGA IPS display | NVIDIA RTX™ 500 Ada Generation Laptop GPU | 16 GB DDR5-5600 RAM | 1 TB SSD Solid State Drive",C1JN0PT,161743.0,264739.0,"HP 215 39.6 cm (15.6) Laptop Backpack worth ₹ 1,785",https://www.hp.com/in-en/shop/hp-zbook-8-g1i-14-inch-mobile-workstation-pc-data-science-c1jn0pt.html,Intel® Core™ Ultra 7 processor,Windows 11 Pro,"35.6 cm (14) diagonal, WUXGA IPS display",Integrated,16 GB DDR5-5600 RAM,1 TB SSD Solid State Drive,No,hp 215 39.6 cm (15.6) laptop backpack ,32.0,1,SSD,1024,103740.0,AMD,Ryzen 3,Premium,Integrated,Premium,0,0,False,34.0,"Mouse, MS Office",Lenovo
"HP Pavilion Plus 35.6 cm (14) Laptop 14-ew0108TU, Blue",4.8333,"Unleash your potential with the HP Pavilion Plus 14"" Laptop",13th Generation Intel® Core™ i5 processor | Windows 11 Home | 35.6 cm (14) diagonal 2K display | Intel® Iris® Xᵉ Graphics | 16 GB LPDDR5x-5200 RAM | 512 GB SSD Hard Drive,B6PA5PA,76350.0,95006.0,"HP 310 15.6 Laptop Backpack worth ₹2,999.00 | Microsoft Office Home 2024 Lifetime Subscription worth ₹9199.00 | 1 year Microsoft 365 basic subscription",https://www.hp.com/in-en/shop/hp-pavilion-plus-laptop-14-ew0108tu-b6pa5pa.html,13th Generation Intel® Core™ i5 processor,Windows 11 Home,35.6 cm (14) diagonal 2K display,Intel® Iris® Xᵉ Graphics,16 GB LPDDR5x-5200 RAM,512 GB SSD Hard Drive,1 year Microsoft 365 basic subscription,hp 310 15.6 laptop backpack ,16.0,512,SSD,256,16507.0,Intel,i5,Normal,Integrated,Mid-Range,0,0,False,57.1665,"Mouse, MS Office",Lenovo
"HP OmniBook 5 Next Gen AI 16-ag1037AU, Silver",4.5,Copilot+ PC.The upgrade you need from HP Pavilion. Excellent for students and families.,"AMD Ryzen™ AI 5 processor | Windows 11 Home | 40.6 cm (16) diagonal, 2K IPS, 300 nits display | AMD Radeon™ 840M Graphics | 16 GB LPDDR5x-7500 RAM | 512 GB SSD Hard Drive",BP0J7PA,80663.0,85965.0,Trendsetter Backpack | Microsoft Office Home 2024 Lifetime Subscription worth ₹9199.00 | 1 year Microsoft 365 basic subscription,https://www.hp.com/in-en/shop/hp-omnibook-5-ngai-16-ag1037au-bp0j7pa.html,AMD Ryzen™ AI 5 processor,Windows 11 Home,"40.6 cm (16) diagonal, 2K IPS, 300 nits display",AMD Radeon™ 840M Graphics,16 GB LPDDR5x-7500 RAM,512 GB SSD Hard Drive,1 year Microsoft 365 basic subscription,trendsetter backpack,32.0,512,SSD,256,8966.0,Intel,i7,Normal,Integrated,Premium,0,1,False,55.5,"Mouse, MS Office",Lenovo
"HP OmniBook 3 NGAI 15-fn0007AU, Silver",5.0,"Copilot+ PC.Simple, reliable, and built for everyday life.","AMD Ryzen™ AI 5 processor | Windows 11 Home | 39.6 cm (15.6) diagonal, FHD (1920 x 1080), micro-edge, anti-glare, 250 nits | AMD Radeon™ 840M Graphics | 16 GB DDR5-5600 MT/s RAM | 512 GB SSD Hard Drive",BL1W8PA,59506.0,76294.0,Microsoft Office Home 2024 Lifetime Subscription worth ₹9199.00 | 1 year Microsoft 365 basic subscription,https://www.hp.com/in-en/shop/hp-omnibook-3-ngai-15-fn0007au-bl1w8pa.html,AMD Ryzen™ AI 5 processor,Windows 11 Home,"39.6 cm (15.6) diagonal, FHD (1920 x 1080), micro-edge, anti-glare, 250 nits",AMD Radeon™ 840M Graphics,16 GB DDR5-5600 MT/s RAM,512 GB SSD Hard Drive,1 year Microsoft 365 basic subscription,none,16.0,512,SSD,512,12795.0,AMD,Ryzen 3,Normal,Integrated,Mid-Range,1,0,False,58.0,"Mouse, MS Office",Lenovo
"HP ProBook 4 35.6 cm (14) G1iR Business Laptop PC, Silver",0.0,Affordable devices designed with business in mind; commercial grade features with durable design,"13th Generation Intel® Core™ i5 processor | Windows 11 Pro | 35.6 cm (14) diagonal, WUXGA, IPS display | Intel® Iris® Xᵉ Graphics | 8 GB DDR5-5600 RAM | 512 GB SSD Hard Drive",C22NKAT,95595.0,103445.0,"HP 215 39.6 cm (15.6) Laptop Backpack worth ₹ 1,785",https://www.hp.com/in-en/shop/hp-probook-4-g1ir-14-inch-notebook-pc-c22nkat.html,13th Generation Intel® Core™ i5 processor,Windows 11 Pro,"35.6 cm (14) diagonal, WUXGA, IPS display",Intel® Iris® Xᵉ Graphics,8 GB DDR5-5600 RAM,512 GB SSD Hard Drive,No,hp 215 39.6 cm (15.6) laptop backpack ,32.0,512,SSD,1024,6946.0,AMD,Ryzen 7,Normal,Integrated,Premium,1,1,False,17.0,"Backpack, Mouse, MS Office",Lenovo
"HP 255 39.6 cm (15.6)  G10 Business Laptop PC, Silver",0.0,"Compact and reliable, value-packed notebooks with essential business features to help you excel in hybrid work","AMD Ryzen™ 3 processor | FreeDOS 3.0 | 39.6 cm (15.6) diagonal, HD display | AMD Radeon™ Graphics | 8 GB DDR4-3200 MT/s RAM | 512 GB SSD Hard Drive",B1FW9PT,33333.0,37123.0,"HP 215 39.6 cm (15.6) Laptop Backpack worth ₹ 1,785",https://www.hp.com/in-en/shop/hp-255-15-6-g10-notebook-pc-b1fw9pt.html,AMD Ryzen™ 3 processor,Unknown,"39.6 cm (15.6) diagonal, HD display",AMD Radeon™ Graphics,8 GB DDR4-3200 MT/s RAM,512 GB SSD Hard Drive,No,hp 215 39.6 cm (15.6) laptop backpack ,16.0,512,SSD,1024,2624.0,Intel,i3,Normal,Integrated,Budget,1,1,False,17.0,,Lenovo
"HP OMEN Gaming Laptop 16, Black, Ryzen AI 7 350 (8C), RTX 5070 8GB, 16 GB",0.0,Copilot+ PC.Pro Gaming. Built for unbelievable speed and immersive gameplay.,"AMD Ryzen™ AI 7 350 (8C) processor | Windows 11 Home | 40.6 cm (16) diagonal, 2K, IPS, anti-glare, Low Blue Light, 165 Hz, 400 nits display | NVIDIA GeForce RTX 5070 8GB | 16 GB DDR5 RAM | 1 TB SSD Hard Drive",C1NV8PA,162757.0,187726.0,Microsoft Office Home 2024 Lifetime Subscription worth ₹9199.00 | Microsoft Xbox Game Pass 3 month,https://www.hp.com/in-en/shop/hp-omen-gaming-laptop-16-ap0049ax-c1nv8pa.html,AMD Ryzen™ AI 7 350 (8C) processor,Windows 11 Home,"40.6 cm (16) diagonal, 2K, IPS, anti-glare, Low Blue Light, 165 Hz, 400 nits display",Integrated,16 GB DDR5 RAM,1 TB SSD Hard Drive,Microsoft Xbox Game Pass 3 month,none,32.0,1,SSD,512,20727.0,AMD,Ryzen 5,Premium,Integrated,Premium,0,0,False,34.0,"Backpack, Mouse, MS Office",Lenovo
"HP ProBook 445 35.6 cm (14) G11 Business Laptop PC, Silver",0.0,Affordable devices designed with business in mind; commercial grade features with durable design,"AMD Ryzen™ 7 processor | Windows 11 Pro | 35.6 cm (14) diagonal, WUXGA, IPS display | AMD Radeon™ 680M Graphics | 16 GB DDR5-4800 RAM | 512 GB SSD Hard Drive",CD9A6PT,88686.0,93334.0,"HP 215 39.6 cm (15.6) Laptop Backpack worth ₹ 1,785",https://www.hp.com/in-en/shop/hp-probook-445-14-inch-g11-notebook-pc-cd9a6pt.html,AMD Ryzen™ 7 processor,Windows 11 Pro,"35.6 cm (14) diagonal, WUXGA, IPS display",AMD Radeon™ 680M Graphics,16 GB DDR5-4800 RAM,512 GB SSD Hard Drive,No,hp 215 39.6 cm (15.6) laptop backpack ,32.0,512,SSD,256,9535.0,Intel,i5,Premium,Integrated,Premium,1,1,False,33.0,"Mouse, MS Office",Lenovo
"HP 240R 35.6 cm (14) G10 Business Laptop PC, Silver",0.0,"Compact and reliable, value-packed notebooks with essential business features to help you excel in hybrid work","Intel® Core™ 5 processor | Windows 11 Pro | 35.6 cm (14) diagonal, FHD IPS display | Intel® Graphics | 16 GB DDR4-3200 RAM | 512 GB SSD Hard Drive",C8HS4AT,72261.0,86489.0,"HP 215 39.6 cm (15.6) Laptop Backpack worth ₹ 1,785",https://www.hp.com/in-en/shop/hp-240r-14-inch-g10-notebook-pc-c8hs4at.html,Intel® Core™ 5 processor,Windows 11 Pro,"35.6 cm (14) diagonal, FHD IPS display",Intel® Graphics,16 GB DDR4-3200 RAM,512 GB SSD Hard Drive,No,hp 215 39.6 cm (15.6) laptop backpack ,32.0,512,SSD,512,10290.0,AMD,Ryzen 3,Normal,Integrated,Mid-Range,0,0,False,33.0,Mouse,Lenovo
"HP ZBook Firefly 40.6 cm (16) G11 Mobile Workstation PC, Silver",4.6667,Step up performance. Not size,"Intel® Core™ Ultra 7 processor | Windows 11 Pro | 40.6 cm (16) diagonal, WUXGA IPS display | Intel® UMA Graphics | 32 GB DDR5-5600 RAM | 1 TB SSD Solid State Drive",A1VT4PT,160280.0,246301.0,"FREE Bag (35L98AA) worth ₹ 1,785",https://www.hp.com/in-en/shop/hp-zbook-firefly-16-inch-g11-mobile-workstation-pc-a1vt4pt.html,Intel® Core™ Ultra 7 processor,Windows 11 Pro,"40.6 cm (16) diagonal, WUXGA IPS display",Intel® UMA Graphics,32 GB DDR5-5600 RAM,1 TB SSD Solid State Drive,No,free bag (35l98aa) ,32.0,1,SSD,512,90246.0,AMD,Ryzen 3,Premium,Integrated,Premium,1,1,False,89.3335,Mouse,Lenovo
"HP ProBook 440 35.6 cm (14) G10 Business Laptop PC, Silver",4.0,"Essential, commercial-grade features","13th Generation Intel® Core™ i5 processor | Windows 11 Pro | 35.6 cm (14) diagonal, FHD, IPS display | Intel® Iris® Xᶱ Graphics | 16 GB DDR4 RAM | 1 TB SSD Hard Drive",BJ3T6AT,93687.0,112453.0,"HP 215 39.6 cm (15.6) Laptop Backpack worth ₹ 1,785",https://www.hp.com/in-en/shop/hp-probook-440-14-g10-notebook-pc-bj3t6at.html,13th Generation Intel® Core™ i5 processor,Windows 11 Pro,"35.6 cm (14) diagonal, FHD, IPS display",Intel® Iris® Xᶱ Graphics,16 GB DDR4 RAM,1 TB SSD Hard Drive,No,hp 215 39.6 cm (15.6) laptop backpack ,8.0,1,SSD,512,15654.0,AMD,Ryzen 7,Premium,Integrated,Premium,1,0,False,54.0,"Backpack, Mouse",Lenovo
"HP OmniBook 3 NGAI 15-fn0052AU, Silver",0.0,"Simple, reliable, and built for everyday life.","AMD Ryzen™ AI 7 350 processor | Windows 11 Home | 39.6 cm (15.6) diagonal, FHD (1920 x 1080), micro-edge, anti-glare, 250 nits | AMD Radeon™ 860M Graphics | 24GB DDR5 *1DM*5600  RAM | 512 GB SSD Hard Drive",C0YR1PA,74787.0,87808.0,Microsoft Office Home 2024 Lifetime Subscription worth ₹9199.00,https://www.hp.com/in-en/shop/hp-omnibook-3-ngai-15-fn0052au-c0yr1pa.html,AMD Ryzen™ AI 7 350 processor,Windows 11 Home,"39.6 cm (15.6) diagonal, FHD (1920 x 1080), micro-edge, anti-glare, 250 nits",AMD Radeon™ 860M Graphics,24GB DDR5 *1DM*5600  RAM,512 GB SSD Hard Drive,Microsoft Office Home 2024 Lifetime Subscription worth ₹9199.00,none,32.0,512,SSD,1024,9164.0,Intel,i3,Normal,Integrated,Mid-Range,1,1,True,49.0,"Mouse, MS Office",Lenovo
HP ZBook Firefly 40.6 cm (16) G11 Mobile Workstation PC,4.6667,"Recommended for  2D and light 3D workflows, photography, and for running multiple large Microsoft Office files.","Intel® Core™ Ultra 7 processor | Windows 11 Pro | 40.6 cm (16) diagonal, WUXGA display | NVIDIA RTX™ A500 Graphics | 32 GB DDR5-5600 MHz RAM | 1 TB PCIe® NVMe™ SSD Solid State Drive",A1VX4PT,170217.0,270789.0,Evon Essential Series Black Bagpack,https://www.hp.com/in-en/shop/hp-zbook-firefly-16-g11-mobile-workstation-pc-a1vx4pt.html,Intel® Core™ Ultra 7 processor,Windows 11 Pro,"40.6 cm (16) diagonal, WUXGA display",NVIDIA RTX™ A500 Graphics,32 GB DDR5-5600 MHz RAM,1 TB PCIe® NVMe™ SSD Solid State Drive,No,evon essential series black bagpack,8.0,1,SSD,1024,103290.0,Intel,i3,Premium,Dedicated,Premium,1,0,False,89.3335,,Lenovo
"HP OmniBook 5 Next Gen AI 16-ag1147AU, Blue",0.0,Copilot+ PC.The upgrade you need from HP Pavilion. Excellent for students and families.,AMD Ryzen™ AI 5 processor | Windows 11 Home Single Language | 40.5 cm (16) diagonal 2K IPS touch display | AMD Radeon™ 840M Graphics | 16 GB LPDDR5x-7500 RAM | 512 GB SSD Hard Drive,BH4K3PA,76223.0,88225.0,,https://www.hp.com/in-en/shop/hp-omnibook-5-ngai-16-ag1147au-bh4k3pa.html,AMD Ryzen™ AI 5 processor,Windows 11 Home Single Language,40.5 cm (16) diagonal 2K IPS touch display,AMD Radeon™ 840M Graphics,16 GB LPDDR5x-7500 RAM,512 GB SSD Hard Drive,No,none,8.0,512,SSD,1024,8226.0,AMD,Ryzen 5,Normal,Integrated,Mid-Range,0,1,False,33.0,"Mouse, MS Office",Lenovo
"HP EliteBook 8 35.6 cm (14) G1i Next Gen AI PC, Silver",0.0,Copilot+ PC.Next-gen AI redefines productivity for modern professionals,"Intel® Core™ Ultra 7 processor | Windows 11 Pro | 35.6 cm (14) diagonal, WUXGA IPS display | Intel® Arc™ Graphics | 16 GB LPDDR5x-8533 RAM | 1 TB SSD Hard Drive",C27V6PT,142915.0,163334.0,"HP 215 39.6 cm (15.6) Laptop Backpack worth ₹ 1,785",https://www.hp.com/in-en/shop/hp-elitebook-8-g1i-14-inch-notebook-next-gen-ai-pc-c27v6pt.html,Intel® Core™ Ultra 7 processor,Windows 11 Pro,"35.6 cm (14) diagonal, WUXGA IPS display",Intel® Arc™ Graphics,16 GB LPDDR5x-8533 RAM,1 TB SSD Hard Drive,No,hp 215 39.6 cm (15.6) laptop backpack ,16.0,1,SSD,1024,20535.0,AMD,Ryzen 5,Premium,Integrated,Premium,1,1,False,34.0,"Mouse, MS Office",Lenovo
"HP EliteBook X G1i 35.6 cm (14) Notebook Next Gen AI PC, Blue",0.0,Copilot+ PC.The game-changing AI PC tech experts dream about,Intel® Core™ Ultra 7 processor | Windows 11 Pro | 35.6 cm (14) diagonal WUXGA touch display | Intel® Arc™ Graphics | 32 GB LPDDR5x RAM | 1 TB SSD Hard Drive,B8QX0PT,224630.0,252778.0,,https://www.hp.com/in-en/shop/hp-elitebook-x-g1i-14-inch-notebook-next-gen-ai-pc-b8qx0pt.html,Intel® Core™ Ultra 7 processor,Windows 11 Pro,35.6 cm (14) diagonal WUXGA touch display,Intel® Arc™ Graphics,32 GB LPDDR5x RAM,1 TB SSD Hard Drive,No,none,16.0,1,SSD,512,23779.0,Intel,i5,Premium,Integrated,Premium,1,0,False,66.0,"Mouse, MS Office",Lenovo
"HP OmniBook 3 NGAI 15-fn0007AU, Silver",5.0,"Copilot+ PC.Simple, reliable, and built for everyday life.","AMD Ryzen™ AI 5 processor | Windows 11 Home | 39.6 cm (15.6) diagonal, FHD (1920 x 1080), micro-edge, anti-glare, 250 nits | AMD Radeon™ 840M Graphics | 16 GB DDR5-5600 MT/s RAM | 512 GB SSD Hard Drive",BL1W8PA,65998.0,76294.0,Microsoft Office Home 2024 Lifetime Subscription worth ₹9199.00 | 1 year Microsoft 365 basic subscription,https://www.hp.com/in-en/shop/hp-omnibook-3-ngai-15-fn0007au-bl1w8pa.html,AMD Ryzen™ AI 5 processor,Windows 11 Home,"39.6 cm (15.6) diagonal, FHD (1920 x 1080), micro-edge, anti-glare, 250 nits",AMD Radeon™ 840M Graphics,16 GB DDR5-5600 MT/s RAM,512 GB SSD Hard Drive,1 year Microsoft 365 basic subscription,none,16.0,512,SSD,256,12795.0,Intel,i7,Normal,Integrated,Mid-Range,1,1,False,58.0,"Mouse, MS Office",Lenovo
"HP OmniBook 5 Next Gen AI 14-he0015QU, Silver",5.0,Copilot+ PC.The upgrade you need from HP Pavilion. Excellent for students and families.,Snapdragon® X processor | Windows 11 Home | 35.6 cm (14) diagonal 2K OLED display | Qualcomm® Adreno™ GPU | 16 GB LPDDR5x-8448 RAM | 1 TB SSD Hard Drive,C08Q7PA,81481.0,88225.0,"HP 310 15.6 Laptop Backpack worth ₹2,999.00 | Microsoft Office Home 2024 Lifetime Subscription worth ₹9199.00 | 1 year Microsoft 365 basic subscription",https://www.hp.com/in-en/shop/hp-omnibook-5-next-gen-ai-14-he0015qu-c08q7pa.html,Snapdragon® X processor,Windows 11 Home,35.6 cm (14) diagonal 2K OLED display,Integrated,16 GB LPDDR5x-8448 RAM,1 TB SSD Hard Drive,1 year Microsoft 365 basic subscription,hp 310 15.6 laptop backpack ,16.0,1,SSD,512,8726.0,Intel,i7,Normal,Integrated,Premium,0,1,False,59.0,"Mouse, MS Office",Lenovo
"HP Laptop 15-fd1225TU , Silver",0.0,A reliably built laptop to keep you in the zone,Intel® Core™ 3 processor | Windows 11 Home Single Language | 39.6 cm (15.6) diagonal FHD display | Intel® Graphics | 8 GB DDR4-3200 RAM | 512 GB SSD Hard Drive,BJ3W4PA,47811.0,50843.0,HP X Entry Backpack worth  ₹1999.00 | Microsoft Office Home 2024 Lifetime Subscription worth ₹9199.00,https://www.hp.com/in-en/shop/hp-laptop-15-fd1225tu-bj3w4pa.html,Intel® Core™ 3 processor,Windows 11 Home Single Language,39.6 cm (15.6) diagonal FHD display,Intel® Graphics,8 GB DDR4-3200 RAM,512 GB SSD Hard Drive,Microsoft Office Home 2024 Lifetime Subscription worth ₹9199.00,hp x entry backpack ,16.0,512,SSD,1024,3344.0,AMD,Ryzen 5,Normal,Integrated,Mid-Range,0,0,True,17.0,"Mouse, MS Office",Lenovo
"HP ProBook 4 35.6 cm (14) G1iR Business Laptop PC, Silver",0.0,Affordable devices designed with business in mind; commercial grade features with durable design,"13th Generation Intel® Core™ i5 processor | Windows 11 Pro | 35.6 cm (14) diagonal, WUXGA IPS display | Intel® Iris® Xᵉ Graphics | 16 GB DDR5-5600 RAM | 1 TB SSD Hard Drive",C22NJAT,100516.0,112778.0,"HP 215 39.6 cm (15.6) Laptop Backpack worth ₹ 1,785",https://www.hp.com/in-en/shop/hp-probook-4-g1ir-14-inch-notebook-pc-c22njat.html,13th Generation Intel® Core™ i5 processor,Windows 11 Pro,"35.6 cm (14) diagonal, WUXGA IPS display",Intel® Iris® Xᵉ Graphics,16 GB DDR5-5600 RAM,1 TB SSD Hard Drive,No,hp 215 39.6 cm (15.6) laptop backpack ,8.0,1,SSD,512,11279.0,AMD,Ryzen 5,Premium,Integrated,Premium,1,0,False,34.0,"Backpack, Mouse",Lenovo
"HP 240R 35.6 cm (14) G10 Business Laptop PC, Silver",0.0,"Compact and reliable, value-packed notebooks with essential business features to help you excel in hybrid work","Intel® Core™ 3 processor | FreeDOS 3.0 | 35.6 cm (14) diagonal, HD, SVA display | Intel® Graphics | 8 GB DDR4-3200 RAM | 512 GB SSD Hard Drive",C8HR7AT,48370.0,49000.0,"HP 215 39.6 cm (15.6) Laptop Backpack worth ₹ 1,785",https://www.hp.com/in-en/shop/hp-240r-14-inch-g10-notebook-pc-c8hr7at.html,Intel® Core™ 3 processor,Unknown,"35.6 cm (14) diagonal, HD, SVA display",Intel® Graphics,8 GB DDR4-3200 RAM,512 GB SSD Hard Drive,No,hp 215 39.6 cm (15.6) laptop backpack ,16.0,512,SSD,512,4901.0,Intel,i3,Normal,Integrated,Mid-Range,0,1,False,17.0,,Lenovo
"HP ProBook 440 35.6 cm (14) G10 Business Laptop PC, Silver",4.0,"Essential, commercial-grade features","13th Generation Intel® Core™ i7 processor | Windows 11 Pro | 35.6 cm (14) diagonal, FHD, IPS display | Intel® UHD Graphics | 16 GB DDR4 RAM | 1 TB SSD Hard Drive",B83ZJAT,109808.0,119778.0,"HP 215 39.6 cm (15.6) Laptop Backpack worth ₹ 1,785",https://www.hp.com/in-en/shop/hp-probook-440-14-g10-notebook-pc-b83zjat.html,13th Generation Intel® Core™ i7 processor,Windows 11 Pro,"35.6 cm (14) diagonal, FHD, IPS display",Intel® UHD Graphics,16 GB DDR4 RAM,1 TB SSD Hard Drive,No,hp 215 39.6 cm (15.6) laptop backpack ,8.0,1,SSD,512,14779.0,AMD,Ryzen 7,Premium,Integrated,Premium,0,0,False,54.0,"Backpack, Mouse, MS Office",Lenovo
"HP Laptop 39.6 cm (15.6) 15-fc0389AU, Silver",0.0,Reliable computing yet stylish laptop that makes the wallet happy,AMD Ryzen™ 5-7430U processor | Windows 11 Home | 39.6 cm (15.6) diagonal FHD display | AMD Radeon™ Graphics | 16 GB DDR4-3200 RAM | 512 GB SSD Hard Drive,B7UV7PA,44211.0,55691.0,HP X Entry Backpack worth  ₹1999.00 | Microsoft Office Home 2024 Lifetime Subscription worth ₹9199.00 | 1 year Microsoft 365 basic subscription,https://www.hp.com/in-en/shop/hp-laptop-15-fc0389au-b7uv7pa.html,AMD Ryzen™ 5-7430U processor,Windows 11 Home,39.6 cm (15.6) diagonal FHD display,AMD Radeon™ Graphics,16 GB DDR4-3200 RAM,512 GB SSD Hard Drive,1 year Microsoft 365 basic subscription,hp x entry backpack ,8.0,512,SSD,1024,7691.0,AMD,Ryzen 3,Normal,Integrated,Mid-Range,1,0,False,33.0,,Lenovo
"HP ZBook Firefly 35.6 cm (14) G11 Mobile Workstation PC, Silver",3.0,"Recommended for  2D and light 3D workflows, photography, and for running multiple large Microsoft Office files.",AMD Ryzen™ 5 processor | FreeDOS | 35.6 cm (14) diagonal WUXGA display | Intel® UMA Graphics | 16 GB DDR5-5600 RAM | 512 GB SSD Solid State Drive,B7EQ4PT,75659.0,158695.0,"FREE Bag (35L98AA) worth ₹ 1,785",https://www.hp.com/in-en/shop/hp-zbook-firefly-14-g11-a-mobile-workstation-pc-b7eq4pt.html,AMD Ryzen™ 5 processor,Unknown,35.6 cm (14) diagonal WUXGA display,Intel® UMA Graphics,16 GB DDR5-5600 RAM,512 GB SSD Solid State Drive,No,free bag (35l98aa) ,16.0,512,SSD,1024,82160.0,Intel,i5,Normal,Integrated,Mid-Range,0,1,False,48.0,"Backpack, Mouse, MS Office",Lenovo
"HP OMEN MAX Gaming Laptop 16, Black, Ryzen AI 7 350 (8C), RTX 5070 Ti 12GB, 24 GB",0.0,Copilot+ PC.Pro Gaming. Built for unbelievable speed and immersive gameplay.,"AMD Ryzen™ AI 7 processor | Windows 11 Home | 40.6 cm (16) diagonal, 2K, IPS, anti-glare, Low Blue Light, 165 Hz, 400 nits display | NVIDIA® GeForce RTX™ 5070 Ti 12 GB | 24 GB DDR5 RAM | 1 TB SSD Hard Drive",C91TKPA,212417.0,239436.0,,https://www.hp.com/in-en/shop/hp-omen-max-gaming-laptop-16-ak0103ax-c91tkpa.html,AMD Ryzen™ AI 7 processor,Windows 11 Home,"40.6 cm (16) diagonal, 2K, IPS, anti-glare, Low Blue Light, 165 Hz, 400 nits display",Integrated,24 GB DDR5 RAM,1 TB SSD Hard Drive,No,none,8.0,1,SSD,1024,26437.0,AMD,Ryzen 3,Premium,Integrated,Premium,0,0,False,50.0,"Backpack, Mouse",Lenovo
"HP Laptop 39.6 cm (15.6) 15-fr0046TU, Silver",0.0,Reliable computing yet stylish laptop that makes the wallet happy,"13th Generation Intel® Core™ i7-13620H processor | Windows 11 Home | 39.6 cm (15.6) diagonal, FHD display | Intel® Graphics | 16 GB DDR4-3200 RAM | 512 GB SSD Hard Drive",C27GLPA,70900.0,77506.0,HP X Entry Backpack worth  ₹1999.00 | Microsoft Office Home 2024 Lifetime Subscription worth ₹9199.00,https://www.hp.com/in-en/shop/hp-laptop-15-fr0046tu-c27glpa.html,13th Generation Intel® Core™ i7-13620H processor,Windows 11 Home,"39.6 cm (15.6) diagonal, FHD display",Intel® Graphics,16 GB DDR4-3200 RAM,512 GB SSD Hard Drive,Microsoft Office Home 2024 Lifetime Subscription worth ₹9199.00,hp x entry backpack ,16.0,512,SSD,256,4806.0,Intel,i5,Normal,Integrated,Mid-Range,1,1,True,33.0,Mouse,Lenovo
HP ZBook Fury 40.6 cm (16) G11,1.950016958,,"up to 14th Generation Intel® Core™ i9 processor | Windows 11 Pro | up to NVIDIA RTX™ 5000 Ada Generation Laptop GPU | up to 128GB RAM | up to 2 TB SSD Solid State Drive | Fingerprint reader, Audio by Poly Studio, Spill resistant and backlit keyboard",zbookfuryg11,282020.0,,,https://www.hp.com/in-en/shop/hp-zbook-fury-40-6-cm-16-g11.html,up to 14th Generation Intel® Core™ i9 processor,Windows 11 Pro,,Integrated,up to 128GB RAM,up to 2 TB SSD Solid State Drive,No,none,16.0,2,SSD,256,,AMD,Ryzen 5,Premium,Integrated,Premium,0,0,False,269.7500848,"Backpack, Mouse, MS Office",Lenovo
"HP OmniBook 5 Next Gen AI 16-ag1034AU, Silver",0.0,Copilot+ PC.The upgrade you need from HP Pavilion. Excellent for students and families.,AMD Ryzen™ AI 5 processor | Windows 11 Home Single Language | 40.5 cm (16) diagonal 2K IPS touch display | AMD Radeon™ 840M Graphics | 16 GB LPDDR5x-7500 RAM | 512 GB SSD Hard Drive,BK9U3PA,76882.0,88225.0,,https://www.hp.com/in-en/shop/hp-omnibook-5-ngai-16-ag1034au-bk9u3pa.html,AMD Ryzen™ AI 5 processor,Windows 11 Home Single Language,40.5 cm (16) diagonal 2K IPS touch display,AMD Radeon™ 840M Graphics,16 GB LPDDR5x-7500 RAM,512 GB SSD Hard Drive,No,none,8.0,512,SSD,512,8226.0,AMD,Ryzen 7,Normal,Integrated,Mid-Range,0,0,False,33.0,"Backpack, Mouse, MS Office",Lenovo
"HP EliteBook X Flip G1i 35.6 cm (14) Notebook Next Gen AI PC, Blue",0.0,Copilot+ PC.Drive strategy with the efficiency and power of next-gen AI,Intel® Core™ Ultra 7 processor | Windows 11 Pro | 35.6 cm (14) diagonal WUXGA touch display | Intel® Arc™ Graphics | 32 GB LPDDR5x RAM | 1 TB SSD Hard Drive,B8QX8PT,215240.0,235445.0,"HP 215 39.6 cm (15.6) Laptop Backpack worth ₹ 1,785",https://www.hp.com/in-en/shop/hp-elitebook-x-flip-g1i-14-inch-notebook-next-gen-ai-pc-b8qx8pt.html,Intel® Core™ Ultra 7 processor,Windows 11 Pro,35.6 cm (14) diagonal WUXGA touch display,Intel® Arc™ Graphics,32 GB LPDDR5x RAM,1 TB SSD Hard Drive,No,hp 215 39.6 cm (15.6) laptop backpack ,32.0,1,SSD,512,20946.0,Intel,i7,Premium,Integrated,Premium,0,0,False,66.0,"Backpack, Mouse, MS Office",Lenovo
"HP Laptop 39.6 cm (15.6) 15-fc0500AU, Silver",4.5,Reliable computing yet stylish laptop that makes the wallet happy,"AMD Ryzen™ 3-7320U processor | Windows 11 Home | 39.6 cm (15.6) diagonal, FHD display | AMD Radeon™ Graphics | 8 GB 5500 LPDDR5 (on-board) RAM | 512 GB SSD Hard Drive",BV2W0PA,36795.0,44783.0,HP X Entry Backpack worth  ₹1999.00 | Microsoft Office Home 2024 Lifetime Subscription worth ₹9199.00 | 1 year Microsoft 365 basic subscription,https://www.hp.com/in-en/shop/hp-laptop-15-fc0500au-bv2w0pa.html,AMD Ryzen™ 3-7320U processor,Windows 11 Home,"39.6 cm (15.6) diagonal, FHD display",AMD Radeon™ Graphics,8 GB 5500 LPDDR5 (on-board) RAM,512 GB SSD Hard Drive,1 year Microsoft 365 basic subscription,hp x entry backpack ,16.0,512,SSD,1024,4784.0,Intel,i3,Normal,Integrated,Budget,1,1,False,39.5,"Mouse, MS Office",Lenovo
"HP OMEN 40.6 cm (16) Gaming Laptop 16-ap0165AX, Black",4.5,Copilot+ PC.Pro Gaming. Built for unbelievable speed and immersive gameplay.,"AMD Ryzen™ AI 7 processor | Windows 11 Home | 40.6 cm (16) diagonal, 2K, 165Hz, IPS, anti-glare, Low Blue Light, 400 nits display | NVIDIA® GeForce RTX™ 5050 8 GB | 24 GB DDR5-5600 RAM | 1 TB SSD Hard Drive",C2XD2PA,140305.0,162996.0,Microsoft Office Home 2024 Lifetime Subscription worth ₹9199.00 | 1 year Microsoft 365 basic subscription,https://www.hp.com/in-en/shop/hp-omen-gaming-laptop-16-ap0165ax-c2xd2pa.html,AMD Ryzen™ AI 7 processor,Windows 11 Home,"40.6 cm (16) diagonal, 2K, 165Hz, IPS, anti-glare, Low Blue Light, 400 nits display",Integrated,24 GB DDR5-5600 RAM,1 TB SSD Hard Drive,1 year Microsoft 365 basic subscription,none,8.0,1,SSD,256,23997.0,Intel,i3,Premium,Integrated,Premium,0,0,False,72.5,"Backpack, Mouse, MS Office",Lenovo
"HP EliteBook Ultra 35.6 cm (14) G1i Next Gen AI PC, Blue",4.0,Copilot+ PC.Lead the way with this sophisticated next-gen AI PC,"Intel® Core™ Ultra 7 processor | Windows 11 Pro | 35.6 cm (14) diagonal, 2.8K OLED IPS display | Intel® Arc™ Graphics | 32 GB LPDDR5x-8533 RAM | 1 TB SSD Hard Drive",C33M4AT,222021.0,291689.0,"HP 215 39.6 cm (15.6) Laptop Backpack worth ₹ 1,785",https://www.hp.com/in-en/shop/hp-elitebook-ultra-g1i-14-inch-notebook-next-gen-ai-pc-c33m4at.html,Intel® Core™ Ultra 7 processor,Windows 11 Pro,"35.6 cm (14) diagonal, 2.8K OLED IPS display",Intel® Arc™ Graphics,32 GB LPDDR5x-8533 RAM,1 TB SSD Hard Drive,No,hp 215 39.6 cm (15.6) laptop backpack ,32.0,1,SSD,512,67890.0,Intel,i3,Premium,Integrated,Premium,0,1,False,86.0,"Backpack, Mouse, MS Office",Lenovo
"HP OMEN MAX Gaming Laptop 16, Black, Ryzen AI 7 350 (8C), RTX 5070 8GB, 32 GB",0.0,Copilot+ PC.Pro Gaming. Built for unbelievable speed and immersive gameplay.,"AMD Ryzen™ AI 7 350 (8C) processor | Windows 11 Home | 40.6 cm (16) diagonal, 2K, IPS, anti-glare, Low Blue Light, 165 Hz, 400 nits display | NVIDIA® GeForce RTX™ 5070 8 GB | 32 GB DDR5 RAM | 1 TB SSD Hard Drive",BE6Z6PA,185618.0,213581.0,Microsoft Office Home 2024 Lifetime Subscription worth ₹9199.00 | Microsoft Xbox Game Pass 3 month,https://www.hp.com/in-en/shop/hp-omen-max-gaming-laptop-16-ak0021ax-be6z6pa.html,AMD Ryzen™ AI 7 350 (8C) processor,Windows 11 Home,"40.6 cm (16) diagonal, 2K, IPS, anti-glare, Low Blue Light, 165 Hz, 400 nits display",Integrated,32 GB DDR5 RAM,1 TB SSD Hard Drive,Microsoft Xbox Game Pass 3 month,none,8.0,1,SSD,256,23582.0,Intel,i5,Premium,Integrated,Premium,1,1,False,66.0,"Backpack, Mouse, MS Office",Lenovo
HP ZBook Power 40.6 cm (16) G11 Mobile Workstation PC,3.8,"Recommended for  2D and light 3D workflows, photography, and for running multiple large Microsoft Office files.",Intel® Core™ Ultra 9 processor | Windows 11 Pro | 40.6 cm (16) diagonal WUXGA display | NVIDIA RTX™ 2000 Ada Generation Laptop GPU | 32 GB DDR5-5600 RAM | 1 TB SSD Solid State Drive,A8WM4PT,267531.0,409781.0,,https://www.hp.com/in-en/shop/hp-zbook-power-16-g11-mobile-workstation-pc-a8wm4pt.html,Intel® Core™ Ultra 9 processor,Windows 11 Pro,40.6 cm (16) diagonal WUXGA display,Integrated,32 GB DDR5-5600 RAM,1 TB SSD Solid State Drive,No,none,8.0,1,SSD,1024,145782.0,Intel,i5,Premium,Integrated,Premium,1,0,False,85.0,"Mouse, MS Office",Lenovo
"HP ProBook 440 35.6 cm (14) G10 Business Laptop PC, Silver",4.0,"Essential, commercial-grade features","13th Generation Intel® Core™ i7 processor | Windows 11 Pro | 35.6 cm (14) diagonal, FHD, IPS display | Intel® UHD Graphics | 16 GB DDR4 RAM | 1 TB SSD Hard Drive",B83ZJAT,108925.0,119778.0,"HP 215 39.6 cm (15.6) Laptop Backpack worth ₹ 1,785",https://www.hp.com/in-en/shop/hp-probook-440-14-g10-notebook-pc-b83zjat.html,13th Generation Intel® Core™ i7 processor,Windows 11 Pro,"35.6 cm (14) diagonal, FHD, IPS display",Intel® UHD Graphics,16 GB DDR4 RAM,1 TB SSD Hard Drive,No,hp 215 39.6 cm (15.6) laptop backpack ,16.0,1,SSD,1024,14779.0,AMD,Ryzen 7,Premium,Integrated,Premium,0,0,False,54.0,"Backpack, Mouse, MS Office",Lenovo
HP ZBook Power 40.6 cm (16) G11 Mobile Workstation PC,3.8,"Recommended for  2D and light 3D workflows, photography, and for running multiple large Microsoft Office files.",Intel® Core™ Ultra 7 processor | Windows 11 Pro | 40.6 cm (16) diagonal WUXGA IPS display | NVIDIA RTX™ 2000 Ada Generation Graphics | 32 GB DDR5-5600 RAM | 1 TB SSD Solid State Drive,B6SA6PT,259330.0,351687.0,"FREE Bag (35L98AA) worth ₹ 1,785",https://www.hp.com/in-en/shop/hp-zbook-power-16-inch-g11-mobile-workstation-pc-b6sa6pt.html,Intel® Core™ Ultra 7 processor,Windows 11 Pro,40.6 cm (16) diagonal WUXGA IPS display,NVIDIA RTX™ 2000 Ada Generation Graphics,32 GB DDR5-5600 RAM,1 TB SSD Solid State Drive,No,free bag (35l98aa) ,8.0,1,SSD,512,93857.0,Intel,i7,Premium,Dedicated,Premium,0,1,False,85.0,"Mouse, MS Office",Lenovo
"HP OmniBook Ultra Flip 35.6 cm (14) Next Gen AI 14-fh0369TU, Blue",0.0,"Copilot+ PC.Beautifully crafted, our fast and powerful OmniBook is perfect for freelancers and creators. Meet the AI-enhanced evolution of HP Spectre.","Intel® Core™ Ultra 9 processor with 48 TOPs | Next-Gen Windows | 35.6 cm (14) diagonal, 2.8K, OLED, UWVA, Corning® Gorilla® Glass 5, Low Blue Light display, 120Hz VRR and 400 nits brightness | Intel® Arc™ Graphics | 32 GB LPDDR5x-8533 RAM | 2 TB SSD Hard Drive",C88TPPA,208312.0,230443.0,Microsoft Office Home 2024 Lifetime Subscription worth ₹9199.00,https://www.hp.com/in-en/shop/hp-omnibook-ultra-flip-laptop-14-fh0369tu-c88tppa.html,Intel® Core™ Ultra 9 processor with 48 TOPs,Next-Gen Windows,"35.6 cm (14) diagonal, 2.8K, OLED, UWVA, Corning® Gorilla® Glass 5, Low Blue Light display, 120Hz VRR and 400 nits brightness",Intel® Arc™ Graphics,32 GB LPDDR5x-8533 RAM,2 TB SSD Hard Drive,Microsoft Office Home 2024 Lifetime Subscription worth ₹9199.00,none,16.0,2,SSD,256,17444.0,Intel,i3,Premium,Integrated,Premium,0,0,True,68.0,"Backpack, Mouse",Lenovo
"HP 250R 39.6 cm (15.6) G10 Business Laptop PC, Silver",0.0,"Compact and reliable, value-packed notebooks with essential business features to help you excel in hybrid work","Intel® Core™ 3 processor | FreeDOS 3.0 | 39.6 cm (15.6) diagonal, FHD, SVA display | Intel® Graphics | 16 GB DDR4-3200 RAM | 512 GB SSD Hard Drive",C91W8AT,45456.0,55223.0,"HP 215 39.6 cm (15.6) Laptop Backpack worth ₹ 1,785",https://www.hp.com/in-en/shop/hp-250r-15-6-inch-g10-notebook-pc-c91w8at.html,Intel® Core™ 3 processor,Unknown,"39.6 cm (15.6) diagonal, FHD, SVA display",Intel® Graphics,16 GB DDR4-3200 RAM,512 GB SSD Hard Drive,No,hp 215 39.6 cm (15.6) laptop backpack ,8.0,512,SSD,1024,5424.0,AMD,Ryzen 5,Normal,Integrated,Mid-Range,0,1,False,33.0,"Mouse, MS Office",Lenovo
HP ZBook Ultra 35.6 cm (14) G1a Mobile Workstation PC,0.0,Copilot+ PC. Transformative AI performance. Redefining workflows.,"AMD Ryzen™ AI Max PRO processor | Windows 11 Pro | 35.6 cm (14) diagonal, WUXGA, IPS display | AMD Radeon™ 8050S Graphics | 32 GB LPDDR5x-8533 RAM | 1 TB SSD Hard Drive",BZ6H7PT,240380.0,377376.0,"HP 215 39.6 cm (15.6) Laptop Backpack worth ₹ 1,785",https://www.hp.com/in-en/shop/hp-zbook-ultra-14-inch-g1a-mobile-workstation-pc-bz6h7pt.html,AMD Ryzen™ AI Max PRO processor,Windows 11 Pro,"35.6 cm (14) diagonal, WUXGA, IPS display",AMD Radeon™ 8050S Graphics,32 GB LPDDR5x-8533 RAM,1 TB SSD Hard Drive,No,hp 215 39.6 cm (15.6) laptop backpack ,8.0,1,SSD,256,138777.0,Intel,i5,Premium,Integrated,Premium,1,1,False,66.0,"Mouse, MS Office",Lenovo
"HP OmniBook 5 Next Gen AI 16-ag1035AU, Blue",0.0,Copilot+ PC.The upgrade you need from HP Pavilion. Excellent for students and families.,AMD Ryzen™ AI 7 processor | Windows 11 Home Single Language | 40.5 cm (16) diagonal 2K IPS touch display | AMD Radeon™ 860M Graphics | 16 GB LPDDR5x-7500 RAM | 512 GB SSD Hard Drive,BK9U4PA,88872.0,93435.0,,https://www.hp.com/in-en/shop/hp-omnibook-5-ngai-16-ag1035au-bk9u4pa.html,AMD Ryzen™ AI 7 processor,Windows 11 Home Single Language,40.5 cm (16) diagonal 2K IPS touch display,AMD Radeon™ 860M Graphics,16 GB LPDDR5x-7500 RAM,512 GB SSD Hard Drive,No,none,8.0,512,SSD,512,3436.0,Intel,i5,Premium,Integrated,Premium,0,1,False,33.0,"Backpack, Mouse, MS Office",Lenovo
"HP 250 39.6 cm (15.6) G10 Business Laptop PC, Silver",0.0,"Compact and reliable, value-packed notebooks with essential business features to help you excel in hybrid work","13th Generation Intel® Core™ i5 processor | FreeDOS 3.0 | 39.6 cm (15.6) diagonal, FHD display | Intel® Iris® Xᵉ Graphics | 16 GB DDR4-3200 RAM | 512 GB SSD Hard Drive",BJ3T3AT,54575.0,57245.0,,https://www.hp.com/in-en/shop/hp-250-15-6-g10-notebook-pc-bj3t3at.html,13th Generation Intel® Core™ i5 processor,Unknown,"39.6 cm (15.6) diagonal, FHD display",Intel® Iris® Xᵉ Graphics,16 GB DDR4-3200 RAM,512 GB SSD Hard Drive,No,none,16.0,512,SSD,1024,246.0,Intel,i7,Normal,Integrated,Mid-Range,0,0,False,33.0,,Lenovo
"HP ProBook 440 35.6 cm (14) Notebook PC, Silver",3.5,Performance to stay productive from anywhere,"Intel® Core™ Ultra 5 processor | Windows 11 Pro | 35.6 cm (14) diagonal, WUXGA, IPS display | Intel® Graphics | 16 GB DDR5 RAM | 512 GBSSD Hard Drive",B81TLPT,101537.0,114112.0,"HP 215 39.6 cm (15.6) Laptop Backpack worth ₹ 1,785",https://www.hp.com/in-en/shop/hp-probook-440-14-g11-notebook-pc-b81tlpt.html,Intel® Core™ Ultra 5 processor,Windows 11 Pro,"35.6 cm (14) diagonal, WUXGA, IPS display",Intel® Graphics,16 GB DDR5 RAM,512 GBSSD Hard Drive,No,hp 215 39.6 cm (15.6) laptop backpack ,8.0,512,SSD,512,15113.0,Intel,i7,Premium,Integrated,Premium,0,1,False,50.5,"Backpack, Mouse, MS Office",Lenovo
"HP ZBook Firefly 35.6 cm (14) G11 Mobile Workstation PC, Silver",3.0,"Recommended for  2D and light 3D workflows, photography, and for running multiple large Microsoft Office files.",AMD Ryzen™ 7 processor | Windows 11 Pro | 35.6 cm (14) diagonal WUXGA display | Intel® UMA Graphics | 16 GB DDR5-5600 RAM | 512 GB SSD Solid State Drive,B7ER2PT,108247.0,210174.0,"FREE Bag (35L98AA) worth ₹ 1,785",https://www.hp.com/in-en/shop/hp-zbook-firefly-14-inch-g11-a-mobile-workstation-pc-b7er2pt.html,AMD Ryzen™ 7 processor,Windows 11 Pro,35.6 cm (14) diagonal WUXGA display,Intel® UMA Graphics,16 GB DDR5-5600 RAM,512 GB SSD Solid State Drive,No,free bag (35l98aa) ,32.0,512,SSD,512,101071.0,Intel,i7,Premium,Integrated,Premium,0,1,False,48.0,"Backpack, Mouse, MS Office",Lenovo
"HP OMEN Gaming Laptop 16, Black, Core 7 - 240H (10C), RTX 5070 8GB, 16 GB",0.0,Bold performance without the burnout,"Intel® Core™ 7 240H (10C) processor | Windows 11 Home | 40.6 cm (16) diagonal, 2K, IPS, anti-glare, Low Blue Light, 165 Hz, 400 nits display | NVIDIA® GeForce RTX™ 5070 8GB | 16 GB DDR5 RAM | 1 TB SSD Hard Drive",BP3Y8PA,155851.0,170865.0,Microsoft Office Home 2024 Lifetime Subscription worth ₹9199.00 | Microsoft Xbox Game Pass 3 month,https://www.hp.com/in-en/shop/hp-omen-gaming-laptop-16-am0084tx-bp3y8pa.html,Intel® Core™ 7 240H (10C) processor,Windows 11 Home,"40.6 cm (16) diagonal, 2K, IPS, anti-glare, Low Blue Light, 165 Hz, 400 nits display",Integrated,16 GB DDR5 RAM,1 TB SSD Hard Drive,Microsoft Xbox Game Pass 3 month,none,16.0,1,SSD,1024,18866.0,Intel,i5,Premium,Integrated,Premium,0,1,False,34.0,"Backpack, Mouse, MS Office",Lenovo
"HP Victus 39.6 cm (15.6) Gaming Laptop 15-fa2381TX, Silver",0.0,Step up the fun with our most affordable gaming laptop range that doesn't shy on performance.,"13th Generation Intel® Core™ i5 processor | Windows 11 Home | 39.6 cm (15.6) diagonal, FHD, IPS, anti-glare display | NVIDIA® GeForce RTX™ 4050 (6 GB) | 16 GB DDR4-3200 RAM | 512 GB SSD Hard Drive",C91SXPA,84925.0,98170.0,Microsoft Office Home 2024 Lifetime Subscription worth ₹9199.00 | Microsoft Xbox Game Pass 3 month,https://www.hp.com/in-en/shop/victus-gaming-laptop-15-fa2381tx-c91sxpa.html,13th Generation Intel® Core™ i5 processor,Windows 11 Home,"39.6 cm (15.6) diagonal, FHD, IPS, anti-glare display",Integrated,16 GB DDR4-3200 RAM,512 GB SSD Hard Drive,Microsoft Xbox Game Pass 3 month,none,8.0,512,SSD,256,11670.0,Intel,i7,Premium,Integrated,Premium,1,1,False,33.0,"Backpack, Mouse, MS Office",Lenovo
"HP Laptop 39.6 cm (15.6) 15-fd0549TU, Silver",0.0,A reliably built laptop to keep you in the zone,13th Generation Intel® Core™ i5 processor | Windows 11 Home | 39.6 cm (15.6) diagonal FHD display | Intel® Graphics | 8 GB DDR4 RAM | 1 TB SSD Hard Drive,B9NQ1PA,65815.0,72053.0,HP X Entry Backpack worth  ₹1999.00 | Microsoft Office Home 2024 Lifetime Subscription worth ₹9199.00 | 1 year Microsoft 365 basic subscription,https://www.hp.com/in-en/shop/hp-laptop-15-fd0549tu-b9nq1pa.html,13th Generation Intel® Core™ i5 processor,Windows 11 Home,39.6 cm (15.6) diagonal FHD display,Intel® Graphics,8 GB DDR4 RAM,1 TB SSD Hard Drive,1 year Microsoft 365 basic subscription,hp x entry backpack ,32.0,1,SSD,1024,9554.0,Intel,i7,Normal,Integrated,Mid-Range,0,1,False,18.0,"Mouse, MS Office",Lenovo
"OMEN Gaming Laptop 16, Black, Ultra 7-255H (16C), RTX 5050 8GB, 32 GB",0.0,Bold performance without the burnout,"Intel® Core™ Ultra 7 processor | Windows 11 Home | 40.6 cm (16), diagonal,2K (1920 x 1200),165 Hz, 3 ms response time, IPS | NVIDIA® GeForce RTX™ 5050 8GB | 32 GB DDR5-5600 MT/s (2 x 16 GB) RAM | 1TB SSD Hard Drive",C27E3PA,153709.0,174237.0,,https://www.hp.com/in-en/shop/omen-gaming-laptop-16-am0248tx-c27e3pa.html,Intel® Core™ Ultra 7 processor,Windows 11 Home,"40.6 cm (16), diagonal,2K (1920 x 1200),165 Hz, 3 ms response time, IPS",Integrated,32 GB DDR5-5600 MT/s (2 x 16 GB) RAM,1TB SSD Hard Drive,No,none,32.0,1,SSD,512,19238.0,Intel,i3,Premium,Integrated,Premium,1,0,False,66.0,Mouse,Lenovo
"HP OMEN MAX Gaming Laptop 16, Black, Ryzen AI 7 350 (8C), RTX 5070 Ti 12GB, 24 GB",0.0,Copilot+ PC.Pro Gaming. Built for unbelievable speed and immersive gameplay.,"AMD Ryzen™ AI 7 processor | Windows 11 Home | 40.6 cm (16) diagonal, 2K, IPS, anti-glare, Low Blue Light, 165 Hz, 400 nits display | NVIDIA® GeForce RTX™ 5070 Ti 12 GB | 24 GB DDR5 RAM | 1 TB SSD Hard Drive",C91TKPA,212339.0,239436.0,,https://www.hp.com/in-en/shop/hp-omen-max-gaming-laptop-16-ak0103ax-c91tkpa.html,AMD Ryzen™ AI 7 processor,Windows 11 Home,"40.6 cm (16) diagonal, 2K, IPS, anti-glare, Low Blue Light, 165 Hz, 400 nits display",Integrated,24 GB DDR5 RAM,1 TB SSD Hard Drive,No,none,8.0,1,SSD,512,26437.0,Intel,i5,Premium,Integrated,Premium,1,0,False,50.0,"Backpack, Mouse",Lenovo
"HP Laptop 35.6 cm (14) 14-ep0343TU, Silver",0.0,Powerfully and responsibly made to get things done everyday,"13th Generation Intel® Core™ i3-1315U processor | Windows 11 Home | 35.6 cm (14) diagonal, FHD display | Intel® Graphics | 8 GB DDR4 RAM | 512 GB SSD Hard Drive",BG6D6PA,43168.0,49631.0,HP X Entry Backpack worth  ₹1999.00 | Microsoft Office Home 2024 Lifetime Subscription worth ₹9199.00,https://www.hp.com/in-en/shop/hp-laptop-14-ep0343tu-bg6d6pa.html,13th Generation Intel® Core™ i3-1315U processor,Windows 11 Home,"35.6 cm (14) diagonal, FHD display",Intel® Graphics,8 GB DDR4 RAM,512 GB SSD Hard Drive,Microsoft Office Home 2024 Lifetime Subscription worth ₹9199.00,hp x entry backpack ,16.0,512,SSD,1024,8832.0,AMD,Ryzen 7,Normal,Integrated,Mid-Range,1,0,True,17.0,Mouse,Lenovo
"HP EliteBook 845 35.6 cm (14) G11 Notebook PC, Silver",0.0,The enterprise notebook that’s anything but ordinary,AMD Ryzen™ 7 processor | Windows 11 Pro | 35.6 cm (14) diagonal WUXGA display | AMD Radeon™ 780M Graphics | 16 GB DDR5-5600 RAM | 1 TB SSD Hard Drive,B85PYPT,114769.0,129889.0,"HP 215 39.6 cm (15.6) Laptop Backpack worth ₹ 1,785",https://www.hp.com/in-en/shop/hp-elitebook-845-14-inch-g11-notebook-pc-b85pypt.html,AMD Ryzen™ 7 processor,Windows 11 Pro,35.6 cm (14) diagonal WUXGA display,AMD Radeon™ 780M Graphics,16 GB DDR5-5600 RAM,1 TB SSD Hard Drive,No,hp 215 39.6 cm (15.6) laptop backpack ,8.0,1,SSD,1024,17390.0,Intel,i5,Premium,Integrated,Premium,1,0,False,34.0,"Mouse, MS Office",Lenovo
"HP ProBook 440 35.6 cm (14) G10 Business Laptop PC, Silver",4.0,"Essential, commercial-grade features","13th Generation Intel® Core™ i5 processor | Windows 11 Pro | 35.6 cm (14) diagonal, FHD, IPS display | Intel® Iris® Xᶱ Graphics | 16 GB DDR4 RAM | 1 TB SSD Hard Drive",BJ3T6AT,99189.0,112453.0,"HP 215 39.6 cm (15.6) Laptop Backpack worth ₹ 1,785",https://www.hp.com/in-en/shop/hp-probook-440-14-g10-notebook-pc-bj3t6at.html,13th Generation Intel® Core™ i5 processor,Windows 11 Pro,"35.6 cm (14) diagonal, FHD, IPS display",Intel® Iris® Xᶱ Graphics,16 GB DDR4 RAM,1 TB SSD Hard Drive,No,hp 215 39.6 cm (15.6) laptop backpack ,8.0,1,SSD,256,15654.0,Intel,i3,Premium,Integrated,Premium,0,0,False,54.0,"Backpack, Mouse",Lenovo
"HP Elitebook Ultra 35.6 cm (14) G1q Business Laptop AI PC, Blue",5.0,Copilot+ PC.Lead the way with this sophisticated next-gen AI PC,Qualcomm® Snapdragon™ processor | Windows 11 Pro | 35.6 cm (14) diagonal 2.2K touch display supports Qualcomm® Adreno™ | 16 GB LPDDR5x-8400 RAM | 1 TB SSD Hard Drive,A5KJ7PA,170445.0,,,https://www.hp.com/in-en/shop/elitebook-ultra-g1q-business-laptop-ai-pc.html,Qualcomm® Snapdragon™ processor,Windows 11 Pro,35.6 cm (14) diagonal 2.2K touch display supports Qualcomm® Adreno™,Integrated,16 GB LPDDR5x-8400 RAM,1 TB SSD Hard Drive,No,none,32.0,1,SSD,256,,AMD,Ryzen 3,Premium,Integrated,Premium,0,0,False,59.0,"Mouse, MS Office",Lenovo
"HP 250R 39.6 cm (15.6) G10 Business Laptop PC, Silver",0.0,"Compact and reliable, value-packed notebooks with essential business features to help you excel in hybrid work","Intel® Core™ 5 processor | FreeDOS 3.0 | 39.6 cm (15.6) diagonal, FHD, SVA display | Intel® Graphics | 8 GB DDR4-3200 RAM | 512 GB SSD Hard Drive",C91T7AT,61626.0,65489.0,"HP 215 39.6 cm (15.6) Laptop Backpack worth ₹ 1,785",https://www.hp.com/in-en/shop/hp-250r-15-6-inch-g10-notebook-pc-c91t7at.html,Intel® Core™ 5 processor,Unknown,"39.6 cm (15.6) diagonal, FHD, SVA display",Intel® Graphics,8 GB DDR4-3200 RAM,512 GB SSD Hard Drive,No,hp 215 39.6 cm (15.6) laptop backpack ,16.0,512,SSD,512,7690.0,AMD,Ryzen 5,Normal,Integrated,Mid-Range,1,1,False,17.0,,Lenovo
HP ZBook Firefly 35.6 cm (14) G11,1.950016958,,up to Intel® Core™ Ultra 7 processor | up to Windows 11 Pro | up to NVIDIA RTX™ A500 Laptop GPU | up to 32 GB DDR5-5600 RAM | up to 1 TB SSD Solid State Drive,zbookfirefly14,80522.0,,,https://www.hp.com/in-en/shop/hp-zbook-firefly-35-6-cm-14-g11.html,up to Intel® Core™ Ultra 7 processor,up to Windows 11 Pro,,Integrated,up to 32 GB DDR5-5600 RAM,up to 1 TB SSD Solid State Drive,No,none,32.0,1,SSD,256,,AMD,Ryzen 3,Premium,Integrated,Premium,0,0,False,75.75008479,"Backpack, Mouse, MS Office",Lenovo
"HP ZBook Power 39.6 cm (15.6) G10 A Mobile Workstation PC, Silver",0.0,"Recommended for  2D and light 3D workflows, photography, and for running multiple large Microsoft Office files.",AMD Ryzen™ 7 processor | Windows 11 Pro | 39.6 cm (15.6) diagonal FHD display | NVIDIA RTX™ A1000 | 32 GB DDR5 RAM | 1 TB SSD Solid State Drive,8U6X8PA,207486.0,221614.0,"FREE Bag (35L98AA) worth ₹ 1,785",https://www.hp.com/in-en/shop/hp-zbook-power-15-6-39-62-cm-g10-a-mobile-workstation-pc-8u6x8pa.html,AMD Ryzen™ 7 processor,Windows 11 Pro,39.6 cm (15.6) diagonal FHD display,Integrated,32 GB DDR5 RAM,1 TB SSD Solid State Drive,No,free bag (35l98aa) ,8.0,1,SSD,256,16707.0,AMD,Ryzen 3,Premium,Integrated,Premium,1,1,False,66.0,"Mouse, MS Office",Lenovo
"HP EliteBook 8 35.6 cm (14) G1a Next Gen AI PC, Silver",0.0,Copilot+ PC. Optimize work for today's innovators with next-gen AI,"AMD Ryzen™ AI 7 processor | Windows 11 Pro | 35.6 cm (14) diagonal, WUXGA, IPS display, Touchscreen | AMD Radeon™ 860M Graphics | 32 GB DDR5-5600 RAM | 1 TB SSD Hard Drive",C27TDPT,169656.0,189778.0,"HP 215 39.6 cm (15.6) Laptop Backpack worth ₹ 1,785",https://www.hp.com/in-en/shop/hp-elitebook-8-g1a-14-35-56-cm-notebook-next-gen-ai-pc-c27tdpt.html,AMD Ryzen™ AI 7 processor,Windows 11 Pro,"35.6 cm (14) diagonal, WUXGA, IPS display, Touchscreen",AMD Radeon™ 860M Graphics,32 GB DDR5-5600 RAM,1 TB SSD Hard Drive,No,hp 215 39.6 cm (15.6) laptop backpack ,32.0,1,SSD,256,24179.0,AMD,Ryzen 7,Premium,Integrated,Premium,1,0,False,66.0,"Backpack, Mouse, MS Office",Lenovo
"HP ZBook Firefly 35.6 cm (14) G11 Mobile Workstation PC, Silver",3.0,"Recommended for  2D and light 3D workflows, photography, and for running multiple large Microsoft Office files.",AMD Ryzen™ 7 processor | FreeDOS | 35.6 cm (14) diagonal WUXGA IPS display | Intel® UMA Graphics | 16 GB DDR5-5600 RAM | 1 TB SSD Solid State Drive,B7ER6PT,95151.0,189802.0,"FREE Bag (35L98AA) worth ₹ 1,785",https://www.hp.com/in-en/shop/hp-zbook-firefly-14-inch-g11-a-mobile-workstation-pc-b7er6pt.html,AMD Ryzen™ 7 processor,Unknown,35.6 cm (14) diagonal WUXGA IPS display,Intel® UMA Graphics,16 GB DDR5-5600 RAM,1 TB SSD Solid State Drive,No,free bag (35l98aa) ,32.0,1,SSD,512,92098.0,AMD,Ryzen 7,Premium,Integrated,Premium,1,1,False,49.0,"Backpack, Mouse",Lenovo
"HP Elite x360 830 35.6 cm (14) G11 2-in-1 Business Laptop PC, Silver",2.75,The enterprise notebook that’s anything but ordinary,Intel® Core™ Ultra 7 processor | Windows 11 Pro | 33.8 cm (13.3) diagonal WUXGA touch display | Intel® Graphics | 16 GB LPDDR5x RAM | 1 TB SSD Hard Drive,B85Q0PT,148010.0,166632.0,"HP 215 39.6 cm (15.6) Laptop Backpack worth ₹ 1,785",https://www.hp.com/in-en/shop/hp-elite-x360-830-13-inch-g11-2-in-1-notebook-pc-b85q0pt.html,Intel® Core™ Ultra 7 processor,Windows 11 Pro,33.8 cm (13.3) diagonal WUXGA touch display,Intel® Graphics,16 GB LPDDR5x RAM,1 TB SSD Hard Drive,No,hp 215 39.6 cm (15.6) laptop backpack ,16.0,1,SSD,256,21855.0,Intel,i5,Premium,Integrated,Premium,0,1,False,47.75,Mouse,Lenovo
"HP EliteBook X G1a 35.6 cm (14) Notebook Next Gen AI PC, Silver",0.0,Copilot+ PC.The game-changing AI PC tech experts dream about,AMD Ryzen™ AI 7 PRO processor | Windows 11 Pro | 35.6 cm (14) diagonal 2.8K OLED touch display | AMD Radeon™ 880M Graphics | 64 GB LPDDR5x RAM | 1 TB SSD Hard Drive,B85TPPT,222174.0,248445.0,"HP 215 39.6 cm (15.6) Laptop Backpack worth ₹ 1,785",https://www.hp.com/in-en/shop/hp-elitebook-x-g1a-14-inch-notebook-next-gen-ai-pc-b85tppt.html,AMD Ryzen™ AI 7 PRO processor,Windows 11 Pro,35.6 cm (14) diagonal 2.8K OLED touch display,AMD Radeon™ 880M Graphics,64 GB LPDDR5x RAM,1 TB SSD Hard Drive,No,hp 215 39.6 cm (15.6) laptop backpack ,8.0,1,SSD,512,23446.0,Intel,i3,Premium,Integrated,Premium,1,1,False,130.0,"Mouse, MS Office",Lenovo
"HP Laptop 39.6 cm (15.6) 15-fd1444TU, Silver",0.0,Reliable computing yet stylish laptop that makes the wallet happy,"Intel® Core™ 5-120U processor | Windows 11 Home Single Language | 39.6 cm (15.6) diagonal, FHD, anti-glare display | Intel® Graphics | 8 GB DDR4-3200 RAM | 512 GB SSD Hard Drive",C9LZ5PA,59612.0,61750.0,HP X Entry Backpack worth  ₹1999.00 | Microsoft Office Home 2024 Lifetime Subscription worth ₹9199.00 | 1 year Microsoft 365 basic subscription,https://www.hp.com/in-en/shop/hp-laptop-15-fd1444tu-c9lz5pa.html,Intel® Core™ 5-120U processor,Windows 11 Home Single Language,"39.6 cm (15.6) diagonal, FHD, anti-glare display",Intel® Graphics,8 GB DDR4-3200 RAM,512 GB SSD Hard Drive,1 year Microsoft 365 basic subscription,hp x entry backpack ,16.0,512,SSD,512,6251.0,Intel,i3,Normal,Integrated,Mid-Range,1,1,False,17.0,"Mouse, MS Office",Lenovo
"HP OmniBook 5 Next Gen AI 16-ag1035AU, Blue",0.0,Copilot+ PC.The upgrade you need from HP Pavilion. Excellent for students and families.,AMD Ryzen™ AI 7 processor | Windows 11 Home Single Language | 40.5 cm (16) diagonal 2K IPS touch display | AMD Radeon™ 860M Graphics | 16 GB LPDDR5x-7500 RAM | 512 GB SSD Hard Drive,BK9U4PA,92455.0,93435.0,,https://www.hp.com/in-en/shop/hp-omnibook-5-ngai-16-ag1035au-bk9u4pa.html,AMD Ryzen™ AI 7 processor,Windows 11 Home Single Language,40.5 cm (16) diagonal 2K IPS touch display,AMD Radeon™ 860M Graphics,16 GB LPDDR5x-7500 RAM,512 GB SSD Hard Drive,No,none,8.0,512,SSD,1024,3436.0,AMD,Ryzen 3,Premium,Integrated,Premium,0,1,False,33.0,"Backpack, Mouse, MS Office",Lenovo
"HP EliteBook Ultra 35.6 cm (14) G1i Next Gen AI PC, Blue",4.0,Copilot+ PC.Lead the way with this sophisticated next-gen AI PC,"Intel® Core™ Ultra 7 processor | Windows 11 Pro | 35.6 cm (14) diagonal, 2.8K OLED IPS display | Intel® Arc™ Graphics | 32 GB LPDDR5x-8533 RAM | 1 TB SSD Hard Drive",C33M4AT,226632.0,291689.0,"HP 215 39.6 cm (15.6) Laptop Backpack worth ₹ 1,785",https://www.hp.com/in-en/shop/hp-elitebook-ultra-g1i-14-inch-notebook-next-gen-ai-pc-c33m4at.html,Intel® Core™ Ultra 7 processor,Windows 11 Pro,"35.6 cm (14) diagonal, 2.8K OLED IPS display",Intel® Arc™ Graphics,32 GB LPDDR5x-8533 RAM,1 TB SSD Hard Drive,No,hp 215 39.6 cm (15.6) laptop backpack ,32.0,1,SSD,256,67890.0,AMD,Ryzen 5,Premium,Integrated,Premium,0,0,False,86.0,"Backpack, Mouse, MS Office",Lenovo
"HP Laptop 39.6 cm (15.6) 15-fd0465TU, Silver",3.0,A reliably built laptop to keep you in the zone,13th Generation Intel® Core™ i3 processor | Windows 11 Home Single Language | 39.6 cm (15.6) diagonal FHD display | Intel® Graphics | 8 GB DDR4-3200 MT/s RAM | 512 GB SSD Hard Drive,B61ZFPA,38641.0,50842.0,HP X Entry Backpack worth  ₹1999.00 | Microsoft Office Home 2024 Lifetime Subscription worth ₹9199.00 | 1 year Microsoft 365 basic subscription,https://www.hp.com/in-en/shop/hp-laptop-15-fd0465tu-b61zfpa.html,13th Generation Intel® Core™ i3 processor,Windows 11 Home Single Language,39.6 cm (15.6) diagonal FHD display,Intel® Graphics,8 GB DDR4-3200 MT/s RAM,512 GB SSD Hard Drive,1 year Microsoft 365 basic subscription,hp x entry backpack ,16.0,512,SSD,512,10343.0,AMD,Ryzen 3,Normal,Integrated,Budget,0,1,False,32.0,"Backpack, Mouse, MS Office",Lenovo
"HP EliteBook 8 G1i 33.8 cm (13.3) Notebook AI PC, Silver",0.0,An innovative AI PC tailored for hybrid teams,"Intel® Core™ Ultra 7 processor | Windows 11 Pro | 33.8 cm (13.3) diagonal, WUXGA, IPS, 800 nits touch display | Intel® Graphics | 16 GB RAM | 1 TB SSD Hard Drive",BQ8J4PT,183182.0,186103.0,,https://www.hp.com/in-en/shop/elitebook-8-13-inch-flip-g1i-bq8j4pt.html,Intel® Core™ Ultra 7 processor,Windows 11 Pro,"33.8 cm (13.3) diagonal, WUXGA, IPS, 800 nits touch display",Intel® Graphics,16 GB RAM,1 TB SSD Hard Drive,No,none,32.0,1,SSD,1024,104.0,AMD,Ryzen 5,Premium,Integrated,Premium,0,0,False,34.0,"Backpack, Mouse",Lenovo
"HP EliteBook 8 G1i 35.6 cm (14) Notebook Next Gen AI PC, Silver",0.0,Copilot+ PC.Next-gen AI redefines productivity for modern professionals,"Intel® Core™ Ultra 7 processor | Windows 11 Pro | 35.6 cm (14) diagonal WUXGA, 800 nits, touch display | Intel® Arc™ Graphics | 32 GB RAM | 1 TB SSD Hard Drive",BQ9B6PT,203027.0,206231.0,,https://www.hp.com/in-en/shop/hp-elitebook-8-g1i-14-inch-notebook-next-gen-ai-pc-bq9b6pt.html,Intel® Core™ Ultra 7 processor,Windows 11 Pro,"35.6 cm (14) diagonal WUXGA, 800 nits, touch display",Intel® Arc™ Graphics,32 GB RAM,1 TB SSD Hard Drive,No,none,16.0,1,SSD,512,1232.0,AMD,Ryzen 7,Premium,Integrated,Premium,1,0,False,66.0,"Mouse, MS Office",Lenovo
"HP ProBook 4 G1i 35.6 cm (14) Laptop AI PC, Silver",0.0,Affordable devices designed with business in mind; commercial grade features with durable design,"Intel® Core™ Ultra 7 processor | Windows 11 Pro | 35.6 cm (14) diagonal, WUXGA, IPS display | Intel® Graphics | 32 GB DDR5-5600 RAM | 512 GB SSD Hard Drive",CK2F6PA,154922.0,150920.0,,https://www.hp.com/in-en/shop/hp-probook-4-g1i-14-inch-notebook-ai-pc-ck2f6pa.html,Intel® Core™ Ultra 7 processor,Windows 11 Pro,"35.6 cm (14) diagonal, WUXGA, IPS display",Intel® Graphics,32 GB DDR5-5600 RAM,512 GB SSD Hard Drive,No,none,16.0,512,SSD,256,921.0,AMD,Ryzen 3,Premium,Integrated,Premium,1,1,False,65.0,"Backpack, Mouse, MS Office",Lenovo
"HP 240R 35.6 cm (14) G10 Business Laptop PC, Silver",0.0,"Compact and reliable, value-packed notebooks with essential business features to help you excel in hybrid work","Intel® Core™ 3 processor | FreeDOS 3.0 | 35.6 cm (14) diagonal, HD, SVA display | Intel® Graphics | 8 GB DDR4-3200 RAM | 512 GB SSD Hard Drive",C8HR7AT,43280.0,49000.0,"HP 215 39.6 cm (15.6) Laptop Backpack worth ₹ 1,785",https://www.hp.com/in-en/shop/hp-240r-14-inch-g10-notebook-pc-c8hr7at.html,Intel® Core™ 3 processor,Unknown,"35.6 cm (14) diagonal, HD, SVA display",Intel® Graphics,8 GB DDR4-3200 RAM,512 GB SSD Hard Drive,No,hp 215 39.6 cm (15.6) laptop backpack ,32.0,512,SSD,1024,4901.0,AMD,Ryzen 5,Normal,Integrated,Mid-Range,0,1,False,17.0,,Lenovo
"HP Fortis 35.6 cm (14) G10 Chromebook, Black",0.0,Stay productive with a ruggedized Chromebook,"Intel® Pentium® Silver processor | ChromeOS | 35.6 cm (14) diagonal, HD display | Intel® UHD Graphics | 8 GB LPDDR4x RAM | 64 GB eMMC Hard drive",7D5X9PC,30845.0,48910.0,,https://www.hp.com/in-en/shop/hp-fortis-14-inch-g10-chromebook-7d5x9pc.html,Intel® Pentium® Silver processor,Unknown,"35.6 cm (14) diagonal, HD display",Intel® UHD Graphics,8 GB LPDDR4x RAM,64 GB eMMC Hard drive,No,none,8.0,64,Unknown,1024,16911.0,Intel,i7,Normal,Integrated,Budget,1,0,False,16.125,,Lenovo
"HP EliteBook 8 G1i 33.8 cm (13.3) Notebook AI PC, Silver",0.0,An innovative AI PC tailored for hybrid teams,"Intel® Core™ Ultra 7 processor | Windows 11 Pro | 33.8 cm (13.3) diagonal, WUXGA, IPS, 800 nits touch display | Intel® Graphics | 16 GB RAM | 1 TB SSD Hard Drive",BQ8J4PT,187515.0,186103.0,,https://www.hp.com/in-en/shop/elitebook-8-13-inch-flip-g1i-bq8j4pt.html,Intel® Core™ Ultra 7 processor,Windows 11 Pro,"33.8 cm (13.3) diagonal, WUXGA, IPS, 800 nits touch display",Intel® Graphics,16 GB RAM,1 TB SSD Hard Drive,No,none,32.0,1,SSD,512,104.0,AMD,Ryzen 3,Premium,Integrated,Premium,0,1,False,34.0,"Backpack, Mouse",Lenovo
"HP EliteBook Ultra G1i 35.6 cm (14) Notebook Next Gen AI PC, Blue",4.0,Copilot+ PC.Lead the way with this sophisticated next-gen AI PC,Intel® Core™ Ultra 7 processor | Windows 11 Pro | 35.6 cm (14) diagonal OLED IPS touch display | Intel® Arc™ Graphics | 32 GB LPDDR5x RAM | 1 TB SSD Hard Drive,B7TQ8PT,202674.0,228223.0,"HP 215 39.6 cm (15.6) Laptop Backpack worth ₹ 1,785",https://www.hp.com/in-en/shop/hp-elitebook-ultra-g1i-14-inch-notebook-next-gen-ai-pc-b7tq8pt.html,Intel® Core™ Ultra 7 processor,Windows 11 Pro,35.6 cm (14) diagonal OLED IPS touch display,Intel® Arc™ Graphics,32 GB LPDDR5x RAM,1 TB SSD Hard Drive,No,hp 215 39.6 cm (15.6) laptop backpack ,32.0,1,SSD,1024,23224.0,AMD,Ryzen 5,Premium,Integrated,Premium,1,1,False,86.0,"Mouse, MS Office",Lenovo
"HP Victus 39.6cm (15.6) Gaming Laptop 15-fb3134AX, Blue",0.0,Fulfill your gaming destiny,"AMD Ryzen™ 7-7445HS processor | Windows 11 Home | 39.6 cm (15.6) diagonal FHD 144 Hz, IPS, 300 nits display | NVIDIA® GeForce RTX™ 3050 6GB | 16 GB DDR5-5600 RAM(Upgradeable) | 512 GB SSD Hard Drive",BV3A8PA,78161.0,84838.0,Microsoft Office Home 2024 Lifetime Subscription worth ₹9199.00,https://www.hp.com/in-en/shop/hp-victus-gaming-laptop-15-fb3134ax-bv3a8pa.html,AMD Ryzen™ 7-7445HS processor,Windows 11 Home,"39.6 cm (15.6) diagonal FHD 144 Hz, IPS, 300 nits display",Integrated,16 GB DDR5-5600 RAM(Upgradeable),512 GB SSD Hard Drive,Microsoft Office Home 2024 Lifetime Subscription worth ₹9199.00,none,32.0,512,SSD,256,10038.0,AMD,Ryzen 7,Gaming,Integrated,Mid-Range,1,0,True,33.0,Mouse,Lenovo
HP ZBook Firefly 35.6 cm (14) G11,1.950016958,,up to Intel® Core™ Ultra 7 processor | up to Windows 11 Pro | up to NVIDIA RTX™ A500 Laptop GPU | up to 32 GB DDR5-5600 RAM | up to 1 TB SSD Solid State Drive,zbookfirefly14,77288.0,,,https://www.hp.com/in-en/shop/hp-zbook-firefly-35-6-cm-14-g11.html,up to Intel® Core™ Ultra 7 processor,up to Windows 11 Pro,,Integrated,up to 32 GB DDR5-5600 RAM,up to 1 TB SSD Solid State Drive,No,none,32.0,1,SSD,256,,Intel,i7,Premium,Integrated,Mid-Range,0,1,False,75.75008479,"Backpack, Mouse, MS Office",Lenovo
"HP 255R 39.6 cm (15.6) G10 Business Laptop PC, Silver",0.0,"Compact and reliable, value-packed notebooks with essential business features to help you excel in hybrid work","AMD Ryzen™ 3 processor | FreeDOS 3.0 | 39.6 cm (15.6) diagonal, FHD, SVA display | AMD Radeon™ 660M Graphics | 16 GB DDR5-4800 RAM | 512 GB SSD Hard Drive",C8HS9AT,43524.0,47344.0,"HP 215 39.6 cm (15.6) Laptop Backpack worth ₹ 1,785",https://www.hp.com/in-en/shop/hp-255r-15-6-inch-g10-notebook-pc-c8hs9at.html,AMD Ryzen™ 3 processor,Unknown,"39.6 cm (15.6) diagonal, FHD, SVA display",AMD Radeon™ 660M Graphics,16 GB DDR5-4800 RAM,512 GB SSD Hard Drive,No,hp 215 39.6 cm (15.6) laptop backpack ,16.0,512,SSD,1024,7345.0,Intel,i3,Normal,Integrated,Mid-Range,0,1,False,33.0,,Lenovo
"HP Victus 39.6cm (15.6) Gaming Laptop 15-fb3130AX, Blue",0.0,Fulfill your gaming destiny,"AMD Ryzen™ 7-7445HS processor | Windows 11 Home | 39.6 cm (15.6) diagonal FHD 144 Hz, IPS, 300 nits display with NVIDIA® GeForce RTX™ 4050 6GB | 16 GB DDR5-5600 RAM (Upgradeable) | 512 GB SSD Hard Drive | Full-size, backlit with numeric keypad, HP Wide Vision 720p HD camera",BV3A7PA,87143.0,95746.0,Microsoft Office Home 2024 Lifetime Subscription worth ₹9199.00,https://www.hp.com/in-en/shop/hp-victus-gaming-laptop-15-fb3130ax-bv3a7pa.html,AMD Ryzen™ 7-7445HS processor,Windows 11 Home,"39.6 cm (15.6) diagonal FHD 144 Hz, IPS, 300 nits display with NVIDIA® GeForce RTX™ 4050 6GB",Integrated,16 GB DDR5-5600 RAM (Upgradeable),512 GB SSD Hard Drive,Microsoft Office Home 2024 Lifetime Subscription worth ₹9199.00,none,8.0,512,SSD,1024,11247.0,Intel,i5,Premium,Integrated,Premium,1,0,True,33.0,Mouse,Lenovo
"HP OmniBook 7 AI Laptop 14-fr0116TU, Silver",5.0,An AI PC built for durability and designed to excel,"Intel® Core™ Ultra 7 processor | Windows 11 Home | 35.6 cm (14) diagonal, 3K, OLED, 120 Hz, SDR 400 nits, HDR 500 nits display | Intel® Arc™ 140T GPU | 32 GB LPDDR5-5200 RAM | 1 TB SSD Hard Drive",BK6N6PA,118413.0,127781.0,"HP 310 15.6 Laptop Backpack worth ₹2,999.00 | Microsoft Office Home 2024 Lifetime Subscription worth ₹9199.00 | 1 year Microsoft 365 basic subscription",https://www.hp.com/in-en/shop/hp-omnibook-7-ai-14-fr0116tu-bk6n6pa.html,Intel® Core™ Ultra 7 processor,Windows 11 Home,"35.6 cm (14) diagonal, 3K, OLED, 120 Hz, SDR 400 nits, HDR 500 nits display",Integrated,32 GB LPDDR5-5200 RAM,1 TB SSD Hard Drive,1 year Microsoft 365 basic subscription,hp 310 15.6 laptop backpack ,32.0,1,SSD,1024,9282.0,AMD,Ryzen 7,Premium,Integrated,Premium,0,1,False,91.0,"Mouse, MS Office",Lenovo
"HP OmniBook 5 Flip 14-fp0789TU, Silver",0.0,"Versatile, powerful PC with all you need to get things done",13th Generation Intel® Core™ i5 processor | Windows 11 Home | 40.6 cm (16) diagonal 2K IPS touch display | Intel® Iris® Xᵉ Graphics | 16 GB LPDDR5-5200 RAM | 512 GB SSD Hard Drive,BD1H3PA,76796.0,89355.0,"MPP 2.0 pen worth ₹ 3,999 | HP 310 15.6 Laptop Backpack worth ₹2,999.00 | Microsoft Office Home 2024 Lifetime Subscription worth ₹9199.00 | 1 year Microsoft 365 basic subscription",https://www.hp.com/in-en/shop/hp-omnibook-5-flip-14-fp0789tu-bd1h3pa.html,13th Generation Intel® Core™ i5 processor,Windows 11 Home,40.6 cm (16) diagonal 2K IPS touch display,Intel® Iris® Xᵉ Graphics,16 GB LPDDR5-5200 RAM,512 GB SSD Hard Drive,1 year Microsoft 365 basic subscription,mpp 2.0 pen ,16.0,512,SSD,1024,9856.0,Intel,i3,Normal,Integrated,Mid-Range,1,1,False,33.0,"Backpack, Mouse, MS Office",Lenovo
"HP Laptop 14-gr1036TU , Silver",0.0,Powerfully and responsibly made to get things done everyday,"Intel® Core™ Ultra 7 155H processor | Windows 11 Home | 35.6 cm (14) diagonal, FHD display | Intel® Arc™ Graphics | 16 GB DDR5-5600 RAM | 512 GB SSD Hard Drive",C33RKPA,85136.0,95686.0,HP X Entry Backpack worth  ₹1999.00 | Microsoft Office Home 2024 Lifetime Subscription worth ₹9199.00 | 1 year Microsoft 365 basic subscription,https://www.hp.com/in-en/shop/hp-laptop-14-gr1036tu-c33rkpa.html,Intel® Core™ Ultra 7 155H processor,Windows 11 Home,"35.6 cm (14) diagonal, FHD display",Intel® Arc™ Graphics,16 GB DDR5-5600 RAM,512 GB SSD Hard Drive,1 year Microsoft 365 basic subscription,hp x entry backpack ,8.0,512,SSD,1024,14187.0,AMD,Ryzen 7,Premium,Integrated,Premium,1,1,False,33.0,"Mouse, MS Office",Lenovo
"HP OMEN Gaming Laptop 16, Black, Ryzen AI 7 350 (8C), RTX 5070 8GB, 16 GB",0.0,Copilot+ PC.Pro Gaming. Built for unbelievable speed and immersive gameplay.,"AMD Ryzen™ AI 7 350 (8C) processor | Windows 11 Home | 40.6 cm (16) diagonal, 2K, IPS, anti-glare, Low Blue Light, 165 Hz, 400 nits display | NVIDIA GeForce RTX 5070 8GB | 16 GB DDR5 RAM | 1 TB SSD Hard Drive",C1NV8PA,166301.0,187726.0,Microsoft Office Home 2024 Lifetime Subscription worth ₹9199.00 | Microsoft Xbox Game Pass 3 month,https://www.hp.com/in-en/shop/hp-omen-gaming-laptop-16-ap0049ax-c1nv8pa.html,AMD Ryzen™ AI 7 350 (8C) processor,Windows 11 Home,"40.6 cm (16) diagonal, 2K, IPS, anti-glare, Low Blue Light, 165 Hz, 400 nits display",Integrated,16 GB DDR5 RAM,1 TB SSD Hard Drive,Microsoft Xbox Game Pass 3 month,none,8.0,1,SSD,256,20727.0,Intel,i7,Premium,Integrated,Premium,0,1,False,34.0,"Backpack, Mouse, MS Office",Lenovo
"HP ProBook 440 35.6 cm (14) G11 Business Laptop PC, Silver",3.5,Affordable devices designed with business in mind; commercial grade features with durable design,"Intel® Core™ Ultra 5 processor | Windows 11 Pro | 35.6 cm (14) diagonal, WUXGA IPS display | Intel® Graphics | 16 GB DDR5-5600 RAM | 512 GB SSD Hard Drive",C3CL6PT,88275.0,106452.0,"HP 215 39.6 cm (15.6) Laptop Backpack worth ₹ 1,785",https://www.hp.com/in-en/shop/hp-probook-440-14-inch-g11-notebook-pc-c3cl6pt.html,Intel® Core™ Ultra 5 processor,Windows 11 Pro,"35.6 cm (14) diagonal, WUXGA IPS display",Intel® Graphics,16 GB DDR5-5600 RAM,512 GB SSD Hard Drive,No,hp 215 39.6 cm (15.6) laptop backpack ,8.0,512,SSD,512,13653.0,AMD,Ryzen 7,Premium,Integrated,Premium,0,0,False,50.5,"Mouse, MS Office",Lenovo
"HP OmniBook 7 Aero Next Gen AI 13-bg1678AU, Silver",0.0,Copilot+ PC.Engineered for durability and performance for power users and students.,AMD Ryzen™ AI 5 processor | Windows 11 Home Single Language | 33.78 cm (13.3) diagonal WQXGA IPS display | AMD Radeon™ 840M Graphics | 16 GB LPDDR5x-7500 RAM | 512 GB SSD Hard Drive,BK1U0PA,88318.0,96136.0,Trendsetter Backpack | Microsoft Office Home 2024 Lifetime Subscription worth ₹9199.00 | 1 year Microsoft 365 basic subscription,https://www.hp.com/in-en/shop/hp-omnibook-7-aerongai-13-bg1678au-bk1u0pa.html,AMD Ryzen™ AI 5 processor,Windows 11 Home Single Language,33.78 cm (13.3) diagonal WQXGA IPS display,AMD Radeon™ 840M Graphics,16 GB LPDDR5x-7500 RAM,512 GB SSD Hard Drive,1 year Microsoft 365 basic subscription,trendsetter backpack,8.0,512,SSD,1024,7637.0,Intel,i3,Premium,Integrated,Premium,0,1,False,33.0,"Mouse, MS Office",Lenovo
HP ZBook Power 40.6 cm (16) G11 Mobile Workstation PC,3.8,"Recommended for  2D and light 3D workflows, photography, and for running multiple large Microsoft Office files.",Intel® Core™ Ultra 9 processor | Windows 11 Pro | 40.6 cm (16) diagonal WUXGA display | NVIDIA RTX™ A1000 Laptop GPU | 32 GB DDR5-5600 RAM | 1 TB SSD Solid State Drive,A8WM1PT,252161.0,381987.0,,https://www.hp.com/in-en/shop/hp-zbook-power-16-g11-mobile-workstation-pc-a8wm1pt.html,Intel® Core™ Ultra 9 processor,Windows 11 Pro,40.6 cm (16) diagonal WUXGA display,Integrated,32 GB DDR5-5600 RAM,1 TB SSD Solid State Drive,No,none,32.0,1,SSD,256,128901.0,Intel,i7,Premium,Integrated,Premium,0,0,False,85.0,"Backpack, Mouse, MS Office",Lenovo
"HP Laptop 39.6 cm (15.6) 15-fd0568TU, Silver",0.0,A reliably built laptop to keep you in the zone,13th Generation Intel® Core™ i3 processor | Windows 11 Home Single Language | 39.6 cm (15.6) diagonal FHD display | Intel® Graphics | 8 GB DDR4-3200 RAM | 512 GB SSD Hard Drive,BG6D7PA,40097.0,50902.0,,https://www.hp.com/in-en/shop/hp-laptop-15-fd0568tu-bg6d7pa.html,13th Generation Intel® Core™ i3 processor,Windows 11 Home Single Language,39.6 cm (15.6) diagonal FHD display,Intel® Graphics,8 GB DDR4-3200 RAM,512 GB SSD Hard Drive,No,none,32.0,512,SSD,1024,10903.0,AMD,Ryzen 5,Normal,Integrated,Mid-Range,0,1,False,17.0,"Backpack, Mouse",Lenovo
"HP Pavilion Plus 35.6 cm (14) Laptop 14-ew0108TU, Blue",4.8333,"Unleash your potential with the HP Pavilion Plus 14"" Laptop",13th Generation Intel® Core™ i5 processor | Windows 11 Home | 35.6 cm (14) diagonal 2K display | Intel® Iris® Xᵉ Graphics | 16 GB LPDDR5x-5200 RAM | 512 GB SSD Hard Drive,B6PA5PA,83148.0,95006.0,"HP 310 15.6 Laptop Backpack worth ₹2,999.00 | Microsoft Office Home 2024 Lifetime Subscription worth ₹9199.00 | 1 year Microsoft 365 basic subscription",https://www.hp.com/in-en/shop/hp-pavilion-plus-laptop-14-ew0108tu-b6pa5pa.html,13th Generation Intel® Core™ i5 processor,Windows 11 Home,35.6 cm (14) diagonal 2K display,Intel® Iris® Xᵉ Graphics,16 GB LPDDR5x-5200 RAM,512 GB SSD Hard Drive,1 year Microsoft 365 basic subscription,hp 310 15.6 laptop backpack ,8.0,512,SSD,1024,16507.0,AMD,Ryzen 3,Normal,Integrated,Premium,0,0,False,57.1665,"Mouse, MS Office",Lenovo
"HP EliteBook 8 G1i 35.6 cm (14) Notebook Next Gen AI PC, Silver",0.0,Copilot+ PC.Next-gen AI redefines productivity for modern professionals,"Intel® Core™ Ultra 7 processor | Windows 11 Pro | 35.6 cm (14) diagonal WUXGA, 800 nits, touch display | Intel® Arc™ Graphics | 32 GB RAM | 1 TB SSD Hard Drive",BQ8H1PT,195376.0,191671.0,,https://www.hp.com/in-en/shop/hp-elitebook-8-g1i-35-6-cm-14-notebook-next-gen-ai-pc-silver.html,Intel® Core™ Ultra 7 processor,Windows 11 Pro,"35.6 cm (14) diagonal WUXGA, 800 nits, touch display",Intel® Arc™ Graphics,32 GB RAM,1 TB SSD Hard Drive,No,none,8.0,1,SSD,1024,672.0,Intel,i5,Premium,Integrated,Premium,1,1,False,66.0,"Backpack, Mouse, MS Office",Lenovo
"Victus Gaming Laptop 15-fb3189AX, Blue",0.0,Fulfill your gaming destiny,"AMD Ryzen™ 7 7445HS processor | Windows 11 Home | 39.6 cm (15.6) diagonal FHD 144 Hz, IPS, 300 nits display | NVIDIA® GeForce RTX™ 2050 4GB | 16 GB DDR5-5600 RAM (Upgradeable) | 512 GB SSD Hard Drive",C20N1PA,65961.0,80595.0,Microsoft Office Home 2024 Lifetime Subscription worth ₹9199.00 | 1 year Microsoft 365 basic subscription,https://www.hp.com/in-en/shop/victus-gaming-laptop-15-fb3189ax-c20n1pa.html,AMD Ryzen™ 7 7445HS processor,Windows 11 Home,"39.6 cm (15.6) diagonal FHD 144 Hz, IPS, 300 nits display",Integrated,16 GB DDR5-5600 RAM (Upgradeable),512 GB SSD Hard Drive,1 year Microsoft 365 basic subscription,none,16.0,512,SSD,256,13096.0,Intel,i3,Gaming,Integrated,Mid-Range,1,0,False,33.0,"Mouse, MS Office",Lenovo
"HP 240R 35.6 cm (14) G10 Business Laptop PC, Silver",0.0,"Compact and reliable, value-packed notebooks with essential business features to help you excel in hybrid work","Intel® Core™ 5 processor | Windows 11 Pro | 35.6 cm (14) diagonal, FHD IPS display | Intel® Graphics | 16 GB DDR4-3200 RAM | 512 GB SSD Hard Drive",C8HS3AT,76974.0,85245.0,"HP 215 39.6 cm (15.6) Laptop Backpack worth ₹ 1,785",https://www.hp.com/in-en/shop/hp-240r-14-inch-g10-notebook-pc-c8hs3at.html,Intel® Core™ 5 processor,Windows 11 Pro,"35.6 cm (14) diagonal, FHD IPS display",Intel® Graphics,16 GB DDR4-3200 RAM,512 GB SSD Hard Drive,No,hp 215 39.6 cm (15.6) laptop backpack ,8.0,512,SSD,256,10146.0,AMD,Ryzen 7,Normal,Integrated,Mid-Range,1,0,False,33.0,"Backpack, Mouse, MS Office",Lenovo
"HP ZBook 8 G1i 35.6 cm (14) Mobile Workstation PC, Silver",0.0,Step up performance. Not size.,"Intel® Core™ Ultra 7 processor | Windows 11 Pro | 35.6 cm (14) diagonal, WUXGA IPS display | NVIDIA RTX™ 500 Ada Generation Laptop GPU | 32 GB DDR5-5600 RAM | 1 TB SSD Solid State Drive",C1JN1PT,174751.0,277989.0,"HP 215 39.6 cm (15.6) Laptop Backpack worth ₹ 1,785",https://www.hp.com/in-en/shop/hp-zbook-8-g1i-14-inch-mobile-workstation-pc-data-science-c1jn1pt.html,Intel® Core™ Ultra 7 processor,Windows 11 Pro,"35.6 cm (14) diagonal, WUXGA IPS display",Integrated,32 GB DDR5-5600 RAM,1 TB SSD Solid State Drive,No,hp 215 39.6 cm (15.6) laptop backpack ,32.0,1,SSD,1024,107990.0,AMD,Ryzen 5,Premium,Integrated,Premium,0,1,False,66.0,"Backpack, Mouse, MS Office",Lenovo
"HP EliteBook Ultra G1i 35.6 cm (14) Notebook Next Gen AI PC, Blue",4.0,Copilot+ PC.Lead the way with this sophisticated next-gen AI PC,Intel® Core™ Ultra 7 processor | Windows 11 Pro | 35.6 cm (14) diagonal OLED IPS touch display | Intel® Arc™ Graphics | 32 GB LPDDR5x RAM | 1 TB SSD Hard Drive,B7TQ8PT,205765.0,228223.0,"HP 215 39.6 cm (15.6) Laptop Backpack worth ₹ 1,785",https://www.hp.com/in-en/shop/hp-elitebook-ultra-g1i-14-inch-notebook-next-gen-ai-pc-b7tq8pt.html,Intel® Core™ Ultra 7 processor,Windows 11 Pro,35.6 cm (14) diagonal OLED IPS touch display,Intel® Arc™ Graphics,32 GB LPDDR5x RAM,1 TB SSD Hard Drive,No,hp 215 39.6 cm (15.6) laptop backpack ,32.0,1,SSD,1024,23224.0,Intel,i3,Premium,Integrated,Premium,1,0,False,86.0,"Mouse, MS Office",Lenovo
"HP EliteBook 8 35.6 cm (14) G1i Next Gen AI PC, Silver",0.0,Copilot+ PC.Next-gen AI redefines productivity for modern professionals,"Intel® Core™ Ultra 7 processor | Windows 11 Pro | 35.6 cm (14) diagonal, WUXGA, IPS display, Touchscreen | Intel® Arc™ Graphics | 32 GB LPDDR5x-8533 RAM | 1 TB SSD Hard Drive",C27T5PT,170129.0,203109.0,"HP 215 39.6 cm (15.6) Laptop Backpack worth ₹ 1,785",https://www.hp.com/in-en/shop/hp-elitebook-8-g1i-14-inch-notebook-next-gen-ai-pc-c27t5pt.html,Intel® Core™ Ultra 7 processor,Windows 11 Pro,"35.6 cm (14) diagonal, WUXGA, IPS display, Touchscreen",Intel® Arc™ Graphics,32 GB LPDDR5x-8533 RAM,1 TB SSD Hard Drive,No,hp 215 39.6 cm (15.6) laptop backpack ,32.0,1,SSD,256,29310.0,AMD,Ryzen 5,Premium,Integrated,Premium,1,1,False,66.0,Mouse,Lenovo
"HP EliteBook 8 35.6 cm (14) G1i Next Gen AI PC, Silver",0.0,Copilot+ PC.Next-gen AI redefines productivity for modern professionals,"Intel® Core™ Ultra 7 processor | Windows 11 Pro | 35.6 cm (14) diagonal, WUXGA IPS display | Intel® Arc™ Graphics | 16 GB LPDDR5x-8533 RAM | 1 TB SSD Hard Drive",C27V6PT,138286.0,163334.0,"HP 215 39.6 cm (15.6) Laptop Backpack worth ₹ 1,785",https://www.hp.com/in-en/shop/hp-elitebook-8-g1i-14-inch-notebook-next-gen-ai-pc-c27v6pt.html,Intel® Core™ Ultra 7 processor,Windows 11 Pro,"35.6 cm (14) diagonal, WUXGA IPS display",Intel® Arc™ Graphics,16 GB LPDDR5x-8533 RAM,1 TB SSD Hard Drive,No,hp 215 39.6 cm (15.6) laptop backpack ,32.0,1,SSD,1024,20535.0,Intel,i7,Premium,Integrated,Premium,0,1,False,34.0,"Mouse, MS Office",Lenovo
"HP ZBook Firefly 40.6 cm (16) G11 Mobile Workstation PC, Silver",4.6667,Step up performance. Not size,"Intel® Core™ Ultra 7 processor | Windows 11 Pro | 40.6 cm (16) diagonal, WUXGA IPS display | Intel® UMA Graphics | 32 GB DDR5-5600 RAM | 1 TB SSD Solid State Drive",A1VT4PT,152169.0,246301.0,"FREE Bag (35L98AA) worth ₹ 1,785",https://www.hp.com/in-en/shop/hp-zbook-firefly-16-inch-g11-mobile-workstation-pc-a1vt4pt.html,Intel® Core™ Ultra 7 processor,Windows 11 Pro,"40.6 cm (16) diagonal, WUXGA IPS display",Intel® UMA Graphics,32 GB DDR5-5600 RAM,1 TB SSD Solid State Drive,No,free bag (35l98aa) ,32.0,1,SSD,1024,90246.0,AMD,Ryzen 7,Premium,Integrated,Premium,0,1,False,89.3335,Mouse,Lenovo
"HP ProBook 440 35.6 cm (14) G10 Business Laptop PC, Silver",4.0,"Essential, commercial-grade features","13th Generation Intel® Core™ i5 processor | FreeDOS | 35.6 cm (14) diagonal, FHD, IPS display | Intel® Iris® Xᶱ Graphics | 16 GB DDR4 RAM | 1 TB SSD Hard Drive",BJ3T9AT,83361.0,95342.0,"HP 215 39.6 cm (15.6) Laptop Backpack worth ₹ 1,785",https://www.hp.com/in-en/shop/hp-probook-440-14-g10-notebook-pc-bj3t9at.html,13th Generation Intel® Core™ i5 processor,Unknown,"35.6 cm (14) diagonal, FHD, IPS display",Intel® Iris® Xᶱ Graphics,16 GB DDR4 RAM,1 TB SSD Hard Drive,No,hp 215 39.6 cm (15.6) laptop backpack ,8.0,1,SSD,256,16343.0,AMD,Ryzen 3,Normal,Integrated,Premium,0,1,False,54.0,"Backpack, Mouse, MS Office",Lenovo
"HP 240R 35.6 cm (14) G10 Business Laptop PC, Silver",0.0,"Compact and reliable, value-packed notebooks with essential business features to help you excel in hybrid work","Intel® Core™ 3 processor | FreeDOS 3.0 | 35.6 cm (14) diagonal, HD, SVA display | Intel® Graphics | 8 GB DDR4-3200 RAM | 512 GB SSD Hard Drive",C8HR7AT,39440.0,49000.0,"HP 215 39.6 cm (15.6) Laptop Backpack worth ₹ 1,785",https://www.hp.com/in-en/shop/hp-240r-14-inch-g10-notebook-pc-c8hr7at.html,Intel® Core™ 3 processor,Unknown,"35.6 cm (14) diagonal, HD, SVA display",Intel® Graphics,8 GB DDR4-3200 RAM,512 GB SSD Hard Drive,No,hp 215 39.6 cm (15.6) laptop backpack ,32.0,512,SSD,512,4901.0,AMD,Ryzen 7,Normal,Integrated,Budget,0,1,False,17.0,,Lenovo
"HP OmniBook 5 Next Gen AI 14-he0014QU, Silver",5.0,Copilot+ PC.The upgrade you need from HP Pavilion. Excellent for students and families.,Snapdragon® X processor | Windows 11 Home | 35.6 cm (14) diagonal 2K OLED display | Qualcomm® Adreno™ GPU | 16 GB LPDDR5x-8448 RAM | 512 GB SSD Hard Drive,C08Q6PA,70585.0,83704.0,"HP 310 15.6 Laptop Backpack worth ₹2,999.00 | Microsoft Office Home 2024 Lifetime Subscription worth ₹9199.00 | 1 year Microsoft 365 basic subscription",https://www.hp.com/in-en/shop/hp-omnibook-5-next-gen-ai-14-he0014qu-c08q6pa.html,Snapdragon® X processor,Windows 11 Home,35.6 cm (14) diagonal 2K OLED display,Integrated,16 GB LPDDR5x-8448 RAM,512 GB SSD Hard Drive,1 year Microsoft 365 basic subscription,hp 310 15.6 laptop backpack ,8.0,512,SSD,1024,8205.0,Intel,i3,Normal,Integrated,Mid-Range,1,0,False,58.0,"Mouse, MS Office",Lenovo
"HP OmniBook 5 Flip 35.6 cm (14) 14-fp0690TU, Silver",0.0,The upgrade you need from HP Pavilion. Excellent for students and families.,Intel® Core™ 7 processor | Windows 11 Home | 35.6 cm (14) diagonal 2K IPS display | Intel® Graphics | 16 GB LPDDR5-5200 RAM | 1 TB SSD Hard Drive,BX9Q7PA,94675.0,101342.0,"HP 310 15.6 Laptop Backpack worth ₹2,999.00 | Microsoft Office Home 2024 Lifetime Subscription worth ₹9199.00",https://www.hp.com/in-en/shop/hp-omnibook-5-flip-14-fp0690tu-bx9q7pa.html,Intel® Core™ 7 processor,Windows 11 Home,35.6 cm (14) diagonal 2K IPS display,Intel® Graphics,16 GB LPDDR5-5200 RAM,1 TB SSD Hard Drive,Microsoft Office Home 2024 Lifetime Subscription worth ₹9199.00,hp 310 15.6 laptop backpack ,8.0,1,SSD,512,5343.0,Intel,i3,Premium,Integrated,Premium,0,1,True,34.0,"Backpack, Mouse",Lenovo
"HP Laptop 35.6 cm 14-ep1130TU, Silver",3.6667,Powerfully and responsibly made to get things done everyday,Intel® Core™ Ultra 7 155H processor | Windows 11 Home | 35.6 cm (14) diagonal FHD display | Intel® Arc™ Graphics | 32 GB DDR5-5600 MT/s RAM | 1TB SSD Hard Drive,C0YN6PA,92360.0,101261.0,HP X Entry Backpack worth  ₹1999.00 | Microsoft Office Home 2024 Lifetime Subscription worth ₹9199.00,https://www.hp.com/in-en/shop/hp-laptop-14-ep1130tu-c0yn6pa.html,Intel® Core™ Ultra 7 155H processor,Windows 11 Home,35.6 cm (14) diagonal FHD display,Intel® Arc™ Graphics,32 GB DDR5-5600 MT/s RAM,1TB SSD Hard Drive,Microsoft Office Home 2024 Lifetime Subscription worth ₹9199.00,hp x entry backpack ,8.0,1,SSD,256,11262.0,Intel,i5,Premium,Integrated,Premium,1,0,True,84.3335,"Backpack, Mouse, MS Office",Lenovo
"HP ProBook 440 35.6 cm (14) G11 Business Laptop PC, Silver",3.5,Affordable devices designed with business in mind; commercial grade features with durable design,"Intel® Core™ Ultra 5 processor | Windows 11 Pro | 35.6 cm (14) diagonal, WUXGA, IPS display | Intel® Graphics | 16 GB DDR5-5600 RAM | 512 GB SSD Hard Drive",CD9A7PT,92938.0,107334.0,"HP 215 39.6 cm (15.6) Laptop Backpack worth ₹ 1,785",https://www.hp.com/in-en/shop/hp-probook-440-14-inch-g11-notebook-pc-cd9a7pt.html,Intel® Core™ Ultra 5 processor,Windows 11 Pro,"35.6 cm (14) diagonal, WUXGA, IPS display",Intel® Graphics,16 GB DDR5-5600 RAM,512 GB SSD Hard Drive,No,hp 215 39.6 cm (15.6) laptop backpack ,32.0,512,SSD,512,14535.0,AMD,Ryzen 7,Premium,Integrated,Premium,0,0,False,50.5,"Backpack, Mouse, MS Office",Lenovo
"HP Victus 39.6 cm (15.6) Gaming Laptop 15-fa2203TX, Blue",0.0,Step up the fun with our most affordable gaming laptop range that doesn't shy on performance.,"Intel® Core™ 5 processor | Windows 11 Home | 39.6 cm (15.6) diagonal, FHD, IPS, anti-glare display | NVIDIA® GeForce RTX™ 4050 (6 GB) | 16 GB DDR4-3200 RAM | 512 GB SSD Hard Drive",CF1J3PA,84659.0,98170.0,Microsoft Office Home 2024 Lifetime Subscription worth ₹9199.00 | Microsoft Xbox Game Pass 3 month,https://www.hp.com/in-en/shop/victus-gaming-laptop-15-fa2203tx-cf1j3pa.html,Intel® Core™ 5 processor,Windows 11 Home,"39.6 cm (15.6) diagonal, FHD, IPS, anti-glare display",Integrated,16 GB DDR4-3200 RAM,512 GB SSD Hard Drive,Microsoft Xbox Game Pass 3 month,none,8.0,512,SSD,512,9671.0,AMD,Ryzen 5,Premium,Integrated,Premium,0,0,False,33.0,"Backpack, Mouse",Lenovo
"HP Laptop 39.6 cm (15.6) 15-fd0582TU, Silver",0.0,Reliable computing yet stylish laptop that makes the wallet happy,"13th Generation Intel® Core™ i3 processor | Windows 11 Home | 39.6 cm (15.6) diagonal, FHD display | Intel® Graphics | 8 GB DDR4-3200 RAM | 512 GB SSD Hard Drive",BH4U6PA,48470.0,52055.0,HP X Entry Backpack worth  ₹1999.00 | Microsoft Office Home 2024 Lifetime Subscription worth ₹9199.00,https://www.hp.com/in-en/shop/hp-laptop-15-fd0582tu-bh4u6pa.html,13th Generation Intel® Core™ i3 processor,Windows 11 Home,"39.6 cm (15.6) diagonal, FHD display",Intel® Graphics,8 GB DDR4-3200 RAM,512 GB SSD Hard Drive,Microsoft Office Home 2024 Lifetime Subscription worth ₹9199.00,hp x entry backpack ,32.0,512,SSD,512,6476.0,Intel,i5,Normal,Integrated,Mid-Range,1,1,True,17.0,"Mouse, MS Office",Lenovo
"HP 240R 35.6 cm (14) G10 Business Laptop PC, Silver",0.0,"Compact and reliable, value-packed notebooks with essential business features to help you excel in hybrid work","Intel® Core™ 7 processor | FreeDOS 3.0 | 35.6 cm (14) diagonal, FHD, IPS display | Intel® Graphics | 8 GB DDR4-3200 RAM | 512 GB SSD Hard Drive",C8HT9PT,77557.0,84709.0,"HP 215 39.6 cm (15.6) Laptop Backpack worth ₹ 1,785",https://www.hp.com/in-en/shop/hp-240r-14-inch-g10-notebook-pc-c8ht9pt.html,Intel® Core™ 7 processor,Unknown,"35.6 cm (14) diagonal, FHD, IPS display",Intel® Graphics,8 GB DDR4-3200 RAM,512 GB SSD Hard Drive,No,hp 215 39.6 cm (15.6) laptop backpack ,16.0,512,SSD,256,9860.0,Intel,i7,Normal,Integrated,Mid-Range,0,0,False,17.0,"Mouse, MS Office",Lenovo
HP ZBook Firefly 35.6 cm (14) G11,1.950016958,,up to Intel® Core™ Ultra 7 processor | up to Windows 11 Pro | up to NVIDIA RTX™ A500 Laptop GPU | up to 32 GB DDR5-5600 RAM | up to 1 TB SSD Solid State Drive,zbookfirefly14,79572.0,,,https://www.hp.com/in-en/shop/hp-zbook-firefly-35-6-cm-14-g11.html,up to Intel® Core™ Ultra 7 processor,up to Windows 11 Pro,,Integrated,up to 32 GB DDR5-5600 RAM,up to 1 TB SSD Solid State Drive,No,none,16.0,1,SSD,512,,AMD,Ryzen 3,Premium,Integrated,Mid-Range,0,1,False,75.75008479,"Backpack, Mouse, MS Office",Lenovo
"HP Omnibook X Laptop 35.6 cm (14) 14-fe0121QU Next Gen AI PC, Silver",4.5,"Copilot+ PC.Unleash your creativity with supercharged performance wrapped in a thin and light design. Meet OmniBook X, the AI-enhanced evolution of HP Envy.","Qualcomm® Snapdragon™ processor | Next-Gen Windows | 35.56 cm 14 diagonal, 2.2K touch display | Snapdragon® X Elite Qualcomm® Adreno™ | 16 GB LPDDR5x-8448 RAM | 1 TB SSD Hard Drive",A99B8PA,129033.0,158441.0,"Microsoft Office Home & Student 2021 Lifetime Subscription worth ₹9199.00 | HP Creator 13.3 Laptop Sling worth ₹5,500.00",https://www.hp.com/in-en/shop/hp-omnibook-x-laptop-14-fe0121qu.html,Qualcomm® Snapdragon™ processor,Next-Gen Windows,"35.56 cm 14 diagonal, 2.2K touch display",Integrated,16 GB LPDDR5x-8448 RAM,1 TB SSD Hard Drive,Microsoft Office Home & Student 2021 Lifetime Subscription worth ₹9199.00,hp creator 13.3 laptop sling ,32.0,1,SSD,512,28942.0,Intel,i7,Premium,Integrated,Premium,0,1,True,56.5,"Backpack, Mouse",Lenovo
"HP ZBook Firefly 35.6 cm (14) G11 Mobile Workstation PC, Silver",3.9375,"Recommended for  2D and light 3D workflows, photography, and for running multiple large Microsoft Office files.",Intel® Core™ Ultra 7 processor | Windows 11 Pro | 35.6 cm (14) diagonal WUXGA display | Intel® Graphics | 16 GB DDR5-5600 RAM | 1 TB PCIe® NVMe™ SSD Solid State Drive,A1VR2PT,136568.0,224666.0,,https://www.hp.com/in-en/shop/hp-zbook-firefly-14-inch-g11-mobile-workstation-pc-a1vr2pt.html,Intel® Core™ Ultra 7 processor,Windows 11 Pro,35.6 cm (14) diagonal WUXGA display,Intel® Graphics,16 GB DDR5-5600 RAM,1 TB PCIe® NVMe™ SSD Solid State Drive,No,none,16.0,1,SSD,512,83667.0,Intel,i5,Premium,Integrated,Premium,1,1,False,53.6875,"Backpack, Mouse, MS Office",Lenovo
"HP Pavilion 40.6 cm (16) Laptop 16-ag0019AU, Silver",4.3333,Create on a PC that has all the power you need,"AMD Ryzen™ 5 processor | Windows 11 Home | 40.6 cm (16) diagonal, WUXGA IPS display | AMD Radeon™ Graphics | 16 GB LPDDR5 RAM | 512 GB SSD Hard Drive",A1UD7PA,62829.0,76923.0,"HP 310 15.6 Laptop Backpack worth ₹2,999.00",https://www.hp.com/in-en/shop/hp-pavilion-laptop-16-ag0019au-a1ud7pa.html,AMD Ryzen™ 5 processor,Windows 11 Home,"40.6 cm (16) diagonal, WUXGA IPS display",AMD Radeon™ Graphics,16 GB LPDDR5 RAM,512 GB SSD Hard Drive,No,hp 310 15.6 laptop backpack ,32.0,512,SSD,256,10424.0,Intel,i3,Normal,Integrated,Mid-Range,1,0,False,54.6665,"Backpack, Mouse, MS Office",Lenovo
"HP OMEN Gaming Laptop 16, Black, Core 7 - 240H (10C), RTX 5060 8GB, 16 GB",0.0,Bold performance without the burnout,"Intel® Core™ 7 240H (10C) processor | Windows 11 Home | 40.6 cm (16) diagonal, 2K, IPS, anti-glare, Low Blue Light, 165 Hz, 400 nits display | NVIDIA® GeForce RTX™ 5060 8GB | 16 GB DDR5 RAM | 1 TB SSD Hard Drive",BP3Y6PA,132227.0,154003.0,Microsoft Office Home 2024 Lifetime Subscription worth ₹9199.00 | Microsoft Xbox Game Pass 3 month,https://www.hp.com/in-en/shop/hp-omen-gaming-laptop-16-am0078tx-bp3y6pa.html,Intel® Core™ 7 240H (10C) processor,Windows 11 Home,"40.6 cm (16) diagonal, 2K, IPS, anti-glare, Low Blue Light, 165 Hz, 400 nits display",Integrated,16 GB DDR5 RAM,1 TB SSD Hard Drive,Microsoft Xbox Game Pass 3 month,none,8.0,1,SSD,1024,17004.0,Intel,i5,Premium,Integrated,Premium,1,1,False,34.0,"Backpack, Mouse, MS Office",Lenovo
"HP ProBook 440 35.6 cm (14) G10 Business Laptop PC, Silver",4.0,"Essential, commercial-grade features","13th Generation Intel® Core™ i5 processor | FreeDOS | 35.6 cm (14) diagonal, FHD, IPS display | Intel® Iris® Xᶱ Graphics | 16 GB DDR4 RAM | 1 TB SSD Hard Drive",BJ3T9AT,81107.0,95342.0,"HP 215 39.6 cm (15.6) Laptop Backpack worth ₹ 1,785",https://www.hp.com/in-en/shop/hp-probook-440-14-g10-notebook-pc-bj3t9at.html,13th Generation Intel® Core™ i5 processor,Unknown,"35.6 cm (14) diagonal, FHD, IPS display",Intel® Iris® Xᶱ Graphics,16 GB DDR4 RAM,1 TB SSD Hard Drive,No,hp 215 39.6 cm (15.6) laptop backpack ,16.0,1,SSD,512,16343.0,Intel,i5,Normal,Integrated,Premium,0,1,False,54.0,"Backpack, Mouse, MS Office",Lenovo
"HP Victus 39.6cm (15.6) Gaming Laptop 15-fb3130AX, Blue",0.0,Fulfill your gaming destiny,"AMD Ryzen™ 7-7445HS processor | Windows 11 Home | 39.6 cm (15.6) diagonal FHD 144 Hz, IPS, 300 nits display with NVIDIA® GeForce RTX™ 4050 6GB | 16 GB DDR5-5600 RAM (Upgradeable) | 512 GB SSD Hard Drive | Full-size, backlit with numeric keypad, HP Wide Vision 720p HD camera",BV3A7PA,86947.0,95746.0,Microsoft Office Home 2024 Lifetime Subscription worth ₹9199.00,https://www.hp.com/in-en/shop/hp-victus-gaming-laptop-15-fb3130ax-bv3a7pa.html,AMD Ryzen™ 7-7445HS processor,Windows 11 Home,"39.6 cm (15.6) diagonal FHD 144 Hz, IPS, 300 nits display with NVIDIA® GeForce RTX™ 4050 6GB",Integrated,16 GB DDR5-5600 RAM (Upgradeable),512 GB SSD Hard Drive,Microsoft Office Home 2024 Lifetime Subscription worth ₹9199.00,none,16.0,512,SSD,256,11247.0,Intel,i3,Premium,Integrated,Premium,0,0,True,33.0,Mouse,Lenovo
"OMEN MAX Gaming Laptop 16, Black, Core Ultra 7 - 255HX (20C), RTX 5070 8GB, 32 GB DDR5",0.0,Built to break limits,"Intel® Core™ Ultra 7 255HX processor | Windows 11 Home | 40.6 cm (16) diagonal 2K display,165 Hz, 3 ms response time, IPS | NVIDIA® GeForce RTX™ 5070 8GB | 32 GB DDR5-5600 RAM | 1 TB SSD Hard Drive",C27DVPA,201346.0,230443.0,,https://www.hp.com/in-en/shop/omen-max-gaming-laptop-16-ah0087tx-c27dvpa.html,Intel® Core™ Ultra 7 255HX processor,Windows 11 Home,"40.6 cm (16) diagonal 2K display,165 Hz, 3 ms response time, IPS",Integrated,32 GB DDR5-5600 RAM,1 TB SSD Hard Drive,No,none,32.0,1,SSD,512,25444.0,AMD,Ryzen 3,Premium,Integrated,Premium,1,0,False,66.0,"Mouse, MS Office",Lenovo
"HP ProBook 445 35.6 cm (14) G11 Business Laptop PC, Silver",0.0,Affordable devices designed with business in mind; commercial grade features with durable design,"AMD Ryzen™ 5 processor | Windows 11 Pro | 35.6 cm (14) diagonal, WUXGA, IPS display | AMD Radeon™ 660M Graphics | 16 GB DDR5-4800 RAM | 512 GB SSD Hard Drive",CD9A5PT,75717.0,77778.0,"HP 215 39.6 cm (15.6) Laptop Backpack worth ₹ 1,785",https://www.hp.com/in-en/shop/hp-probook-445-14-inch-g11-notebook-pc-cd9a5pt.html,AMD Ryzen™ 5 processor,Windows 11 Pro,"35.6 cm (14) diagonal, WUXGA, IPS display",AMD Radeon™ 660M Graphics,16 GB DDR5-4800 RAM,512 GB SSD Hard Drive,No,hp 215 39.6 cm (15.6) laptop backpack ,16.0,512,SSD,1024,3179.0,Intel,i3,Normal,Integrated,Mid-Range,1,1,False,33.0,,Lenovo
"OMEN MAX Gaming Laptop 16, Black, Ultra 7 - 255HX (20C), RTX 5060 8GB, 32 GB",0.0,Built to break limits,"Intel® Core™ Ultra 7 255HX processor | Windows 11 Home | 40.6 cm (16), diagonal,2K (1920 x 1200),165 Hz, 3 ms response time, IPS | NVIDIA® GeForce RTX™ 5060 8GB | 32 GB DDR5-5600 MT/s (2 x 16 GB) RAM | 1TB SSD Hard Drive",BN7U3PA,192896.0,213581.0,,https://www.hp.com/in-en/shop/omen-max-gaming-laptop-16-ah0065tx-bn7u3pa.html,Intel® Core™ Ultra 7 255HX processor,Windows 11 Home,"40.6 cm (16), diagonal,2K (1920 x 1200),165 Hz, 3 ms response time, IPS",Integrated,32 GB DDR5-5600 MT/s (2 x 16 GB) RAM,1TB SSD Hard Drive,No,none,8.0,1,SSD,1024,23582.0,AMD,Ryzen 3,Premium,Integrated,Premium,0,1,False,66.0,"Backpack, Mouse, MS Office",Lenovo
"HP EliteBook 8 G1i 35.6 cm (14) Notebook Next Gen AI PC, Silver",0.0,Copilot+ PC.Next-gen AI redefines productivity for modern professionals,"Intel® Core™ Ultra 7 processor | Windows 11 Pro | 35.6 cm (14) diagonal WUXGA, 800 nits, touch display | Intel® Arc™ Graphics | 32 GB RAM | 1 TB SSD Hard Drive",BQ9B7PT,201330.0,206849.0,,https://www.hp.com/in-en/shop/hp-elitebook-8-g1i-14-inch-notebook-next-gen-ai-pc-bq9b7pt.html,Intel® Core™ Ultra 7 processor,Windows 11 Pro,"35.6 cm (14) diagonal WUXGA, 800 nits, touch display",Intel® Arc™ Graphics,32 GB RAM,1 TB SSD Hard Drive,No,none,8.0,1,SSD,512,1350.0,AMD,Ryzen 5,Premium,Integrated,Premium,0,0,False,66.0,"Backpack, Mouse, MS Office",Lenovo
HP ZBook Power 39.6 cm (15.6) G10 A Mobile Workstation PC,0.0,"Recommended for  2D and light 3D workflows, photography, and for running multiple large Microsoft Office files.",AMD Ryzen™ 7 processor | Windows 11 Pro | 39.6 cm (15.6) diagonal FHD display | NVIDIA RTX™ 2000 Ada Generation | 32 GB DDR5 RAM | 1 TB SSD Solid State Drive,8U6Z7PA,222505.0,253708.0,"FREE Bag (35L98AA) worth ₹ 1,785",https://www.hp.com/in-en/shop/hp-zbook-power-15-6-g10-a-mobile-workstation-pc-8u6z7pa.html,AMD Ryzen™ 7 processor,Windows 11 Pro,39.6 cm (15.6) diagonal FHD display,Integrated,32 GB DDR5 RAM,1 TB SSD Solid State Drive,No,free bag (35l98aa) ,8.0,1,SSD,256,31160.0,Intel,i7,Premium,Integrated,Premium,1,0,False,66.0,"Backpack, Mouse, MS Office",Lenovo
"HP ProBook 4 G1i 35.6 cm (14) Laptop AI PC, Silver",0.0,Affordable devices designed with business in mind; commercial grade features with durable design,"Intel® Core™ Ultra 7 processor | Windows 11 Pro | 35.6 cm (14) diagonal, WUXGA, IPS display | Intel® Graphics | 32 GB DDR5-5600 RAM | 512 GB SSD Hard Drive",CK2F6PA,154365.0,150920.0,,https://www.hp.com/in-en/shop/hp-probook-4-g1i-14-inch-notebook-ai-pc-ck2f6pa.html,Intel® Core™ Ultra 7 processor,Windows 11 Pro,"35.6 cm (14) diagonal, WUXGA, IPS display",Intel® Graphics,32 GB DDR5-5600 RAM,512 GB SSD Hard Drive,No,none,8.0,512,SSD,1024,921.0,Intel,i3,Premium,Integrated,Premium,1,0,False,65.0,"Backpack, Mouse, MS Office",Lenovo
"HP OmniBook Ultra Flip 35.6 cm (14) Next Gen AI 14-fh0368TU, Blue",0.0,"Copilot+ PC.Beautifully crafted, our fast and powerful OmniBook is perfect for freelancers and creators. Meet the AI-enhanced evolution of HP Spectre.","Intel® Core™ Ultra 9 processor with 48 TOPs | Next-Gen Windows | 35.6 cm (14) diagonal, 2.8K, OLED, UWVA, Corning® Gorilla® Glass 5, Low Blue Light display, 120Hz VRR and 400 nits brightness | Intel® Arc™ Graphics | 32 GB LPDDR5x-8533 RAM | 1 TB SSD Hard Drive",C88U8PA,199995.0,213581.0,Microsoft Office Home 2024 Lifetime Subscription worth ₹9199.00,https://www.hp.com/in-en/shop/hp-omnibook-ultra-flip-laptop-14-fh0368tu-c88u8pa.html,Intel® Core™ Ultra 9 processor with 48 TOPs,Next-Gen Windows,"35.6 cm (14) diagonal, 2.8K, OLED, UWVA, Corning® Gorilla® Glass 5, Low Blue Light display, 120Hz VRR and 400 nits brightness",Intel® Arc™ Graphics,32 GB LPDDR5x-8533 RAM,1 TB SSD Hard Drive,Microsoft Office Home 2024 Lifetime Subscription worth ₹9199.00,none,8.0,1,SSD,256,15582.0,Intel,i7,Premium,Integrated,Premium,1,0,True,66.0,"Backpack, Mouse, MS Office",Lenovo
"HP 250R 39.6 cm (15.6) G10 Business Laptop PC, Silver",0.0,"Compact and reliable, value-packed notebooks with essential business features to help you excel in hybrid work","Intel® Core™ 5 processor | FreeDOS 3.0 | 39.6 cm (15.6) diagonal, FHD, SVA display | Intel® Graphics | 8 GB DDR4-3200 RAM | 512 GB SSD Hard Drive",C91T7AT,52948.0,65489.0,"HP 215 39.6 cm (15.6) Laptop Backpack worth ₹ 1,785",https://www.hp.com/in-en/shop/hp-250r-15-6-inch-g10-notebook-pc-c91t7at.html,Intel® Core™ 5 processor,Unknown,"39.6 cm (15.6) diagonal, FHD, SVA display",Intel® Graphics,8 GB DDR4-3200 RAM,512 GB SSD Hard Drive,No,hp 215 39.6 cm (15.6) laptop backpack ,16.0,512,SSD,512,7690.0,Intel,i5,Normal,Integrated,Mid-Range,0,0,False,17.0,,Lenovo
"HP Victus 39.6 cm (15.6) Gaming Laptop 15-fa2203TX, Blue",0.0,Step up the fun with our most affordable gaming laptop range that doesn't shy on performance.,"Intel® Core™ 5 processor | Windows 11 Home | 39.6 cm (15.6) diagonal, FHD, IPS, anti-glare display | NVIDIA® GeForce RTX™ 4050 (6 GB) | 16 GB DDR4-3200 RAM | 512 GB SSD Hard Drive",CF1J3PA,85326.0,98170.0,Microsoft Office Home 2024 Lifetime Subscription worth ₹9199.00 | Microsoft Xbox Game Pass 3 month,https://www.hp.com/in-en/shop/victus-gaming-laptop-15-fa2203tx-cf1j3pa.html,Intel® Core™ 5 processor,Windows 11 Home,"39.6 cm (15.6) diagonal, FHD, IPS, anti-glare display",Integrated,16 GB DDR4-3200 RAM,512 GB SSD Hard Drive,Microsoft Xbox Game Pass 3 month,none,16.0,512,SSD,512,9671.0,AMD,Ryzen 3,Premium,Integrated,Premium,1,1,False,33.0,"Backpack, Mouse",Lenovo
HP ZBook Studio 40.64cm (16) G10 Mobile Workstation PC,0.0,"Recommended for  2D and light 3D workflows, photography, and for running multiple large Microsoft Office files.",13th Generation Intel® Core™ i9 processor | Windows 11 Pro | 40.6 cm (16) diagonal WUXGA display | NVIDIA® GeForce RTX™ 4080 | 32 GB DDR5 RAM | 2 TB SSD Solid State Drive,8L168PA,420141.0,519957.0,Evon Essential Series Black Bagpack,https://www.hp.com/in-en/shop/hp-zbook-studio-16-g10-mobile-workstation-pc-8l168pa.html,13th Generation Intel® Core™ i9 processor,Windows 11 Pro,40.6 cm (16) diagonal WUXGA display,Integrated,32 GB DDR5 RAM,2 TB SSD Solid State Drive,No,evon essential series black bagpack,16.0,2,SSD,256,100458.0,AMD,Ryzen 5,Premium,Integrated,Premium,1,1,False,68.0,,Lenovo
"HP Laptop 39.6 cm (15.6) 15-hr1000TU, Silver",2.0,Reliable computing yet stylish laptop that makes the wallet happy,"Intel® Core™ Ultra 5 processor | Windows 11 Home | 39.6 cm (15.6) diagonal, FHD IPS display | Intel® Arc™ Graphics | 16 GB DDR5-5600 RAM | 512 GB SSD Hard Drive",BK9T8PA,76796.0,83033.0,HP X Entry Backpack worth  ₹1999.00,https://www.hp.com/in-en/shop/hp-laptop-15-hr1000tu-bk9t8pa.html,Intel® Core™ Ultra 5 processor,Windows 11 Home,"39.6 cm (15.6) diagonal, FHD IPS display",Intel® Arc™ Graphics,16 GB DDR5-5600 RAM,512 GB SSD Hard Drive,No,hp x entry backpack ,32.0,512,SSD,1024,9034.0,AMD,Ryzen 3,Normal,Integrated,Mid-Range,0,1,False,43.0,"Backpack, Mouse, MS Office",Lenovo
HP Laptop 39.6 cm (15.6) 15-fd0572TU,0.0,A reliably built laptop to keep you in the zone,13th Generation Intel® Core™ i3 processor | Windows 11 Home Single Language | 39.6 cm (15.6) diagonal FHD display | Intel® UHD Graphics | 8 GB DDR4-3200 RAM | 512 GB SSD Hard Drive,BG6D9PA,49994.0,52114.0,,https://www.hp.com/in-en/shop/hp-laptop-15-fd0572tu-bg6d9pa.html,13th Generation Intel® Core™ i3 processor,Windows 11 Home Single Language,39.6 cm (15.6) diagonal FHD display,Intel® UHD Graphics,8 GB DDR4-3200 RAM,512 GB SSD Hard Drive,No,none,16.0,512,SSD,256,6115.0,AMD,Ryzen 7,Normal,Integrated,Mid-Range,1,0,False,17.0,"Mouse, MS Office",Lenovo
"HP Pavilion 40.6 cm (16) Laptop 16-ag0019AU, Silver",4.3333,Create on a PC that has all the power you need,"AMD Ryzen™ 5 processor | Windows 11 Home | 40.6 cm (16) diagonal, WUXGA IPS display | AMD Radeon™ Graphics | 16 GB LPDDR5 RAM | 512 GB SSD Hard Drive",A1UD7PA,68209.0,76923.0,"HP 310 15.6 Laptop Backpack worth ₹2,999.00",https://www.hp.com/in-en/shop/hp-pavilion-laptop-16-ag0019au-a1ud7pa.html,AMD Ryzen™ 5 processor,Windows 11 Home,"40.6 cm (16) diagonal, WUXGA IPS display",AMD Radeon™ Graphics,16 GB LPDDR5 RAM,512 GB SSD Hard Drive,No,hp 310 15.6 laptop backpack ,8.0,512,SSD,512,10424.0,Intel,i3,Normal,Integrated,Mid-Range,0,0,False,54.6665,"Backpack, Mouse, MS Office",Lenovo
"HP EliteBook 640 35.6 cm (14) G11 Business Laptop PC, Silver",0.0,Devices that maximize business value to enterprise employees across all hybrid workstyles,"Intel® Core™ Ultra 5 processor | Windows 11 Pro | 35.6 cm (14) diagonal, WUXGA, IPS display | Intel® Graphics | 16 GB DDR5-5600 RAM | 512 GB SSD Hard Drive",B7TU5PT,117650.0,127112.0,,https://www.hp.com/in-en/shop/hp-elitebook-640-14-g11-notebook-pc-b7tu5pt.html,Intel® Core™ Ultra 5 processor,Windows 11 Pro,"35.6 cm (14) diagonal, WUXGA, IPS display",Intel® Graphics,16 GB DDR5-5600 RAM,512 GB SSD Hard Drive,No,none,8.0,512,SSD,512,10077.0,Intel,i5,Premium,Integrated,Premium,0,0,False,33.0,"Mouse, MS Office",Lenovo
"HP ZBook Firefly 35.6 cm (14) G11 Mobile Workstation PC, Silver",3.0,"Recommended for  2D and light 3D workflows, photography, and for running multiple large Microsoft Office files.",AMD Ryzen™ 5 processor | Windows 11 Pro | 35.6 cm (14) diagonal WUXGA display | Intel® UMA Graphics | 16 GB DDR5-5600 RAM | 512 GB SSD Solid State Drive,B7ER3PT,86423.0,186397.0,"FREE Bag (35L98AA) worth ₹ 1,785",https://www.hp.com/in-en/shop/hp-zbook-firefly-14-g11-a-mobile-workstation-pc-b7er3pt.html,AMD Ryzen™ 5 processor,Windows 11 Pro,35.6 cm (14) diagonal WUXGA display,Intel® UMA Graphics,16 GB DDR5-5600 RAM,512 GB SSD Solid State Drive,No,free bag (35l98aa) ,32.0,512,SSD,1024,96292.0,AMD,Ryzen 3,Premium,Integrated,Premium,1,1,False,48.0,"Backpack, Mouse",Lenovo
"HP OmniBook 5 40.6 cm (16) Next Gen AI 16-fb0001QU, Silver",0.0,Copilot+ PC.The upgrade you need from HP Pavilion. Excellent for students and families.,"Snapdragon® X processor | Next-Gen Windows | 40.6 cm (16) diagonal, 2K, OLED, UWVA, Low Blue Light display | Qualcomm® Adreno™ GPU | 16 GB LPDDR5x-8448 RAM | 1 TB SSD Hard Drive",C40F2PA,73128.0,87095.0,Microsoft Office Home 2024 Lifetime Subscription worth ₹9199.00,https://www.hp.com/in-en/shop/hp-omnibook-5-laptop-next-gen-ai-16-fb0001qu-c40f2pa.html,Snapdragon® X processor,Next-Gen Windows,"40.6 cm (16) diagonal, 2K, OLED, UWVA, Low Blue Light display",Integrated,16 GB LPDDR5x-8448 RAM,1 TB SSD Hard Drive,Microsoft Office Home 2024 Lifetime Subscription worth ₹9199.00,none,16.0,1,SSD,1024,9596.0,Intel,i3,Normal,Integrated,Mid-Range,0,1,True,34.0,Mouse,Lenovo
"HP 240R 35.6 cm (14) G10 Business Laptop PC, Silver",0.0,"Compact and reliable, value-packed notebooks with essential business features to help you excel in hybrid work","Intel® Core™ 5 processor | Windows 11 Pro | 35.6 cm (14) diagonal, FHD IPS display | Intel® Graphics | 16 GB DDR4-3200 RAM | 512 GB SSD Hard Drive",C8HS4AT,79999.0,86489.0,"HP 215 39.6 cm (15.6) Laptop Backpack worth ₹ 1,785",https://www.hp.com/in-en/shop/hp-240r-14-inch-g10-notebook-pc-c8hs4at.html,Intel® Core™ 5 processor,Windows 11 Pro,"35.6 cm (14) diagonal, FHD IPS display",Intel® Graphics,16 GB DDR4-3200 RAM,512 GB SSD Hard Drive,No,hp 215 39.6 cm (15.6) laptop backpack ,32.0,512,SSD,512,10290.0,AMD,Ryzen 5,Normal,Integrated,Mid-Range,1,0,False,33.0,Mouse,Lenovo
"HP EliteBook 8 Flip G1i 33.8 cm (13.3) Notebook AI PC, Silver",0.0,"Flip flexibility meets AI performance, ready for any task","Intel® Core™ Ultra 7 processor | Windows 11 Pro | 33.8 cm (13.3) diagonal, WUXGA, IPS, 800 nits touch display | Intel® Graphics | 64 GB RAM | 1 TB SSD Hard drive",BQ8J0PT,238383.0,242687.0,,https://www.hp.com/in-en/shop/elitebook-8-13-inch-flip-g1i-bq8j0pt.html,Intel® Core™ Ultra 7 processor,Windows 11 Pro,"33.8 cm (13.3) diagonal, WUXGA, IPS, 800 nits touch display",Intel® Graphics,64 GB RAM,1 TB SSD Hard drive,No,none,8.0,1,SSD,512,3188.0,AMD,Ryzen 3,Premium,Integrated,Premium,1,0,False,130.0,"Mouse, MS Office",Lenovo
"HP Elite x360 1040 35.6 cm (14) G11 2-in-1 Business Laptop PC, Silver",5.0,Innovative design and real power for real work,Intel® Core™ Ultra 7 processor | Windows 11 Pro | 35.6 cm (14) diagonal 2.8K OLED touch display | Intel® Arc™ Graphics | 32 GB LPDDR5x RAM | 1 TB SSD Hard Drive,B85XHPT,182635.0,221107.0,HP Pen,https://www.hp.com/in-en/shop/hp-elite-x360-1040-14-inch-g11-2-in-1-notebook-pc-b85xhpt.html,Intel® Core™ Ultra 7 processor,Windows 11 Pro,35.6 cm (14) diagonal 2.8K OLED touch display,Intel® Arc™ Graphics,32 GB LPDDR5x RAM,1 TB SSD Hard Drive,No,hp pen,8.0,1,SSD,512,37108.0,AMD,Ryzen 3,Premium,Integrated,Premium,1,1,False,91.0,"Backpack, Mouse, MS Office",Lenovo
"HP ZBook Firefly 35.6 cm (14) G11 Mobile Workstation PC, Silver",3.9375,"Recommended for  2D and light 3D workflows, photography, and for running multiple large Microsoft Office files.",Intel® Core™ Ultra 7 processor | FreeDOS | 35.6 cm (14) diagonal WUXGA IPS display | Intel® UMA Graphics | 16 GB DDR5-5600 RAM | 1 TB SSD Solid State Drive,B71DRPT,108298.0,187122.0,"FREE Bag (35L98AA) worth ₹ 1,785",https://www.hp.com/in-en/shop/hp-zbook-firefly-14-inch-g11-mobile-workstation-pc-b71drpt.html,Intel® Core™ Ultra 7 processor,Unknown,35.6 cm (14) diagonal WUXGA IPS display,Intel® UMA Graphics,16 GB DDR5-5600 RAM,1 TB SSD Solid State Drive,No,free bag (35l98aa) ,8.0,1,SSD,256,77341.0,AMD,Ryzen 7,Premium,Integrated,Premium,1,1,False,53.6875,"Backpack, Mouse, MS Office",Lenovo
"HP EliteBook 8 35.6 cm (14) G1i Next Gen AI PC, Silver",0.0,Copilot+ PC.Next-gen AI redefines productivity for modern professionals,"Intel® Core™ Ultra 7 processor | Windows 11 Pro | 35.6 cm (14) diagonal, WUXGA IPS display | Intel® Arc™ Graphics | 32 GB LPDDR5x-8533 RAM | 1 TB SSD Hard Drive",C27T4PT,161112.0,189778.0,"HP 215 39.6 cm (15.6) Laptop Backpack worth ₹ 1,785",https://www.hp.com/in-en/shop/hp-elitebook-8-g1i-14-inch-notebook-next-gen-ai-pc-c27t4pt.html,Intel® Core™ Ultra 7 processor,Windows 11 Pro,"35.6 cm (14) diagonal, WUXGA IPS display",Intel® Arc™ Graphics,32 GB LPDDR5x-8533 RAM,1 TB SSD Hard Drive,No,hp 215 39.6 cm (15.6) laptop backpack ,32.0,1,SSD,1024,24179.0,Intel,i7,Premium,Integrated,Premium,0,1,False,66.0,"Backpack, Mouse, MS Office",Lenovo
"HP EliteBook 8 G1i 35.6 cm (14) Notebook Next Gen AI PC, Silver",0.0,Copilot+ PC.Next-gen AI redefines productivity for modern professionals,"Intel® Core™ Ultra 7 processor | Windows 11 Pro | 35.6 cm (14) diagonal WUXGA, 800 nits, touch display | Intel® Arc™ Graphics | 32 GB RAM | 1 TB SSD Hard Drive",BQ9B7PT,201145.0,206849.0,,https://www.hp.com/in-en/shop/hp-elitebook-8-g1i-14-inch-notebook-next-gen-ai-pc-bq9b7pt.html,Intel® Core™ Ultra 7 processor,Windows 11 Pro,"35.6 cm (14) diagonal WUXGA, 800 nits, touch display",Intel® Arc™ Graphics,32 GB RAM,1 TB SSD Hard Drive,No,none,32.0,1,SSD,256,1350.0,Intel,i7,Premium,Integrated,Premium,0,0,False,66.0,"Backpack, Mouse, MS Office",Lenovo
"HP Victus 39.6cm (15.6) Gaming Laptop 15-fb3130AX, Blue",0.0,Fulfill your gaming destiny,"AMD Ryzen™ 7-7445HS processor | Windows 11 Home | 39.6 cm (15.6) diagonal FHD 144 Hz, IPS, 300 nits display with NVIDIA® GeForce RTX™ 4050 6GB | 16 GB DDR5-5600 RAM (Upgradeable) | 512 GB SSD Hard Drive | Full-size, backlit with numeric keypad, HP Wide Vision 720p HD camera",BV3A7PA,86502.0,95746.0,Microsoft Office Home 2024 Lifetime Subscription worth ₹9199.00,https://www.hp.com/in-en/shop/hp-victus-gaming-laptop-15-fb3130ax-bv3a7pa.html,AMD Ryzen™ 7-7445HS processor,Windows 11 Home,"39.6 cm (15.6) diagonal FHD 144 Hz, IPS, 300 nits display with NVIDIA® GeForce RTX™ 4050 6GB",Integrated,16 GB DDR5-5600 RAM (Upgradeable),512 GB SSD Hard Drive,Microsoft Office Home 2024 Lifetime Subscription worth ₹9199.00,none,16.0,512,SSD,512,11247.0,AMD,Ryzen 5,Premium,Integrated,Premium,1,0,True,33.0,Mouse,Lenovo
"HP OmniBook 5 Laptop 16-ba1123TU, Blue",1.0,The upgrade you need from HP Pavilion. Excellent for students and families.,13th Generation Intel® Core™ i5 processor | Windows 11 Home | 40.6 cm (16) diagonal 2K IPS display | Intel® Iris® Xᵉ Graphics | 16 GB LPDDR5x-4800 RAM | 512 GB SSD Hard Drive,BH4K5PA,74072.0,78779.0,,https://www.hp.com/in-en/shop/hp-omnibook-5-laptop-16-ba1123tu-bh4k5pa.html,13th Generation Intel® Core™ i5 processor,Windows 11 Home,40.6 cm (16) diagonal 2K IPS display,Intel® Iris® Xᵉ Graphics,16 GB LPDDR5x-4800 RAM,512 GB SSD Hard Drive,No,none,8.0,512,SSD,1024,9229.0,AMD,Ryzen 7,Normal,Integrated,Mid-Range,0,0,False,38.0,"Mouse, MS Office",Lenovo
HP Laptop 39.6 cm (15.6) 15-fc0390AU,3.0,Reliable computing yet stylish laptop that makes the wallet happy,AMD Ryzen™ 7-7730U processor | Windows 11 Home | 39.6 cm (15.6) diagonal FHD display | AMD Radeon™ Graphics | 16 GB DDR4-3200 RAM | 512 GB SSD Hard Drive,B7UW1PA,56890.0,64175.0,HP X Entry Backpack worth  ₹1999.00 | Microsoft Office Home 2024 Lifetime Subscription worth ₹9199.00 | 1 year Microsoft 365 basic subscription,https://www.hp.com/in-en/shop/hp-laptop-15-fc0390au-b7uw1pa.html,AMD Ryzen™ 7-7730U processor,Windows 11 Home,39.6 cm (15.6) diagonal FHD display,AMD Radeon™ Graphics,16 GB DDR4-3200 RAM,512 GB SSD Hard Drive,1 year Microsoft 365 basic subscription,hp x entry backpack ,32.0,512,SSD,512,12176.0,Intel,i3,Normal,Integrated,Mid-Range,0,0,False,48.0,"Backpack, Mouse, MS Office",Lenovo
"HP OMEN Gaming Laptop 16-am0240TX, Black",0.0,Bold performance without the burnout,"Intel® Core™ Ultra 7 processor | Windows 11 Home | 40.6 cm (16) diagonal, 2K, 165 Hz, IPS, anti-glare, 400 nits | NVIDIA® GeForce RTX™ 5050 8GB | 24 GB DDR5 RAM (Upgradeable) | 1 TB SSD Hard Drive",C25MWPA,139508.0,168616.0,Microsoft Office Home 2024 Lifetime Subscription worth ₹9199.00 | 1 year Microsoft 365 basic subscription,https://www.hp.com/in-en/shop/hp-omen-gaming-laptop-16-am0240tx-c25mwpa.html,Intel® Core™ Ultra 7 processor,Windows 11 Home,"40.6 cm (16) diagonal, 2K, 165 Hz, IPS, anti-glare, 400 nits",Integrated,24 GB DDR5 RAM (Upgradeable),1 TB SSD Hard Drive,1 year Microsoft 365 basic subscription,none,16.0,1,SSD,512,25117.0,Intel,i7,Premium,Integrated,Premium,1,0,False,50.0,"Mouse, MS Office",Lenovo
"HP Laptop 35.6 cm 14-ep1130TU, Silver",3.6667,Powerfully and responsibly made to get things done everyday,Intel® Core™ Ultra 7 155H processor | Windows 11 Home | 35.6 cm (14) diagonal FHD display | Intel® Arc™ Graphics | 32 GB DDR5-5600 MT/s RAM | 1TB SSD Hard Drive,C0YN6PA,94747.0,101261.0,HP X Entry Backpack worth  ₹1999.00 | Microsoft Office Home 2024 Lifetime Subscription worth ₹9199.00,https://www.hp.com/in-en/shop/hp-laptop-14-ep1130tu-c0yn6pa.html,Intel® Core™ Ultra 7 155H processor,Windows 11 Home,35.6 cm (14) diagonal FHD display,Intel® Arc™ Graphics,32 GB DDR5-5600 MT/s RAM,1TB SSD Hard Drive,Microsoft Office Home 2024 Lifetime Subscription worth ₹9199.00,hp x entry backpack ,8.0,1,SSD,512,11262.0,AMD,Ryzen 5,Premium,Integrated,Premium,0,0,True,84.3335,"Backpack, Mouse, MS Office",Lenovo
"HP OmniBook 5 Flip 35.6 cm (14) 14-fp0690TU, Silver",0.0,The upgrade you need from HP Pavilion. Excellent for students and families.,Intel® Core™ 7 processor | Windows 11 Home | 35.6 cm (14) diagonal 2K IPS display | Intel® Graphics | 16 GB LPDDR5-5200 RAM | 1 TB SSD Hard Drive,BX9Q7PA,93422.0,101342.0,"HP 310 15.6 Laptop Backpack worth ₹2,999.00 | Microsoft Office Home 2024 Lifetime Subscription worth ₹9199.00",https://www.hp.com/in-en/shop/hp-omnibook-5-flip-14-fp0690tu-bx9q7pa.html,Intel® Core™ 7 processor,Windows 11 Home,35.6 cm (14) diagonal 2K IPS display,Intel® Graphics,16 GB LPDDR5-5200 RAM,1 TB SSD Hard Drive,Microsoft Office Home 2024 Lifetime Subscription worth ₹9199.00,hp 310 15.6 laptop backpack ,8.0,1,SSD,512,5343.0,AMD,Ryzen 3,Premium,Integrated,Premium,1,1,True,34.0,"Backpack, Mouse",Lenovo
"HP 240R 35.6 cm (14) G10 Business Laptop PC, Silver",0.0,"Compact and reliable, value-packed notebooks with essential business features to help you excel in hybrid work","Intel® Core™ 7 processor | FreeDOS 3.0 | 35.6 cm (14) diagonal, FHD, IPS display | Intel® Graphics | 8 GB DDR4-3200 RAM | 512 GB SSD Hard Drive",C8HT9PT,73995.0,84709.0,"HP 215 39.6 cm (15.6) Laptop Backpack worth ₹ 1,785",https://www.hp.com/in-en/shop/hp-240r-14-inch-g10-notebook-pc-c8ht9pt.html,Intel® Core™ 7 processor,Unknown,"35.6 cm (14) diagonal, FHD, IPS display",Intel® Graphics,8 GB DDR4-3200 RAM,512 GB SSD Hard Drive,No,hp 215 39.6 cm (15.6) laptop backpack ,8.0,512,SSD,1024,9860.0,Intel,i7,Normal,Integrated,Mid-Range,1,1,False,17.0,"Mouse, MS Office",Lenovo
"HP ProBook 4 G1i 35.6 cm (14) Laptop AI PC, Silver",0.0,Affordable devices designed with business in mind; commercial grade features with durable design,"Intel® Core™ Ultra 5 processor | Windows 11 Pro | 35.6 cm (14) diagonal, WUXGA, IPS display | Intel® Graphics | 16 GB DDR5-5600 RAM | 512 GB SSD Hard Drive",CM4Y5PA,124534.0,129551.0,,https://www.hp.com/in-en/shop/hp-probook-4-g1i-14-notebook-ai-pc-cm4y5pa.html,Intel® Core™ Ultra 5 processor,Windows 11 Pro,"35.6 cm (14) diagonal, WUXGA, IPS display",Intel® Graphics,16 GB DDR5-5600 RAM,512 GB SSD Hard Drive,No,none,16.0,512,SSD,1024,1252.0,AMD,Ryzen 3,Premium,Integrated,Premium,1,1,False,33.0,"Mouse, MS Office",Lenovo
"HP OMEN Gaming Laptop 16-ap0183AX , Black",5.0,Bold performance that doesn't burn out,"AMD Ryzen™ AI 7 processor | Windows 11 Home | 40.6 cm (16) diagonal, 2K, 165Hz, IPS, anti-glare, Low Blue Light, 400 nits display | NVIDIA® GeForce RTX™ 5060 8 GB | 24 GB DDR5-5600 RAM (Upgradeable) | 1 TB SSD Hard Drive",C7LU0PA,147760.0,174237.0,Microsoft Office Home 2024 Lifetime Subscription worth ₹9199.00 | 1 year Microsoft 365 basic subscription,https://www.hp.com/in-en/shop/hp-omen-gaming-laptop-16-ap0183ax-c7lu0pa.html,AMD Ryzen™ AI 7 processor,Windows 11 Home,"40.6 cm (16) diagonal, 2K, 165Hz, IPS, anti-glare, Low Blue Light, 400 nits display",Integrated,24 GB DDR5-5600 RAM (Upgradeable),1 TB SSD Hard Drive,1 year Microsoft 365 basic subscription,none,8.0,1,SSD,512,22738.0,AMD,Ryzen 5,Premium,Integrated,Premium,1,1,False,75.0,"Mouse, MS Office",Lenovo
"HP EliteBook 8 35.6 cm (14) G1i Next Gen AI PC, Silver",0.0,Copilot+ PC.Next-gen AI redefines productivity for modern professionals,"Intel® Core™ Ultra 7 processor | Windows 11 Pro | 35.6 cm (14) diagonal, WUXGA, IPS display, Touchscreen | Intel® Arc™ Graphics | 32 GB LPDDR5x-8533 RAM | 1 TB SSD Hard Drive",C27THPT,178559.0,205334.0,"HP 215 39.6 cm (15.6) Laptop Backpack worth ₹ 1,785",https://www.hp.com/in-en/shop/hp-elitebook-8-g1i-14-inch-notebook-next-gen-ai-pc-c27thpt.html,Intel® Core™ Ultra 7 processor,Windows 11 Pro,"35.6 cm (14) diagonal, WUXGA, IPS display, Touchscreen",Intel® Arc™ Graphics,32 GB LPDDR5x-8533 RAM,1 TB SSD Hard Drive,No,hp 215 39.6 cm (15.6) laptop backpack ,16.0,1,SSD,512,26235.0,Intel,i3,Premium,Integrated,Premium,0,1,False,66.0,"Mouse, MS Office",Lenovo
"HP EliteBook 845 35.6 cm (14) G9 Notebook PC, Silver",0.0,Work where you’re needed,"AMD Ryzen™ 5 PRO processor | FreeDOS | 35.6 cm (14) diagonal, WUXGA, IPS display | AMD Radeon™ 660M Graphics | 16 GB DDR5 RAM | 512 GB SSD Hard Drive",B25U4AT,81004.0,94185.0,"HP 215 39.6 cm (15.6) Laptop Backpack worth ₹ 1,785",https://www.hp.com/in-en/shop/hp-elitebook-845-14-g9-notebook-pc-b25u4at.html,AMD Ryzen™ 5 PRO processor,Unknown,"35.6 cm (14) diagonal, WUXGA, IPS display",AMD Radeon™ 660M Graphics,16 GB DDR5 RAM,512 GB SSD Hard Drive,No,hp 215 39.6 cm (15.6) laptop backpack ,32.0,512,SSD,1024,14686.0,Intel,i7,Normal,Integrated,Premium,1,1,False,33.0,"Backpack, Mouse",Lenovo
"HP ProBook 440 35.6 cm (14) G10 Business Laptop PC, Silver",4.0,"Essential, commercial-grade features","13th Generation Intel® Core™ i5 processor | Windows 11 Pro | 35.6 cm (14) diagonal, FHD, IPS display | Intel® Iris® Xᶱ Graphics | 16 GB DDR4 RAM | 512 GB SSD Hard Drive",BJ3T5AT,92291.0,110896.0,"HP 215 39.6 cm (15.6) Laptop Backpack worth ₹ 1,785",https://www.hp.com/in-en/shop/hp-probook-440-14-g10-notebook-pc-bj3t5at.html,13th Generation Intel® Core™ i5 processor,Windows 11 Pro,"35.6 cm (14) diagonal, FHD, IPS display",Intel® Iris® Xᶱ Graphics,16 GB DDR4 RAM,512 GB SSD Hard Drive,No,hp 215 39.6 cm (15.6) laptop backpack ,16.0,512,SSD,512,23397.0,AMD,Ryzen 3,Premium,Integrated,Premium,1,0,False,53.0,"Backpack, Mouse, MS Office",Lenovo
"HP OMEN MAX Gaming Laptop 16, Black, Ryzen AI 9 HX 375 (12C), RTX 5070 Ti 12GB, 32 GB",0.0,Copilot+ PC.Pro Gaming. Built for unbelievable speed and immersive gameplay.,"AMD Ryzen™ AI 9 HX 375 (12C) processor | Windows 11 Home | 40.6 cm (16) diagonal, 2K, IPS, anti-glare, Low Blue Light, 165 Hz, 400 nits display | NVIDIA® GeForce RTX™ 5070 Ti | 32 GB DDR5 RAM | 1 TB SSD Hard Drive",C1NZ6PA,246672.0,269787.0,Microsoft Office Home 2024 Lifetime Subscription worth ₹9199.00 | Microsoft Xbox Game Pass 3 month,https://www.hp.com/in-en/shop/hp-omen-max-gaming-laptop-16-ak0070ax-c1nz6pa.html,AMD Ryzen™ AI 9 HX 375 (12C) processor,Windows 11 Home,"40.6 cm (16) diagonal, 2K, IPS, anti-glare, Low Blue Light, 165 Hz, 400 nits display",Integrated,32 GB DDR5 RAM,1 TB SSD Hard Drive,Microsoft Xbox Game Pass 3 month,none,16.0,1,SSD,512,19788.0,AMD,Ryzen 5,Premium,Integrated,Premium,1,1,False,66.0,"Mouse, MS Office",Lenovo
"HP OMEN Gaming Laptop 16, Black, Ultra 7-255H (16C), RTX 5070 8GB, 24 GB",0.0,Bold performance without the burnout,"Intel® Core™ Ultra 7 processor | Windows 11 Home | 40.6 cm (16) diagonal, 2K, 165 Hz, IPS, anti-glare, 400 nits | NVIDIA® GeForce RTX™ 5070 8GB | 24 GB DDR5 RAM (Upgradeable) | 1 TB SSD Hard Drive",C8JZ4PA,178381.0,196719.0,Microsoft Office Home 2024 Lifetime Subscription worth ₹9199.00,https://www.hp.com/in-en/shop/hp-omen-gaming-laptop-16-am0303tx-c8jz4pa.html,Intel® Core™ Ultra 7 processor,Windows 11 Home,"40.6 cm (16) diagonal, 2K, 165 Hz, IPS, anti-glare, 400 nits",Integrated,24 GB DDR5 RAM (Upgradeable),1 TB SSD Hard Drive,Microsoft Office Home 2024 Lifetime Subscription worth ₹9199.00,none,16.0,1,SSD,256,21720.0,AMD,Ryzen 5,Premium,Integrated,Premium,1,0,True,50.0,"Backpack, Mouse, MS Office",Lenovo
"HP OMEN MAX 40.6 cm (16) Gaming Laptop 16-ah0076TX, Black",5.0,Built to break limits,"Intel® Core™ Ultra 9 processor | Windows 11 Home | 40.6 cm (16) diagonal, WQXGA (2560 x 1600), 60-240 Hz, 3 ms response time, IPS | NVIDIA® GeForce RTX™ 5080 (16 GB) | 32 GB DDR5-5600 RAM | 1 TB SSD Hard Drive",B90KQPA,310783.0,348475.0,,https://www.hp.com/in-en/shop/omen-max-gaming-laptop-16-ah0076tx-b90kqpa.html,Intel® Core™ Ultra 9 processor,Windows 11 Home,"40.6 cm (16) diagonal, WQXGA (2560 x 1600), 60-240 Hz, 3 ms response time, IPS",Integrated,32 GB DDR5-5600 RAM,1 TB SSD Hard Drive,No,none,32.0,1,SSD,256,38476.0,AMD,Ryzen 7,Premium,Integrated,Premium,0,1,False,91.0,"Mouse, MS Office",Lenovo
HP ZBook Power 40.6 cm (16) G11 Mobile Workstation PC,3.8,"Recommended for  2D and light 3D workflows, photography, and for running multiple large Microsoft Office files.",Intel® Core™ Ultra 7 processor | Windows 11 Pro | 40.6 cm (16) diagonal WUXGA display | NVIDIA RTX™ A500 graphics | 16 GB DDR5-5600 RAM | 1 TB SSD Solid State Drive,A8WN3PT,183728.0,279605.0,,https://www.hp.com/in-en/shop/hp-zbook-power-16-g11-mobile-workstation-pc-a8wn3pt.html,Intel® Core™ Ultra 7 processor,Windows 11 Pro,40.6 cm (16) diagonal WUXGA display,NVIDIA RTX™ A500 graphics,16 GB DDR5-5600 RAM,1 TB SSD Solid State Drive,No,none,16.0,1,SSD,1024,91606.0,Intel,i7,Premium,Dedicated,Premium,0,0,False,53.0,"Backpack, Mouse, MS Office",Lenovo
"HP EliteBook Ultra 35.6 cm (14) G1i Next Gen AI PC, Blue",4.0,Copilot+ PC.Lead the way with this sophisticated next-gen AI PC,"Intel® Core™ Ultra 7 processor | Windows 11 Pro | 35.6 cm (14) diagonal, 2.8K OLED IPS display | Intel® Arc™ Graphics | 32 GB LPDDR5x-8533 RAM | 1 TB SSD Hard Drive",C33M4AT,227023.0,291689.0,"HP 215 39.6 cm (15.6) Laptop Backpack worth ₹ 1,785",https://www.hp.com/in-en/shop/hp-elitebook-ultra-g1i-14-inch-notebook-next-gen-ai-pc-c33m4at.html,Intel® Core™ Ultra 7 processor,Windows 11 Pro,"35.6 cm (14) diagonal, 2.8K OLED IPS display",Intel® Arc™ Graphics,32 GB LPDDR5x-8533 RAM,1 TB SSD Hard Drive,No,hp 215 39.6 cm (15.6) laptop backpack ,32.0,1,SSD,1024,67890.0,AMD,Ryzen 5,Premium,Integrated,Premium,1,0,False,86.0,"Backpack, Mouse, MS Office",Lenovo
"OMEN Gaming Laptop 16, Black, Ultra 7-255H (16C), RTX 5060 8GB, 32 GB",0.0,Bold performance without the burnout,"Intel® Core™ Ultra 7 processor | Windows 11 Home | 40.6 cm (16), diagonal,2K (1920 x 1200),165 Hz, 3 ms response time, IPS | NVIDIA® GeForce RTX™ 5060 8GB | 32 GB DDR5-5600 MT/s (2 x 16 GB) RAM | 1TB SSD Hard Drive",C27E1PA,169853.0,185478.0,,https://www.hp.com/in-en/shop/omen-gaming-laptop-16-am0246tx-c27e1pa.html,Intel® Core™ Ultra 7 processor,Windows 11 Home,"40.6 cm (16), diagonal,2K (1920 x 1200),165 Hz, 3 ms response time, IPS",Integrated,32 GB DDR5-5600 MT/s (2 x 16 GB) RAM,1TB SSD Hard Drive,No,none,8.0,1,SSD,1024,20479.0,AMD,Ryzen 5,Premium,Integrated,Premium,1,1,False,66.0,"Backpack, Mouse, MS Office",Lenovo
"HP EliteBook 8 Flip G1i 33.8 cm (13.3) Notebook AI PC, Silver",0.0,"Flip flexibility meets AI performance, ready for any task","Intel® Core™ Ultra 5 processor | Windows 11 Pro | 33.8 cm (13.3) diagonal, WUXGA, IPS, 800 nits, 100% sRGB touch display | Intel® Graphics | 32 GB RAM | 1 TB SSD Hard Drive",BQ8J1PT,201622.0,199136.0,,https://www.hp.com/in-en/shop/elitebook-8-13-inch-flip-g1i-bq8j1pt.html,Intel® Core™ Ultra 5 processor,Windows 11 Pro,"33.8 cm (13.3) diagonal, WUXGA, IPS, 800 nits, 100% sRGB touch display",Intel® Graphics,32 GB RAM,1 TB SSD Hard Drive,No,none,32.0,1,SSD,512,1137.0,Intel,i5,Premium,Integrated,Premium,1,0,False,66.0,"Backpack, Mouse, MS Office",Lenovo
"HP EliteBook 8 35.6 cm (14) G1i Next Gen AI PC, Silver",0.0,Copilot+ PC.Next-gen AI redefines productivity for modern professionals,"Intel® Core™ Ultra 7 processor | Windows 11 Pro | 35.6 cm (14) diagonal, WUXGA, IPS display, Touchscreen | Intel® Arc™ Graphics | 32 GB LPDDR5x-8533 RAM | 1 TB SSD Hard Drive",C27T5PT,177193.0,203109.0,"HP 215 39.6 cm (15.6) Laptop Backpack worth ₹ 1,785",https://www.hp.com/in-en/shop/hp-elitebook-8-g1i-14-inch-notebook-next-gen-ai-pc-c27t5pt.html,Intel® Core™ Ultra 7 processor,Windows 11 Pro,"35.6 cm (14) diagonal, WUXGA, IPS display, Touchscreen",Intel® Arc™ Graphics,32 GB LPDDR5x-8533 RAM,1 TB SSD Hard Drive,No,hp 215 39.6 cm (15.6) laptop backpack ,32.0,1,SSD,1024,29310.0,AMD,Ryzen 5,Premium,Integrated,Premium,1,1,False,66.0,Mouse,Lenovo
"OMEN Transcend Laptop 14, Black, Ultra 7-255H (16C), RTX 5050 8GB, 16 GB DDR5",0.0,"Built to Game, Made to Create","Intel® Core™ Ultra 7 processor | Windows 11 Home | 35.6 cm (14) diagonal 3K OLED display, 48-120 Hz refresh rate, 0.2 ms response time display | NVIDIA® GeForce RTX™ 5050 8GB | 16 GB LPDDR5-7467 MT/s RAM | 1 TB SSD Hard Drive",C27DTPA,164331.0,184354.0,,https://www.hp.com/in-en/shop/omen-transcend-laptop-14-fb1031tx-c27dtpa.html,Intel® Core™ Ultra 7 processor,Windows 11 Home,"35.6 cm (14) diagonal 3K OLED display, 48-120 Hz refresh rate, 0.2 ms response time display",Integrated,16 GB LPDDR5-7467 MT/s RAM,1 TB SSD Hard Drive,No,none,8.0,1,SSD,256,20355.0,Intel,i5,Premium,Integrated,Premium,1,1,False,34.0,"Backpack, Mouse, MS Office",Lenovo
"HP OmniBook 7 35.6 cm (14) Laptop 14-fs0789TU, Silver",0.0,Engineered for durability and performance for power users and students.,"Intel® Core™ 5-210H processor | Windows 11 Home | 35.6 cm (14) diagonal, 2K, IPS, anti-glare display | Intel® Graphics | 16 GB LPDDR5-5200 RAM | 512 GB SSD Hard Drive",BK6F6PA,79886.0,87608.0,"HP 310 15.6 Laptop Backpack worth ₹2,999.00",https://www.hp.com/in-en/shop/hp-omnibook-7-laptop-14-fs0789tu-bk6f6pa.html,Intel® Core™ 5-210H processor,Windows 11 Home,"35.6 cm (14) diagonal, 2K, IPS, anti-glare display",Intel® Graphics,16 GB LPDDR5-5200 RAM,512 GB SSD Hard Drive,No,hp 310 15.6 laptop backpack ,8.0,512,SSD,256,5609.0,Intel,i5,Premium,Integrated,Mid-Range,1,0,False,33.0,"Mouse, MS Office",Lenovo
"HP ProBook 4 35.6 cm (14) G1iR Business Laptop PC, Silver",0.0,Affordable devices designed with business in mind; commercial grade features with durable design,"Intel® Core™ 5 processor | Windows 11 Pro | 35.6 cm (14) diagonal, WUXGA, IPS display | Intel® Graphics | 24 GB DDR5-5600 RAM | 512 GB SSD Hard Drive",CE0Z9AT,80940.0,87889.0,"HP 215 39.6 cm (15.6) Laptop Backpack worth ₹ 1,785",https://www.hp.com/in-en/shop/hp-probook-4-g1ir-14-inch-notebook-pc-ce0z9at.html,Intel® Core™ 5 processor,Windows 11 Pro,"35.6 cm (14) diagonal, WUXGA, IPS display",Intel® Graphics,24 GB DDR5-5600 RAM,512 GB SSD Hard Drive,No,hp 215 39.6 cm (15.6) laptop backpack ,16.0,512,SSD,512,11290.0,Intel,i3,Normal,Integrated,Premium,0,0,False,49.0,"Mouse, MS Office",Lenovo
"HP EliteBook 845 35.6 cm (14) G9 Notebook PC, Silver",0.0,Work where you’re needed,"AMD Ryzen™ 5 PRO processor | FreeDOS | 35.6 cm (14) diagonal, WUXGA, IPS display | AMD Radeon™ 660M Graphics | 16 GB DDR5 RAM | 512 GB SSD Hard Drive",B25U4AT,84228.0,94185.0,"HP 215 39.6 cm (15.6) Laptop Backpack worth ₹ 1,785",https://www.hp.com/in-en/shop/hp-elitebook-845-14-g9-notebook-pc-b25u4at.html,AMD Ryzen™ 5 PRO processor,Unknown,"35.6 cm (14) diagonal, WUXGA, IPS display",AMD Radeon™ 660M Graphics,16 GB DDR5 RAM,512 GB SSD Hard Drive,No,hp 215 39.6 cm (15.6) laptop backpack ,16.0,512,SSD,256,14686.0,Intel,i7,Normal,Integrated,Premium,0,0,False,33.0,"Backpack, Mouse",Lenovo
"OMEN MAX Gaming Laptop 16, Black, Ultra 9 - 275HX (24C), RTX 5090 24GB, 64 GB DDR5",0.0,Built to break limits,"Intel® Core™ Ultra 9 275HX processor | Windows 11 Home | 40.6 cm (16) diagonal WQXGA OLED display,240 Hz, 0.2 ms response time, | NVIDIA® GeForce RTX™ 5090 24GB | 64 GB DDR5-5600 MT/s (2 x 16 GB) RAM | 2TB SSD Hard Drive",C27DWPA,398664.0,449646.0,,https://www.hp.com/in-en/shop/omen-max-gaming-laptop-16-ah0217tx-c27dwpa.html,Intel® Core™ Ultra 9 275HX processor,Windows 11 Home,"40.6 cm (16) diagonal WQXGA OLED display,240 Hz, 0.2 ms response time,",Integrated,64 GB DDR5-5600 MT/s (2 x 16 GB) RAM,2TB SSD Hard Drive,No,none,32.0,2,SSD,256,49647.0,AMD,Ryzen 5,Premium,Integrated,Premium,1,1,False,132.0,Mouse,Lenovo
HP Laptop 39.6 cm (15.6) 15-fd0572TU,0.0,A reliably built laptop to keep you in the zone,13th Generation Intel® Core™ i3 processor | Windows 11 Home Single Language | 39.6 cm (15.6) diagonal FHD display | Intel® UHD Graphics | 8 GB DDR4-3200 RAM | 512 GB SSD Hard Drive,BG6D9PA,49254.0,52114.0,,https://www.hp.com/in-en/shop/hp-laptop-15-fd0572tu-bg6d9pa.html,13th Generation Intel® Core™ i3 processor,Windows 11 Home Single Language,39.6 cm (15.6) diagonal FHD display,Intel® UHD Graphics,8 GB DDR4-3200 RAM,512 GB SSD Hard Drive,No,none,8.0,512,SSD,1024,6115.0,AMD,Ryzen 3,Normal,Integrated,Mid-Range,0,1,False,17.0,"Mouse, MS Office",Lenovo
"OMEN Gaming Laptop 16, Black, Ultra 7-255H (16C), RTX 5060 8GB, 32 GB",0.0,Bold performance without the burnout,"Intel® Core™ Ultra 7 processor | Windows 11 Home | 40.6 cm (16), diagonal,2K (1920 x 1200),165 Hz, 3 ms response time, IPS | NVIDIA® GeForce RTX™ 5060 8GB | 32 GB DDR5-5600 MT/s (2 x 16 GB) RAM | 1TB SSD Hard Drive",C27E1PA,161906.0,185478.0,,https://www.hp.com/in-en/shop/omen-gaming-laptop-16-am0246tx-c27e1pa.html,Intel® Core™ Ultra 7 processor,Windows 11 Home,"40.6 cm (16), diagonal,2K (1920 x 1200),165 Hz, 3 ms response time, IPS",Integrated,32 GB DDR5-5600 MT/s (2 x 16 GB) RAM,1TB SSD Hard Drive,No,none,16.0,1,SSD,1024,20479.0,Intel,i5,Premium,Integrated,Premium,0,0,False,66.0,"Backpack, Mouse, MS Office",Lenovo
"HP OMEN Gaming Laptop 16, Black, Ryzen AI 7 350 (8C), RTX 5070 8GB, 16 GB",0.0,Copilot+ PC.Pro Gaming. Built for unbelievable speed and immersive gameplay.,"AMD Ryzen™ AI 7 350 (8C) processor | Windows 11 Home | 40.6 cm (16) diagonal, 2K, IPS, anti-glare, Low Blue Light, 165 Hz, 400 nits display | NVIDIA GeForce RTX 5070 8GB | 16 GB DDR5 RAM | 1 TB SSD Hard Drive",C1NV8PA,163248.0,187726.0,Microsoft Office Home 2024 Lifetime Subscription worth ₹9199.00 | Microsoft Xbox Game Pass 3 month,https://www.hp.com/in-en/shop/hp-omen-gaming-laptop-16-ap0049ax-c1nv8pa.html,AMD Ryzen™ AI 7 350 (8C) processor,Windows 11 Home,"40.6 cm (16) diagonal, 2K, IPS, anti-glare, Low Blue Light, 165 Hz, 400 nits display",Integrated,16 GB DDR5 RAM,1 TB SSD Hard Drive,Microsoft Xbox Game Pass 3 month,none,16.0,1,SSD,1024,20727.0,AMD,Ryzen 5,Premium,Integrated,Premium,1,0,False,34.0,"Backpack, Mouse, MS Office",Lenovo
"HP Laptop 35.6 cm 14-ep1130TU, Silver",3.6667,Powerfully and responsibly made to get things done everyday,Intel® Core™ Ultra 7 155H processor | Windows 11 Home | 35.6 cm (14) diagonal FHD display | Intel® Arc™ Graphics | 32 GB DDR5-5600 MT/s RAM | 1TB SSD Hard Drive,C0YN6PA,92194.0,101261.0,HP X Entry Backpack worth  ₹1999.00 | Microsoft Office Home 2024 Lifetime Subscription worth ₹9199.00,https://www.hp.com/in-en/shop/hp-laptop-14-ep1130tu-c0yn6pa.html,Intel® Core™ Ultra 7 155H processor,Windows 11 Home,35.6 cm (14) diagonal FHD display,Intel® Arc™ Graphics,32 GB DDR5-5600 MT/s RAM,1TB SSD Hard Drive,Microsoft Office Home 2024 Lifetime Subscription worth ₹9199.00,hp x entry backpack ,8.0,1,SSD,512,11262.0,Intel,i3,Premium,Integrated,Premium,1,1,True,84.3335,"Backpack, Mouse, MS Office",Lenovo
"HP Laptop 39.6 cm (15.6) 15-fd0549TU, Silver",0.0,A reliably built laptop to keep you in the zone,13th Generation Intel® Core™ i5 processor | Windows 11 Home | 39.6 cm (15.6) diagonal FHD display | Intel® Graphics | 8 GB DDR4 RAM | 1 TB SSD Hard Drive,B9NQ1PA,63369.0,72053.0,HP X Entry Backpack worth  ₹1999.00 | Microsoft Office Home 2024 Lifetime Subscription worth ₹9199.00 | 1 year Microsoft 365 basic subscription,https://www.hp.com/in-en/shop/hp-laptop-15-fd0549tu-b9nq1pa.html,13th Generation Intel® Core™ i5 processor,Windows 11 Home,39.6 cm (15.6) diagonal FHD display,Intel® Graphics,8 GB DDR4 RAM,1 TB SSD Hard Drive,1 year Microsoft 365 basic subscription,hp x entry backpack ,8.0,1,SSD,256,9554.0,AMD,Ryzen 5,Normal,Integrated,Mid-Range,1,1,False,18.0,"Mouse, MS Office",Lenovo
"OMEN MAX Gaming Laptop 16, Black, Core Ultra 9 - 275HX (24C), RTX 5080 16GB, 32 GB DDR5",0.0,Built to break limits,"Intel® Core™ Ultra 9 275HX processor | Windows 11 Home | 40.6 cm (16) diagonal WQXGA display,240 Hz, 3 ms response time, | NVIDIA® GeForce RTX™ 5080 16GB | 32 GB DDR5-5600 MT/s (2 x 16 GB) RAM | 2 TB SSD Hard Drive",C27DYPA,319494.0,359716.0,,https://www.hp.com/in-en/shop/omen-max-gaming-laptop-16-ah0219tx-c27dypa.html,Intel® Core™ Ultra 9 275HX processor,Windows 11 Home,"40.6 cm (16) diagonal WQXGA display,240 Hz, 3 ms response time,",Integrated,32 GB DDR5-5600 MT/s (2 x 16 GB) RAM,2 TB SSD Hard Drive,No,none,16.0,2,SSD,256,39717.0,Intel,i7,Premium,Integrated,Premium,1,1,False,68.0,"Mouse, MS Office",Lenovo
"HP ZBook Firefly 40.6 cm (16) G11 Mobile Workstation PC, Silver",4.6667,"Recommended for  2D and light 3D workflows, photography, and for running multiple large Microsoft Office files.",Intel® Core™ Ultra 7 processor | Windows 11 Pro | 40.6 cm (16) diagonal WUXGA display | Intel® Graphics | 32 GB DDR5-5600 RAM | 1 TB SSD Solid State Drive,A1VT7PT,154170.0,241017.0,,https://www.hp.com/in-en/shop/hp-zbook-firefly-16-inch-g11-mobile-workstation-pc-a1vt7pt.html,Intel® Core™ Ultra 7 processor,Windows 11 Pro,40.6 cm (16) diagonal WUXGA display,Intel® Graphics,32 GB DDR5-5600 RAM,1 TB SSD Solid State Drive,No,none,32.0,1,SSD,1024,90355.0,Intel,i5,Premium,Integrated,Premium,0,0,False,89.3335,"Mouse, MS Office",Lenovo
"HP EliteBook 8 35.6 cm (14) G1a Next Gen AI PC, Silver",0.0,Copilot+ PC. Optimize work for today's innovators with next-gen AI,"AMD Ryzen™ AI 7 processor | Windows 11 Pro | 35.6 cm (14) diagonal, WUXGA, IPS display, Touchscreen | AMD Radeon™ 860M Graphics | 32 GB DDR5-5600 RAM | 1 TB SSD Hard Drive",C27TDPT,167581.0,189778.0,"HP 215 39.6 cm (15.6) Laptop Backpack worth ₹ 1,785",https://www.hp.com/in-en/shop/hp-elitebook-8-g1a-14-35-56-cm-notebook-next-gen-ai-pc-c27tdpt.html,AMD Ryzen™ AI 7 processor,Windows 11 Pro,"35.6 cm (14) diagonal, WUXGA, IPS display, Touchscreen",AMD Radeon™ 860M Graphics,32 GB DDR5-5600 RAM,1 TB SSD Hard Drive,No,hp 215 39.6 cm (15.6) laptop backpack ,16.0,1,SSD,256,24179.0,Intel,i3,Premium,Integrated,Premium,0,0,False,66.0,"Backpack, Mouse, MS Office",Lenovo
"HP EliteBook 840 35.6 cm (14) G11 Business Laptop PC, Silver",3.7143,The enterprise notebook that’s anything but ordinary,Intel® Core™ Ultra 7 processor | Windows 11 Pro | 35.6 cm (14) diagonal WUXGA display | Intel® Arc™ Graphics | 16 GB DDR5 RAM | 1 TB SSD Hard Drive,B85WQPT,132784.0,150199.0,,https://www.hp.com/in-en/shop/hp-elitebook-840-14-inch-g11-notebook-pc-b85wqpt.html,Intel® Core™ Ultra 7 processor,Windows 11 Pro,35.6 cm (14) diagonal WUXGA display,Intel® Arc™ Graphics,16 GB DDR5 RAM,1 TB SSD Hard Drive,No,none,32.0,1,SSD,256,22200.0,Intel,i3,Premium,Integrated,Premium,1,0,False,52.5715,"Mouse, MS Office",Lenovo
"HP OMEN MAX 40.6 cm (16) Gaming Laptop 16-ah0190TX, Black",0.0,Built to break limits,"Intel® Core™ Ultra 9 processor | Windows 11 Home | 40.6 cm (16) diagonal, WQXGA, 60-240 Hz, 3 ms response time, IPS, 500 nits | NVIDIA GeForce RTX™ 5070 Ti 12GB | 32 GB DDR5-5600 RAM | 1 TB SSD Hard Drive",BX9S5PA,276749.0,314751.0,,https://www.hp.com/in-en/shop/hp-omen-max-gaming-laptop-16-ah0190tx-bx9s5pa.html,Intel® Core™ Ultra 9 processor,Windows 11 Home,"40.6 cm (16) diagonal, WQXGA, 60-240 Hz, 3 ms response time, IPS, 500 nits",Integrated,32 GB DDR5-5600 RAM,1 TB SSD Hard Drive,No,none,8.0,1,SSD,1024,34752.0,AMD,Ryzen 7,Premium,Integrated,Premium,1,0,False,66.0,"Backpack, Mouse",Lenovo
"HP OMEN Gaming Laptop 16, Black, Ryzen AI 9 365 (10C), RTX 5070 8GB, 24 GB",0.0,Copilot+ PC.Pro Gaming. Built for unbelievable speed and immersive gameplay.,"AMD Ryzen™ AI 9 processor | Windows 11 Home | 40.6 cm (16) diagonal, 2K, 165Hz, IPS, anti-glare, Low Blue Light, 400 nits display | NVIDIA® GeForce RTX™ 5070 8 GB | 24 GB DDR5-5600 RAM (Upgradeable) | 1 TB SSD Hard Drive",C8KK0PA,170315.0,196719.0,Microsoft Office Home 2024 Lifetime Subscription worth ₹9199.00,https://www.hp.com/in-en/shop/hp-omen-gaming-laptop-16-ap0186ax-c8kk0pa.html,AMD Ryzen™ AI 9 processor,Windows 11 Home,"40.6 cm (16) diagonal, 2K, 165Hz, IPS, anti-glare, Low Blue Light, 400 nits display",Integrated,24 GB DDR5-5600 RAM (Upgradeable),1 TB SSD Hard Drive,Microsoft Office Home 2024 Lifetime Subscription worth ₹9199.00,none,16.0,1,SSD,1024,21720.0,AMD,Ryzen 5,Premium,Integrated,Premium,0,1,True,50.0,"Backpack, Mouse, MS Office",Lenovo
"HP 240R 35.6 cm (14) G10 Business Laptop PC, Silver",0.0,"Compact and reliable, value-packed notebooks with essential business features to help you excel in hybrid work","Intel® Core™ 3 processor | FreeDOS 3.0 | 35.6 cm (14) diagonal, FHD, IPS display | Intel® Graphics | 16 GB DDR4-3200 RAM | 512 GB SSD Hard Drive",C8HR8AT,37493.0,54445.0,"HP 215 39.6 cm (15.6) Laptop Backpack worth ₹ 1,785",https://www.hp.com/in-en/shop/hp-240r-14-inch-g10-notebook-pc-c8hr8at.html,Intel® Core™ 3 processor,Unknown,"35.6 cm (14) diagonal, FHD, IPS display",Intel® Graphics,16 GB DDR4-3200 RAM,512 GB SSD Hard Drive,No,hp 215 39.6 cm (15.6) laptop backpack ,16.0,512,SSD,1024,12646.0,Intel,i3,Normal,Integrated,Budget,0,0,False,33.0,,Lenovo
"HP OMEN MAX Gaming Laptop 16, Black, Ryzen AI 7 350 (8C), RTX 5070 Ti 12GB, 24 GB",0.0,Copilot+ PC.Pro Gaming. Built for unbelievable speed and immersive gameplay.,"AMD Ryzen™ AI 7 processor | Windows 11 Home | 40.6 cm (16) diagonal, 2K, IPS, anti-glare, Low Blue Light, 165 Hz, 400 nits display | NVIDIA® GeForce RTX™ 5070 Ti 12 GB | 24 GB DDR5 RAM | 1 TB SSD Hard Drive",C91TKPA,214388.0,239436.0,,https://www.hp.com/in-en/shop/hp-omen-max-gaming-laptop-16-ak0103ax-c91tkpa.html,AMD Ryzen™ AI 7 processor,Windows 11 Home,"40.6 cm (16) diagonal, 2K, IPS, anti-glare, Low Blue Light, 165 Hz, 400 nits display",Integrated,24 GB DDR5 RAM,1 TB SSD Hard Drive,No,none,16.0,1,SSD,256,26437.0,AMD,Ryzen 7,Premium,Integrated,Premium,1,0,False,50.0,"Backpack, Mouse",Lenovo
"HP 250R 39.6 cm (15.6) G10 Business Laptop PC, Silver",0.0,"Compact and reliable, value-packed notebooks with essential business features to help you excel in hybrid work","Intel® Core™ 3 processor | FreeDOS 3.0 | 39.6 cm (15.6) diagonal, HD, IPS display | Intel® Graphics | 8 GB DDR4-3200 RAM | 512 GB SSD Hard Drive",C91W6AT,45215.0,49778.0,"HP 215 39.6 cm (15.6) Laptop Backpack worth ₹ 1,785",https://www.hp.com/in-en/shop/hp-250r-15-6-inch-g10-notebook-pc-c91w6at.html,Intel® Core™ 3 processor,Unknown,"39.6 cm (15.6) diagonal, HD, IPS display",Intel® Graphics,8 GB DDR4-3200 RAM,512 GB SSD Hard Drive,No,hp 215 39.6 cm (15.6) laptop backpack ,8.0,512,SSD,1024,4979.0,AMD,Ryzen 5,Normal,Integrated,Mid-Range,1,0,False,17.0,"Mouse, MS Office",Lenovo
HP ZBook Power 40.6 cm (16) G11 Mobile Workstation PC,3.8,Step up performance. Not size,Intel® Core™ Ultra 7 processor | Windows 11 Pro | 40.6 cm (16) diagonal WUXGA display | NVIDIA RTX™ A1000 Graphics | 32 GB DDR5-5600 RAM | 1 TB SSD Solid State Drive,B6SA2PT,227410.0,323791.0,"FREE Bag (35L98AA) worth ₹ 1,785",https://www.hp.com/in-en/shop/hp-zbook-power-16-inch-g11-mobile-workstation-pc-b6sa2pt.html,Intel® Core™ Ultra 7 processor,Windows 11 Pro,40.6 cm (16) diagonal WUXGA display,NVIDIA RTX™ A1000 Graphics,32 GB DDR5-5600 RAM,1 TB SSD Solid State Drive,No,free bag (35l98aa) ,32.0,1,SSD,1024,92422.0,Intel,i7,Premium,Dedicated,Premium,1,1,False,85.0,"Mouse, MS Office",Lenovo
"HP Victus 39.6cm (15.6) Gaming Laptop 15-fa2191TX, Blue",3.8333,Follow your gaming destiny,"13th Generation Intel® Core™ i5 processor | Windows 11 Home | 39.6 cm (15.6) diagonal FHD 144 Hz, 300 nits, IPS display | NVIDIA® GeForce RTX™ 3050A 4GB | 16 GB DDR4-3200 RAM (Upgradeable) | 512 GB SSD Hard Drive (Upgradeable)",BT6B4PA,70021.0,81201.0,Microsoft Office Home 2024 Lifetime Subscription worth ₹9199.00 | 1 year Microsoft 365 basic subscription,https://www.hp.com/in-en/shop/victus-gaming-laptop-15-fa2191tx-bt6b4pa.html,13th Generation Intel® Core™ i5 processor,Windows 11 Home,"39.6 cm (15.6) diagonal FHD 144 Hz, 300 nits, IPS display",Integrated,16 GB DDR4-3200 RAM (Upgradeable),512 GB SSD Hard Drive (Upgradeable),1 year Microsoft 365 basic subscription,none,16.0,512,SSD,256,8702.0,AMD,Ryzen 5,Gaming,Integrated,Mid-Range,0,0,False,52.1665,"Backpack, Mouse, MS Office",Lenovo
"HP Laptop 39.6 cm (15.6) 15-fr0046TU, Silver",0.0,Reliable computing yet stylish laptop that makes the wallet happy,"13th Generation Intel® Core™ i7-13620H processor | Windows 11 Home | 39.6 cm (15.6) diagonal, FHD display | Intel® Graphics | 16 GB DDR4-3200 RAM | 512 GB SSD Hard Drive",C27GLPA,69279.0,77506.0,HP X Entry Backpack worth  ₹1999.00 | Microsoft Office Home 2024 Lifetime Subscription worth ₹9199.00,https://www.hp.com/in-en/shop/hp-laptop-15-fr0046tu-c27glpa.html,13th Generation Intel® Core™ i7-13620H processor,Windows 11 Home,"39.6 cm (15.6) diagonal, FHD display",Intel® Graphics,16 GB DDR4-3200 RAM,512 GB SSD Hard Drive,Microsoft Office Home 2024 Lifetime Subscription worth ₹9199.00,hp x entry backpack ,8.0,512,SSD,512,4806.0,Intel,i3,Normal,Integrated,Mid-Range,0,0,True,33.0,Mouse,Lenovo
"HP OMEN Gaming Laptop 16, Black, Ultra 7-255H (16C), RTX 5060 8GB, 16 GB",0.0,Bold performance without the burnout,"Intel® Core™ Ultra 7 255H (16C) processor | Windows 11 Home | 40.6 cm (16) diagonal, 2K, IPS, anti-glare, Low Blue Light, 165 Hz, 400 nits display | NVIDIA® GeForce RTX™ 5060 8GB | 16 GB DDR5 RAM | 1 TB SSD Hard Drive",BP4P3PA,161457.0,176485.0,Microsoft Office Home 2024 Lifetime Subscription worth ₹9199.00 | Microsoft Xbox Game Pass 3 month,https://www.hp.com/in-en/shop/hp-omen-gaming-laptop-16-am0074tx-bp4p3pa.html,Intel® Core™ Ultra 7 255H (16C) processor,Windows 11 Home,"40.6 cm (16) diagonal, 2K, IPS, anti-glare, Low Blue Light, 165 Hz, 400 nits display",Integrated,16 GB DDR5 RAM,1 TB SSD Hard Drive,Microsoft Xbox Game Pass 3 month,none,32.0,1,SSD,1024,19486.0,Intel,i7,Premium,Integrated,Premium,1,0,False,34.0,"Backpack, Mouse, MS Office",Lenovo
"HP OMEN Gaming Laptop 16, Black, Ultra 7-255H (16C), RTX 5060 8GB, 16 GB",0.0,Bold performance without the burnout,"Intel® Core™ Ultra 7 255H (16C) processor | Windows 11 Home | 40.6 cm (16) diagonal, 2K, IPS, anti-glare, Low Blue Light, 165 Hz, 400 nits display | NVIDIA® GeForce RTX™ 5060 8GB | 16 GB DDR5 RAM | 1 TB SSD Hard Drive",BP4P3PA,161232.0,176485.0,Microsoft Office Home 2024 Lifetime Subscription worth ₹9199.00 | Microsoft Xbox Game Pass 3 month,https://www.hp.com/in-en/shop/hp-omen-gaming-laptop-16-am0074tx-bp4p3pa.html,Intel® Core™ Ultra 7 255H (16C) processor,Windows 11 Home,"40.6 cm (16) diagonal, 2K, IPS, anti-glare, Low Blue Light, 165 Hz, 400 nits display",Integrated,16 GB DDR5 RAM,1 TB SSD Hard Drive,Microsoft Xbox Game Pass 3 month,none,32.0,1,SSD,256,19486.0,Intel,i3,Premium,Integrated,Premium,0,0,False,34.0,"Backpack, Mouse, MS Office",Lenovo
"HP ZBook Power 39.6 cm (15.6) G10 A Mobile Workstation PC, Silver",0.0,"Recommended for  2D and light 3D workflows, photography, and for running multiple large Microsoft Office files.",AMD Ryzen™ 7 processor | Windows 11 Pro | 39.6 cm (15.6) diagonal FHD display | NVIDIA RTX™ A1000 | 32 GB DDR5 RAM | 1 TB SSD Solid State Drive,8U6X8PA,201292.0,221614.0,"FREE Bag (35L98AA) worth ₹ 1,785",https://www.hp.com/in-en/shop/hp-zbook-power-15-6-39-62-cm-g10-a-mobile-workstation-pc-8u6x8pa.html,AMD Ryzen™ 7 processor,Windows 11 Pro,39.6 cm (15.6) diagonal FHD display,Integrated,32 GB DDR5 RAM,1 TB SSD Solid State Drive,No,free bag (35l98aa) ,16.0,1,SSD,256,16707.0,AMD,Ryzen 7,Premium,Integrated,Premium,1,0,False,66.0,"Mouse, MS Office",Lenovo
HP ProBook 440 35.6 cm (14) G10 Business Laptop PC,4.0,"Essential, commercial-grade features","13th Generation Intel® Core™ i5 processor | Windows 11 Pro | 35.6 cm (14) diagonal, FHD, IPS display | Intel® Iris® Xᵉ Graphics | 16 GB DDR4-3200 RAM | 512 GB SSD Hard Drive",BM4C5PT,85787.0,101667.0,"HP 215 39.6 cm (15.6) Laptop Backpack worth ₹ 1,785",https://www.hp.com/in-en/shop/hp-probook-440-14-inch-g10-notebook-pc-bm4c5pt.html,13th Generation Intel® Core™ i5 processor,Windows 11 Pro,"35.6 cm (14) diagonal, FHD, IPS display",Intel® Iris® Xᵉ Graphics,16 GB DDR4-3200 RAM,512 GB SSD Hard Drive,No,hp 215 39.6 cm (15.6) laptop backpack ,16.0,512,SSD,256,11968.0,Intel,i7,Premium,Integrated,Premium,1,0,False,53.0,"Backpack, Mouse, MS Office",Lenovo
"HP OmniBook 7 35.6 cm (14) Laptop 14-fs0789TU, Silver",0.0,Engineered for durability and performance for power users and students.,"Intel® Core™ 5-210H processor | Windows 11 Home | 35.6 cm (14) diagonal, 2K, IPS, anti-glare display | Intel® Graphics | 16 GB LPDDR5-5200 RAM | 512 GB SSD Hard Drive",BK6F6PA,77423.0,87608.0,"HP 310 15.6 Laptop Backpack worth ₹2,999.00",https://www.hp.com/in-en/shop/hp-omnibook-7-laptop-14-fs0789tu-bk6f6pa.html,Intel® Core™ 5-210H processor,Windows 11 Home,"35.6 cm (14) diagonal, 2K, IPS, anti-glare display",Intel® Graphics,16 GB LPDDR5-5200 RAM,512 GB SSD Hard Drive,No,hp 310 15.6 laptop backpack ,32.0,512,SSD,512,5609.0,AMD,Ryzen 5,Premium,Integrated,Mid-Range,1,1,False,33.0,"Mouse, MS Office",Lenovo
"HP OmniBook 5 Flip 35.6 cm (14) 14-fp0790TU, Silver",1.0,The upgrade you need from HP Pavilion. Excellent for students and families.,13th Generation Intel® Core™ i5 processor | Windows 11 Home Single Language | 35.6 cm (14) diagonal 2K IPS display | Intel® Iris® Xᵉ Graphics | 16 GB LPDDR5-5200 RAM | 1 TB SSD Hard Drive,BX9Q8PA,82599.0,90485.0,"HP 310 15.6 Laptop Backpack worth ₹2,999.00 | Microsoft Office Home 2024 Lifetime Subscription worth ₹9199.00",https://www.hp.com/in-en/shop/hp-omnibook-5-flip-14-fp0790tu-bx9q8pa.html,13th Generation Intel® Core™ i5 processor,Windows 11 Home Single Language,35.6 cm (14) diagonal 2K IPS display,Intel® Iris® Xᵉ Graphics,16 GB LPDDR5-5200 RAM,1 TB SSD Hard Drive,Microsoft Office Home 2024 Lifetime Subscription worth ₹9199.00,hp 310 15.6 laptop backpack ,8.0,1,SSD,1024,9486.0,Intel,i3,Premium,Integrated,Premium,1,1,True,39.0,Mouse,Lenovo
"HP Laptop 39.6 cm (15.6) 15-fd0582TU, Silver",0.0,Reliable computing yet stylish laptop that makes the wallet happy,"13th Generation Intel® Core™ i3 processor | Windows 11 Home | 39.6 cm (15.6) diagonal, FHD display | Intel® Graphics | 8 GB DDR4-3200 RAM | 512 GB SSD Hard Drive",BH4U6PA,48535.0,52055.0,HP X Entry Backpack worth  ₹1999.00 | Microsoft Office Home 2024 Lifetime Subscription worth ₹9199.00,https://www.hp.com/in-en/shop/hp-laptop-15-fd0582tu-bh4u6pa.html,13th Generation Intel® Core™ i3 processor,Windows 11 Home,"39.6 cm (15.6) diagonal, FHD display",Intel® Graphics,8 GB DDR4-3200 RAM,512 GB SSD Hard Drive,Microsoft Office Home 2024 Lifetime Subscription worth ₹9199.00,hp x entry backpack ,32.0,512,SSD,256,6476.0,Intel,i3,Normal,Integrated,Mid-Range,0,1,True,17.0,"Mouse, MS Office",Lenovo
"HP Laptop 39.6 cm (15.6) 15-fd0667TU, Silver",1.0,Reliable computing yet stylish laptop that makes the wallet happy,"Intel® Core™ 5-120U processor | Windows 11 Home | 39.6 cm (15.6) diagonal, FHD display | Intel® Graphics | 16 GB DDR4-3200 RAM | 1 TB SSD Hard Drive",C27F8PA,64967.0,78112.0,HP X Entry Backpack worth  ₹1999.00 | Microsoft Office Home 2024 Lifetime Subscription worth ₹9199.00 | 1 year Microsoft 365 basic subscription,https://www.hp.com/in-en/shop/hp-laptop-15-fd0667tu-c27f8pa.html,Intel® Core™ 5-120U processor,Windows 11 Home,"39.6 cm (15.6) diagonal, FHD display",Intel® Graphics,16 GB DDR4-3200 RAM,1 TB SSD Hard Drive,1 year Microsoft 365 basic subscription,hp x entry backpack ,8.0,1,SSD,512,14113.0,AMD,Ryzen 3,Normal,Integrated,Mid-Range,1,0,False,39.0,"Mouse, MS Office",Lenovo
"HP 250 39.6 cm (15.6) G10 Business Laptop PC, Silver",0.0,"Compact and reliable, value-packed notebooks with essential business features to help you excel in hybrid work","13th Generation Intel® Core™ i5 processor | FreeDOS 3.0 | 39.6 cm (15.6) diagonal, FHD display | Intel® Iris® Xᵉ Graphics | 16 GB DDR4-3200 RAM | 512 GB SSD Hard Drive",BJ3T3AT,61573.0,57245.0,,https://www.hp.com/in-en/shop/hp-250-15-6-g10-notebook-pc-bj3t3at.html,13th Generation Intel® Core™ i5 processor,Unknown,"39.6 cm (15.6) diagonal, FHD display",Intel® Iris® Xᵉ Graphics,16 GB DDR4-3200 RAM,512 GB SSD Hard Drive,No,none,8.0,512,SSD,512,246.0,AMD,Ryzen 7,Normal,Integrated,Mid-Range,1,1,False,33.0,,Lenovo
"HP OMEN MAX 40.6 cm (16) Gaming Laptop 16-ah0189TX, Black",5.0,Built to break limits,"Intel® Core™ Ultra 9 processor | Windows 11 Home | 40.6 cm (16) diagonal, WQXGA, 60-240 Hz, 3 ms response time, IPS, 500 nits | NVIDIA® GeForce RTX™ 5090 (24 GB GDDR7) | 64 GB DDR5-5600 RAM | 1 TB SSD Hard Drive",BX9S4PA,381746.0,427163.0,,https://www.hp.com/in-en/shop/hp-omen-max-gaming-laptop-16-ah0189tx-bx9s4pa.html,Intel® Core™ Ultra 9 processor,Windows 11 Home,"40.6 cm (16) diagonal, WQXGA, 60-240 Hz, 3 ms response time, IPS, 500 nits",Integrated,64 GB DDR5-5600 RAM,1 TB SSD Hard Drive,No,none,16.0,1,SSD,1024,47164.0,Intel,i7,Premium,Integrated,Premium,0,0,False,155.0,"Mouse, MS Office",Lenovo
"HP Laptop 39.6 cm (15.6) 15-fr0046TU, Silver",0.0,Reliable computing yet stylish laptop that makes the wallet happy,"13th Generation Intel® Core™ i7-13620H processor | Windows 11 Home | 39.6 cm (15.6) diagonal, FHD display | Intel® Graphics | 16 GB DDR4-3200 RAM | 512 GB SSD Hard Drive",C27GLPA,70972.0,77506.0,HP X Entry Backpack worth  ₹1999.00 | Microsoft Office Home 2024 Lifetime Subscription worth ₹9199.00,https://www.hp.com/in-en/shop/hp-laptop-15-fr0046tu-c27glpa.html,13th Generation Intel® Core™ i7-13620H processor,Windows 11 Home,"39.6 cm (15.6) diagonal, FHD display",Intel® Graphics,16 GB DDR4-3200 RAM,512 GB SSD Hard Drive,Microsoft Office Home 2024 Lifetime Subscription worth ₹9199.00,hp x entry backpack ,16.0,512,SSD,1024,4806.0,Intel,i5,Normal,Integrated,Mid-Range,0,1,True,33.0,Mouse,Lenovo
"HP OMEN Gaming Laptop 16-am0238TX, Black",0.0,Bold performance without the burnout,"Intel® Core™ Ultra 7 processor | Windows 11 Home | 40.6 cm (16) diagonal, 2K, 165 Hz, IPS, anti-glare, 400 nits | NVIDIA® GeForce RTX™ 5060 8GB | 24 GB DDR5 RAM (Upgradeable) | 1 TB SSD Hard Drive",C25MTPA,151452.0,179857.0,Microsoft Office Home 2024 Lifetime Subscription worth ₹9199.00 | 1 year Microsoft 365 basic subscription,https://www.hp.com/in-en/shop/hp-omen-gaming-laptop-16-am0238tx-c25mtpa.html,Intel® Core™ Ultra 7 processor,Windows 11 Home,"40.6 cm (16) diagonal, 2K, 165 Hz, IPS, anti-glare, 400 nits",Integrated,24 GB DDR5 RAM (Upgradeable),1 TB SSD Hard Drive,1 year Microsoft 365 basic subscription,none,16.0,1,SSD,256,26858.0,Intel,i5,Premium,Integrated,Premium,1,0,False,50.0,"Mouse, MS Office",Lenovo
"HP EliteBook 845 35.6 cm (14) G11 Notebook PC, Silver",0.0,The enterprise notebook that’s anything but ordinary,AMD Ryzen™ 7 processor | FreeDOS | 35.6 cm (14) WUXGA display | AMD Radeon™ 780M Graphics | 16 GB DDR5-5600 RAM | 512 GB SSD Hard Drive,B85PXPT,97604.0,107334.0,"HP 215 39.6 cm (15.6) Laptop Backpack worth ₹ 1,785",https://www.hp.com/in-en/shop/hp-elitebook-845-14-inch-g11-notebook-pc-b85pxpt.html,AMD Ryzen™ 7 processor,Unknown,35.6 cm (14) WUXGA display,AMD Radeon™ 780M Graphics,16 GB DDR5-5600 RAM,512 GB SSD Hard Drive,No,hp 215 39.6 cm (15.6) laptop backpack ,32.0,512,SSD,1024,12835.0,AMD,Ryzen 7,Premium,Integrated,Premium,0,0,False,33.0,"Backpack, Mouse, MS Office",Lenovo
"HP ProBook 4 G1q 35.6 cm (14) Notebook Next Gen AI PC, Silver",0.0,Copilot+ PC.Power your business with next-gen AI performance,"Snapdragon® X processor | Windows 11 Pro | 35.6 cm (14) diagonal, WUXGA, IPS, 300 nits display | Qualcomm® Adreno™ GPU | 32 GB LPDDR5x-8533 RAM | 1 TB SSD Hard Drive",C22NHAT,100023.0,111222.0,,https://www.hp.com/in-en/shop/hp-probook-4-g1q-14-notebook-next-gen-ai-pc-c22nhat.html,Snapdragon® X processor,Windows 11 Pro,"35.6 cm (14) diagonal, WUXGA, IPS, 300 nits display",Integrated,32 GB LPDDR5x-8533 RAM,1 TB SSD Hard Drive,No,none,16.0,1,SSD,1024,12723.0,AMD,Ryzen 3,Premium,Integrated,Premium,0,0,False,66.0,"Backpack, Mouse, MS Office",Lenovo
"HP Laptop 39.6 cm (15.6) 15-fc0690AU, Silver",0.0,Reliable computing yet stylish laptop that makes the wallet happy,AMD Ryzen™ 5-7520U processor | Windows 11 Home | 39.6 cm (15.6) diagonal FHD display | AMD Radeon™ Graphics | 16 GB LPDDR5 (onboard) RAM | 512 GB SSD Hard Drive,C94FVPA,51214.0,55691.0,HP X Entry Backpack worth  ₹1999.00 | Microsoft Office Home 2024 Lifetime Subscription worth ₹9199.00,https://www.hp.com/in-en/shop/hp-laptop-15-fc0690au-c94fvpa.html,AMD Ryzen™ 5-7520U processor,Windows 11 Home,39.6 cm (15.6) diagonal FHD display,AMD Radeon™ Graphics,16 GB LPDDR5 (onboard) RAM,512 GB SSD Hard Drive,Microsoft Office Home 2024 Lifetime Subscription worth ₹9199.00,hp x entry backpack ,32.0,512,SSD,512,8692.0,Intel,i3,Normal,Integrated,Mid-Range,1,0,True,33.0,"Backpack, Mouse, MS Office",Lenovo
"HP EliteBook X G1a 35.6 cm (14) Notebook Next Gen AI PC, Silver",0.0,Copilot+ PC.The game-changing AI PC tech experts dream about,AMD Ryzen™ AI 9 processor | Windows 11 Pro | 35.6 cm (14) diagonal 2.8K OLED touch display | AMD Radeon™ 890M Graphics | 64 GB LPDDR5x RAM | 1 TB SSD Hard Drive,B85W7PT,216331.0,246667.0,"HP 215 39.6 cm (15.6) Laptop Backpack worth ₹ 1,785",https://www.hp.com/in-en/shop/hp-elitebook-x-g1a-14-inch-notebook-next-gen-ai-pc-b85w7pt.html,AMD Ryzen™ AI 9 processor,Windows 11 Pro,35.6 cm (14) diagonal 2.8K OLED touch display,AMD Radeon™ 890M Graphics,64 GB LPDDR5x RAM,1 TB SSD Hard Drive,No,hp 215 39.6 cm (15.6) laptop backpack ,16.0,1,SSD,1024,25668.0,AMD,Ryzen 7,Premium,Integrated,Premium,0,1,False,130.0,"Backpack, Mouse, MS Office",Lenovo
"HP ProBook 440 35.6 cm (14) G10 Business Laptop PC, Silver",4.0,"Essential, commercial-grade features","13th Generation Intel® Core™ i7 processor | Windows 11 Pro | 35.6 cm (14) diagonal, FHD, IPS display | Intel® UHD Graphics | 16 GB DDR4-3200 RAM | 512 GB SSD Hard Drive",BM4C6PT,98750.0,115834.0,,https://www.hp.com/in-en/shop/hp-probook-440-14-inch-g10-notebook-pc-bm4c6pt.html,13th Generation Intel® Core™ i7 processor,Windows 11 Pro,"35.6 cm (14) diagonal, FHD, IPS display",Intel® UHD Graphics,16 GB DDR4-3200 RAM,512 GB SSD Hard Drive,No,none,32.0,512,SSD,1024,14835.0,AMD,Ryzen 5,Premium,Integrated,Premium,0,1,False,53.0,"Backpack, Mouse",Lenovo
"Victus Gaming Laptop 15-fb3189AX, Blue",0.0,Fulfill your gaming destiny,"AMD Ryzen™ 7 7445HS processor | Windows 11 Home | 39.6 cm (15.6) diagonal FHD 144 Hz, IPS, 300 nits display | NVIDIA® GeForce RTX™ 2050 4GB | 16 GB DDR5-5600 RAM (Upgradeable) | 512 GB SSD Hard Drive",C20N1PA,64698.0,80595.0,Microsoft Office Home 2024 Lifetime Subscription worth ₹9199.00 | 1 year Microsoft 365 basic subscription,https://www.hp.com/in-en/shop/victus-gaming-laptop-15-fb3189ax-c20n1pa.html,AMD Ryzen™ 7 7445HS processor,Windows 11 Home,"39.6 cm (15.6) diagonal FHD 144 Hz, IPS, 300 nits display",Integrated,16 GB DDR5-5600 RAM (Upgradeable),512 GB SSD Hard Drive,1 year Microsoft 365 basic subscription,none,32.0,512,SSD,1024,13096.0,Intel,i5,Gaming,Integrated,Mid-Range,1,0,False,33.0,"Mouse, MS Office",Lenovo
"HP EliteBook 8 G1i 35.6 cm (14) Notebook AI PC, Silver",0.0,Copilot+ PC.Next-gen AI redefines productivity for modern professionals,"Intel® Core™ Ultra 5 processor | Windows 11 Pro | 35.6 cm (14) diagonal, WUXGA, IPS, 800 nits touch display | Intel® Arc™ 140T GPU | 32 GB DDR5-5600 RAM | 1 TB SSD Hard Drive",BQ9B9PT,181213.0,184452.0,,https://www.hp.com/in-en/shop/hp-elitebook-8-g1i-14-inch-notebook-ai-pc-bq9b9pt.html,Intel® Core™ Ultra 5 processor,Windows 11 Pro,"35.6 cm (14) diagonal, WUXGA, IPS, 800 nits touch display",Integrated,32 GB DDR5-5600 RAM,1 TB SSD Hard Drive,No,none,32.0,1,SSD,256,453.0,Intel,i7,Premium,Integrated,Premium,0,0,False,66.0,"Mouse, MS Office",Lenovo
"HP Laptop 39.6 cm (15.6) 15-fd1254TU, Silver",3.25,Reliable computing yet stylish laptop that makes the wallet happy,"Intel® Core™ Ultra 5 processor | Windows 11 Home | 39.6 cm (15.6) diagonal, FHD IPS display | Intel® Arc™ Graphics | 16 GB DDR5-5600 RAM | 512 GB SSD Hard Drive",BG6E6PA,70254.0,83033.0,HP X Entry Backpack worth  ₹1999.00 | Microsoft Office Home 2024 Lifetime Subscription worth ₹9199.00 | 1 year Microsoft 365 basic subscription,https://www.hp.com/in-en/shop/hp-laptop-15-fd1254tu-bg6e6pa.html,Intel® Core™ Ultra 5 processor,Windows 11 Home,"39.6 cm (15.6) diagonal, FHD IPS display",Intel® Arc™ Graphics,16 GB DDR5-5600 RAM,512 GB SSD Hard Drive,1 year Microsoft 365 basic subscription,hp x entry backpack ,16.0,512,SSD,256,15034.0,Intel,i3,Normal,Integrated,Mid-Range,0,0,False,49.25,"Mouse, MS Office",Lenovo
"HP OMEN Gaming Laptop 16, Black, Ryzen AI 7 350 (8C), RTX 5060 8GB, 16 GB",0.0,Copilot+ PC.Pro Gaming. Built for unbelievable speed and immersive gameplay.,"AMD Ryzen™ AI 7 350 (8C) processor | Windows 11 Home | 40.6 cm (16) diagonal, 2K, IPS, anti-glare, Low Blue Light, 165 Hz, 400 nits display | NVIDIA® GeForce RTX™ 5060 8GB | 16 GB DDR5 RAM | 1 TB SSD Hard Drive",C1NV9PA,148487.0,170864.0,Microsoft Office Home 2024 Lifetime Subscription worth ₹9199.00 | Microsoft Xbox Game Pass 3 month,https://www.hp.com/in-en/shop/hp-omen-gaming-laptop-16-ap0051ax-c1nv9pa.html,AMD Ryzen™ AI 7 350 (8C) processor,Windows 11 Home,"40.6 cm (16) diagonal, 2K, IPS, anti-glare, Low Blue Light, 165 Hz, 400 nits display",Integrated,16 GB DDR5 RAM,1 TB SSD Hard Drive,Microsoft Xbox Game Pass 3 month,none,16.0,1,SSD,1024,18865.0,Intel,i3,Premium,Integrated,Premium,0,0,False,34.0,"Backpack, Mouse, MS Office",Lenovo
HP Laptop 39.6 cm (15.6) 15-fc0390AU,3.0,Reliable computing yet stylish laptop that makes the wallet happy,AMD Ryzen™ 7-7730U processor | Windows 11 Home | 39.6 cm (15.6) diagonal FHD display | AMD Radeon™ Graphics | 16 GB DDR4-3200 RAM | 512 GB SSD Hard Drive,B7UW1PA,50724.0,64175.0,HP X Entry Backpack worth  ₹1999.00 | Microsoft Office Home 2024 Lifetime Subscription worth ₹9199.00 | 1 year Microsoft 365 basic subscription,https://www.hp.com/in-en/shop/hp-laptop-15-fc0390au-b7uw1pa.html,AMD Ryzen™ 7-7730U processor,Windows 11 Home,39.6 cm (15.6) diagonal FHD display,AMD Radeon™ Graphics,16 GB DDR4-3200 RAM,512 GB SSD Hard Drive,1 year Microsoft 365 basic subscription,hp x entry backpack ,8.0,512,SSD,1024,12176.0,Intel,i5,Normal,Integrated,Mid-Range,0,1,False,48.0,"Backpack, Mouse, MS Office",Lenovo
"HP OmniBook 7 Aero Next Gen AI 13-bg1678AU, Silver",0.0,Copilot+ PC.Engineered for durability and performance for power users and students.,AMD Ryzen™ AI 5 processor | Windows 11 Home Single Language | 33.78 cm (13.3) diagonal WQXGA IPS display | AMD Radeon™ 840M Graphics | 16 GB LPDDR5x-7500 RAM | 512 GB SSD Hard Drive,BK1U0PA,91299.0,96136.0,Trendsetter Backpack | Microsoft Office Home 2024 Lifetime Subscription worth ₹9199.00 | 1 year Microsoft 365 basic subscription,https://www.hp.com/in-en/shop/hp-omnibook-7-aerongai-13-bg1678au-bk1u0pa.html,AMD Ryzen™ AI 5 processor,Windows 11 Home Single Language,33.78 cm (13.3) diagonal WQXGA IPS display,AMD Radeon™ 840M Graphics,16 GB LPDDR5x-7500 RAM,512 GB SSD Hard Drive,1 year Microsoft 365 basic subscription,trendsetter backpack,16.0,512,SSD,1024,7637.0,AMD,Ryzen 7,Premium,Integrated,Premium,1,0,False,33.0,"Mouse, MS Office",Lenovo
HP ZBook Power 40.6 cm (16) G11 Mobile Workstation PC,3.8,"Recommended for  2D and light 3D workflows, photography, and for running multiple large Microsoft Office files.",Intel® Core™ Ultra 7 processor | Windows 11 Pro | 40.6 cm (16) diagonal WUXGA IPS display | NVIDIA RTX™ 3000 Ada Generation Graphics | 32 GB DDR5-5600 RAM | 1 TB SSD Solid State Drive,B6SA5PT,281503.0,402375.0,"FREE Bag (35L98AA) worth ₹ 1,785",https://www.hp.com/in-en/shop/hp-zbook-power-16-inch-g11-mobile-workstation-pc-b6sa5pt.html,Intel® Core™ Ultra 7 processor,Windows 11 Pro,40.6 cm (16) diagonal WUXGA IPS display,NVIDIA RTX™ 3000 Ada Generation Graphics,32 GB DDR5-5600 RAM,1 TB SSD Solid State Drive,No,free bag (35l98aa) ,8.0,1,SSD,1024,117405.0,Intel,i5,Premium,Dedicated,Premium,1,0,False,85.0,"Mouse, MS Office",Lenovo
"HP Laptop 39.6 cm (15.6) 15-fd0465TU, Silver",3.0,A reliably built laptop to keep you in the zone,13th Generation Intel® Core™ i3 processor | Windows 11 Home Single Language | 39.6 cm (15.6) diagonal FHD display | Intel® Graphics | 8 GB DDR4-3200 MT/s RAM | 512 GB SSD Hard Drive,B61ZFPA,42380.0,50842.0,HP X Entry Backpack worth  ₹1999.00 | Microsoft Office Home 2024 Lifetime Subscription worth ₹9199.00 | 1 year Microsoft 365 basic subscription,https://www.hp.com/in-en/shop/hp-laptop-15-fd0465tu-b61zfpa.html,13th Generation Intel® Core™ i3 processor,Windows 11 Home Single Language,39.6 cm (15.6) diagonal FHD display,Intel® Graphics,8 GB DDR4-3200 MT/s RAM,512 GB SSD Hard Drive,1 year Microsoft 365 basic subscription,hp x entry backpack ,16.0,512,SSD,256,10343.0,Intel,i7,Normal,Integrated,Mid-Range,0,1,False,32.0,"Backpack, Mouse, MS Office",Lenovo
HP ZBook Power 40.6 cm (16) G11 Mobile Workstation PC,3.8,"Recommended for  2D and light 3D workflows, photography, and for running multiple large Microsoft Office files.",Intel® Core™ Ultra 7 processor | Windows 11 Pro | 40.6 cm (16) diagonal WUXGA display | NVIDIA RTX™ A500 Graphics | 32 GB DDR5-5600 RAM | 1 TB SSD Solid State Drive,A8WN2PT,201034.0,293862.0,,https://www.hp.com/in-en/shop/hp-zbook-power-16-g11-mobile-workstation-pc-a8wn2pt.html,Intel® Core™ Ultra 7 processor,Windows 11 Pro,40.6 cm (16) diagonal WUXGA display,NVIDIA RTX™ A500 Graphics,32 GB DDR5-5600 RAM,1 TB SSD Solid State Drive,No,none,16.0,1,SSD,256,97363.0,AMD,Ryzen 7,Premium,Dedicated,Premium,1,0,False,85.0,"Mouse, MS Office",Lenovo
"HP OmniBook Ultra Flip 35.6 cm (14) Next Gen AI 14-fh0368TU, Blue",0.0,"Copilot+ PC.Beautifully crafted, our fast and powerful OmniBook is perfect for freelancers and creators. Meet the AI-enhanced evolution of HP Spectre.","Intel® Core™ Ultra 9 processor with 48 TOPs | Next-Gen Windows | 35.6 cm (14) diagonal, 2.8K, OLED, UWVA, Corning® Gorilla® Glass 5, Low Blue Light display, 120Hz VRR and 400 nits brightness | Intel® Arc™ Graphics | 32 GB LPDDR5x-8533 RAM | 1 TB SSD Hard Drive",C88U8PA,197174.0,213581.0,Microsoft Office Home 2024 Lifetime Subscription worth ₹9199.00,https://www.hp.com/in-en/shop/hp-omnibook-ultra-flip-laptop-14-fh0368tu-c88u8pa.html,Intel® Core™ Ultra 9 processor with 48 TOPs,Next-Gen Windows,"35.6 cm (14) diagonal, 2.8K, OLED, UWVA, Corning® Gorilla® Glass 5, Low Blue Light display, 120Hz VRR and 400 nits brightness",Intel® Arc™ Graphics,32 GB LPDDR5x-8533 RAM,1 TB SSD Hard Drive,Microsoft Office Home 2024 Lifetime Subscription worth ₹9199.00,none,32.0,1,SSD,512,15582.0,AMD,Ryzen 5,Premium,Integrated,Premium,0,1,True,66.0,"Backpack, Mouse, MS Office",Lenovo
"HP EliteBook X G1a 35.6 cm (14) Notebook Next Gen AI PC, Silver",0.0,Copilot+ PC.The game-changing AI PC tech experts dream about,AMD Ryzen™ AI 9 processor | Windows 11 Pro | 35.6 cm (14) diagonal 2.8K OLED touch display | AMD Radeon™ 890M Graphics | 64 GB LPDDR5x RAM | 1 TB SSD Hard Drive,B85W7PT,225677.0,246667.0,"HP 215 39.6 cm (15.6) Laptop Backpack worth ₹ 1,785",https://www.hp.com/in-en/shop/hp-elitebook-x-g1a-14-inch-notebook-next-gen-ai-pc-b85w7pt.html,AMD Ryzen™ AI 9 processor,Windows 11 Pro,35.6 cm (14) diagonal 2.8K OLED touch display,AMD Radeon™ 890M Graphics,64 GB LPDDR5x RAM,1 TB SSD Hard Drive,No,hp 215 39.6 cm (15.6) laptop backpack ,8.0,1,SSD,512,25668.0,Intel,i5,Premium,Integrated,Premium,0,1,False,130.0,"Backpack, Mouse, MS Office",Lenovo
"HP EliteBook 8 G1i 35.6 cm (14) Notebook AI PC, Silver",0.0,Copilot+ PC.Next-gen AI redefines productivity for modern professionals,"Intel® Core™ Ultra 5 processor | Windows 11 Pro | 35.6 cm (14) diagonal, WUXGA, IPS, 800 nits touch display | Intel® Arc™ 140T GPU | 32 GB DDR5-5600 RAM | 1 TB SSD Hard Drive",BQ9B9PT,179145.0,184452.0,,https://www.hp.com/in-en/shop/hp-elitebook-8-g1i-14-inch-notebook-ai-pc-bq9b9pt.html,Intel® Core™ Ultra 5 processor,Windows 11 Pro,"35.6 cm (14) diagonal, WUXGA, IPS, 800 nits touch display",Integrated,32 GB DDR5-5600 RAM,1 TB SSD Hard Drive,No,none,16.0,1,SSD,1024,453.0,Intel,i5,Premium,Integrated,Premium,0,1,False,66.0,"Mouse, MS Office",Lenovo
"HP Laptop 39.6 cm (15.6) 15-fd1458TU, Silver",0.0,Reliable computing yet stylish laptop that makes the wallet happy,"Intel® Core™ Ultra 5-125H processor | Windows 11 Home Single Language | 39.6 cm (15.6) diagonal FHD, IPS, anti-glare display | Intel® Arc™ Graphics | 24 GB DDR5-5600 RAM | 1 TB SSD Hard Drive",CJ9E1PA,72296.0,83566.0,HP X Entry Backpack worth  ₹1999.00,https://www.hp.com/in-en/shop/hp-laptop-15-fd1458tu-cj9e1pa.html,Intel® Core™ Ultra 5-125H processor,Windows 11 Home Single Language,"39.6 cm (15.6) diagonal FHD, IPS, anti-glare display",Intel® Arc™ Graphics,24 GB DDR5-5600 RAM,1 TB SSD Hard Drive,No,hp x entry backpack ,8.0,1,SSD,256,8567.0,AMD,Ryzen 5,Normal,Integrated,Mid-Range,0,0,False,50.0,"Mouse, MS Office",Lenovo
"HP EliteBook 6 G1q 35.6 cm (14) Notebook Next Gen AI PC, Silver",0.0,Power your organization into the future with next-gen AI,"Snapdragon® X processor | Windows 11 Pro | 35.6 cm (14) diagonal, WUXGA, IPS, anti-glare, 300 nits, touch display | Qualcomm® Adreno™ GPU | 16 GB LPDDR5x-8533 RAM | 512 GB SSD Hard Drive",C27TFPT,93511.0,99667.0,,https://www.hp.com/in-en/shop/hp-elitebook-6-g1q-14-notebook-next-gen-ai-pc-c27tfpt.html,Snapdragon® X processor,Windows 11 Pro,"35.6 cm (14) diagonal, WUXGA, IPS, anti-glare, 300 nits, touch display",Integrated,16 GB LPDDR5x-8533 RAM,512 GB SSD Hard Drive,No,none,32.0,512,SSD,512,2168.0,Intel,i5,Premium,Integrated,Premium,0,0,False,33.0,"Backpack, Mouse, MS Office",Lenovo
"Victus Gaming Laptop 15-fa2103TX, Blue",4.3333,Follow your gaming destiny,"13th Generation Intel® Core™ i7 processor | Windows 11 Home | 39.6 cm (15.6) diagonal, FHD (1920 x 1080), 144 Hz, IPS, micro-edge, anti-glare, 300 nits display | NVIDIA® GeForce RTX™ 4050 6GB | 16 GB DDR4-3200 RAM (Upgradeable) | 512 GB SSD Hard Drive",BV5E5PA,90727.0,103018.0,Microsoft Office Home 2024 Lifetime Subscription worth ₹9199.00 | 1 year Microsoft 365 basic subscription,https://www.hp.com/in-en/shop/victus-gaming-laptop-15-fa2103tx-bv5e5pa.html,13th Generation Intel® Core™ i7 processor,Windows 11 Home,"39.6 cm (15.6) diagonal, FHD (1920 x 1080), 144 Hz, IPS, micro-edge, anti-glare, 300 nits display",Integrated,16 GB DDR4-3200 RAM (Upgradeable),512 GB SSD Hard Drive,1 year Microsoft 365 basic subscription,none,8.0,512,SSD,256,8519.0,AMD,Ryzen 5,Premium,Integrated,Premium,0,0,False,54.6665,"Backpack, Mouse, MS Office",Lenovo
HP ZBook Ultra 35.6 cm (14) G1a Mobile Workstation PC,0.0,Copilot+ PC. Transformative AI performance. Redefining workflows.,"AMD Ryzen™ AI Max PRO processor | Windows 11 Pro | 35.6 cm (14) diagonal, WUXGA, IPS display | AMD Radeon™ 8050S Graphics | 32 GB LPDDR5x-8533 RAM | 1 TB SSD Hard Drive",BZ6H7PT,237100.0,377376.0,"HP 215 39.6 cm (15.6) Laptop Backpack worth ₹ 1,785",https://www.hp.com/in-en/shop/hp-zbook-ultra-14-inch-g1a-mobile-workstation-pc-bz6h7pt.html,AMD Ryzen™ AI Max PRO processor,Windows 11 Pro,"35.6 cm (14) diagonal, WUXGA, IPS display",AMD Radeon™ 8050S Graphics,32 GB LPDDR5x-8533 RAM,1 TB SSD Hard Drive,No,hp 215 39.6 cm (15.6) laptop backpack ,8.0,1,SSD,256,138777.0,AMD,Ryzen 7,Premium,Integrated,Premium,1,1,False,66.0,"Mouse, MS Office",Lenovo
"HP ZBook Firefly 35.6 cm (14) G11 Mobile Workstation PC, Silver",3.0,"Recommended for  2D and light 3D workflows, photography, and for running multiple large Microsoft Office files.",AMD Ryzen™ 7 processor | Windows 11 Pro | 35.6 cm (14) diagonal WUXGA IPS display | Intel® UMA Graphics | 32 GB DDR5-5600 RAM | 1 TB SSD Solid State Drive,B7ER4PT,121279.0,231738.0,"FREE Bag (35L98AA) worth ₹ 1,785",https://www.hp.com/in-en/shop/hp-zbook-firefly-14-inch-g11-a-mobile-workstation-pc-b7er4pt.html,AMD Ryzen™ 7 processor,Windows 11 Pro,35.6 cm (14) diagonal WUXGA IPS display,Intel® UMA Graphics,32 GB DDR5-5600 RAM,1 TB SSD Solid State Drive,No,free bag (35l98aa) ,16.0,1,SSD,256,112322.0,Intel,i5,Premium,Integrated,Premium,1,1,False,81.0,"Backpack, Mouse, MS Office",Lenovo
"HP Elitebook Ultra 35.6 cm (14) G1q Business Laptop AI PC, Blue",5.0,Copilot+ PC.Lead the way with this sophisticated next-gen AI PC,Qualcomm® Snapdragon™ processor | Windows 11 Pro | 35.6 cm (14) diagonal 2.2K touch display supports Qualcomm® Adreno™ | 16 GB LPDDR5x-8400 RAM | 1 TB SSD Hard Drive,A5KJ7PA,169236.0,,,https://www.hp.com/in-en/shop/elitebook-ultra-g1q-business-laptop-ai-pc.html,Qualcomm® Snapdragon™ processor,Windows 11 Pro,35.6 cm (14) diagonal 2.2K touch display supports Qualcomm® Adreno™,Integrated,16 GB LPDDR5x-8400 RAM,1 TB SSD Hard Drive,No,none,16.0,1,SSD,1024,,Intel,i3,Premium,Integrated,Premium,0,1,False,59.0,"Mouse, MS Office",Lenovo
"HP Victus 39.6 cm (15.6) Gaming Laptop 15-fa2303TX, Silver",0.0,Step up the fun with our most affordable gaming laptop range that doesn't shy on performance.,"14th generation Intel® Core™ i5-14450HX processor | Windows 11 Home | 39.6 cm (15.6) diagonal, FHD, IPS, anti-glare display | NVIDIA® GeForce RTX™ 3050 Laptop GPU (6 GB) | 24 GB DDR5-5600 RAM (upgradeable) | 512 GB SSD Hard Drive",C2JQ3PA,88876.0,96000.0,Microsoft Office Home 2024 Lifetime Subscription worth ₹9199.00,https://www.hp.com/in-en/shop/victus-gaming-laptop-15-fa2303tx-c2jq3pa.html,14th generation Intel® Core™ i5-14450HX processor,Windows 11 Home,"39.6 cm (15.6) diagonal, FHD, IPS, anti-glare display",Integrated,24 GB DDR5-5600 RAM (upgradeable),512 GB SSD Hard Drive,Microsoft Office Home 2024 Lifetime Subscription worth ₹9199.00,none,16.0,512,SSD,1024,12001.0,Intel,i5,Premium,Integrated,Premium,1,0,True,49.0,"Backpack, Mouse, MS Office",Lenovo
HP Laptop 39.6 cm (15.6) 15-fd0572TU,0.0,A reliably built laptop to keep you in the zone,13th Generation Intel® Core™ i3 processor | Windows 11 Home Single Language | 39.6 cm (15.6) diagonal FHD display | Intel® UHD Graphics | 8 GB DDR4-3200 RAM | 512 GB SSD Hard Drive,BG6D9PA,48198.0,52114.0,,https://www.hp.com/in-en/shop/hp-laptop-15-fd0572tu-bg6d9pa.html,13th Generation Intel® Core™ i3 processor,Windows 11 Home Single Language,39.6 cm (15.6) diagonal FHD display,Intel® UHD Graphics,8 GB DDR4-3200 RAM,512 GB SSD Hard Drive,No,none,32.0,512,SSD,1024,6115.0,AMD,Ryzen 7,Normal,Integrated,Mid-Range,1,1,False,17.0,"Mouse, MS Office",Lenovo
"HP Laptop 39.6 cm (15.6) 15-fd1354TU, Silver",0.0,Reliable computing yet stylish laptop that makes the wallet happy,"Intel® Core™ Ultra 5-125H processor | Windows 11 Home Single Language | 39.6 cm (15.6) diagonal FHD, IPS, anti-glare display | Intel® Arc™ Graphics | 16 GB DDR5-5600 RAM | 1 TB SSD Hard Drive",C72QKPA,66862.0,79930.0,HP X Entry Backpack worth  ₹1999.00,https://www.hp.com/in-en/shop/hp-laptop-15-fd1354tu-c72qkpa.html,Intel® Core™ Ultra 5-125H processor,Windows 11 Home Single Language,"39.6 cm (15.6) diagonal FHD, IPS, anti-glare display",Intel® Arc™ Graphics,16 GB DDR5-5600 RAM,1 TB SSD Hard Drive,No,hp x entry backpack ,16.0,1,SSD,1024,8931.0,Intel,i7,Normal,Integrated,Mid-Range,0,0,False,34.0,,Lenovo
"HP EliteBook 6 G1i 35.6 cm (14) Notebook Next Gen AI PC, Silver",0.0,AI-ready for enterprise productivity,"Intel® Core™ Ultra 7 processor | Windows 11 Pro | 35.6 cm (14) diagonal WUXGA, IPS, 800 nits display | Intel® Graphics | 64 GB DDR5-5600 RAM | 1 TB SSD Hard Drive",BQ8J8PT,205796.0,206534.0,,https://www.hp.com/in-en/shop/hp-elitebook-6-g1i-14-inch-notebook-next-gen-ai-pc-bq8j8pt.html,Intel® Core™ Ultra 7 processor,Windows 11 Pro,"35.6 cm (14) diagonal WUXGA, IPS, 800 nits display",Intel® Graphics,64 GB DDR5-5600 RAM,1 TB SSD Hard Drive,No,none,8.0,1,SSD,512,1535.0,AMD,Ryzen 5,Premium,Integrated,Premium,1,0,False,130.0,,Lenovo
"HP 250R 39.62 cm (15.6)  G9 Business Laptop PC, Silver",0.0,"Compact and reliable, value-packed notebooks with essential business features to help you excel in hybrid work","13th Generation Intel® Core™ i3 processor | FreeDOS | 39.6 cm (15.6) diagonal, HD display | Intel® UHD Graphics | 8 GB DDR4-3200 MT/s RAM | 512 GB SSD Hard Drive",B10MTAT,36134.0,44529.0,"HP 215 39.6 cm (15.6) Laptop Backpack worth ₹ 1,785",https://www.hp.com/in-en/shop/hp-250r-15-6-39-62-cm-g9-notebook-pc-b10mtat.html,13th Generation Intel® Core™ i3 processor,Unknown,"39.6 cm (15.6) diagonal, HD display",Intel® UHD Graphics,8 GB DDR4-3200 MT/s RAM,512 GB SSD Hard Drive,No,hp 215 39.6 cm (15.6) laptop backpack ,32.0,512,SSD,256,3530.0,Intel,i3,Normal,Integrated,Budget,0,0,False,17.0,"Backpack, Mouse",Lenovo
HP Laptop 39.6 cm (15.6) 15-fc0390AU,3.0,Reliable computing yet stylish laptop that makes the wallet happy,AMD Ryzen™ 7-7730U processor | Windows 11 Home | 39.6 cm (15.6) diagonal FHD display | AMD Radeon™ Graphics | 16 GB DDR4-3200 RAM | 512 GB SSD Hard Drive,B7UW1PA,55378.0,64175.0,HP X Entry Backpack worth  ₹1999.00 | Microsoft Office Home 2024 Lifetime Subscription worth ₹9199.00 | 1 year Microsoft 365 basic subscription,https://www.hp.com/in-en/shop/hp-laptop-15-fc0390au-b7uw1pa.html,AMD Ryzen™ 7-7730U processor,Windows 11 Home,39.6 cm (15.6) diagonal FHD display,AMD Radeon™ Graphics,16 GB DDR4-3200 RAM,512 GB SSD Hard Drive,1 year Microsoft 365 basic subscription,hp x entry backpack ,16.0,512,SSD,1024,12176.0,Intel,i3,Normal,Integrated,Mid-Range,1,1,False,48.0,"Backpack, Mouse, MS Office",Lenovo
"HP Elite x360 830 33.8 cm (13.3) G11 2-in-1 Business Laptop PC, Silver",2.75,The enterprise notebook that’s anything but ordinary,Intel® Core™ Ultra 7 processor | Windows 11 Pro | 33.8 cm (13.3) diagonal WUXGA touch display | Intel® Graphics | 32 GB LPDDR5x RAM | 1 TB SSD Hard Drive,B85PZPT,159137.0,179449.0,"HP 215 39.6 cm (15.6) Laptop Backpack worth ₹ 1,785",https://www.hp.com/in-en/shop/hp-elite-x360-830-13-inch-g11-2-in-1-notebook-pc-b85pzpt.html,Intel® Core™ Ultra 7 processor,Windows 11 Pro,33.8 cm (13.3) diagonal WUXGA touch display,Intel® Graphics,32 GB LPDDR5x RAM,1 TB SSD Hard Drive,No,hp 215 39.6 cm (15.6) laptop backpack ,32.0,1,SSD,1024,22250.0,Intel,i3,Premium,Integrated,Premium,1,1,False,79.75,Mouse,Lenovo
"HP Laptop 39.6 cm (15.6) 15-fc1039AU, Silver",5.0,"A powerful, sleek laptop for getting things done everyday",AMD Ryzen™ 5-7535HS processor | Windows 11 Home | 39.6 cm (15.6) diagonal FHD display | AMD Radeon™ Graphics | 16 GB DDR5 RAM | 512 GB SSD Hard Drive,BV2X3PA,50838.0,60598.0,Microsoft Office Home 2024 Lifetime Subscription worth ₹9199.00,https://www.hp.com/in-en/shop/hp-laptop-15-fc1039au-bv2x3pa.html,AMD Ryzen™ 5-7535HS processor,Windows 11 Home,39.6 cm (15.6) diagonal FHD display,AMD Radeon™ Graphics,16 GB DDR5 RAM,512 GB SSD Hard Drive,Microsoft Office Home 2024 Lifetime Subscription worth ₹9199.00,none,32.0,512,SSD,256,7599.0,Intel,i7,Normal,Integrated,Mid-Range,1,1,True,58.0,"Backpack, Mouse, MS Office",Lenovo
"HP Laptop 14-gr1036TU , Silver",0.0,Powerfully and responsibly made to get things done everyday,"Intel® Core™ Ultra 7 155H processor | Windows 11 Home | 35.6 cm (14) diagonal, FHD display | Intel® Arc™ Graphics | 16 GB DDR5-5600 RAM | 512 GB SSD Hard Drive",C33RKPA,84298.0,95686.0,HP X Entry Backpack worth  ₹1999.00 | Microsoft Office Home 2024 Lifetime Subscription worth ₹9199.00 | 1 year Microsoft 365 basic subscription,https://www.hp.com/in-en/shop/hp-laptop-14-gr1036tu-c33rkpa.html,Intel® Core™ Ultra 7 155H processor,Windows 11 Home,"35.6 cm (14) diagonal, FHD display",Intel® Arc™ Graphics,16 GB DDR5-5600 RAM,512 GB SSD Hard Drive,1 year Microsoft 365 basic subscription,hp x entry backpack ,32.0,512,SSD,512,14187.0,Intel,i7,Premium,Integrated,Premium,1,1,False,33.0,"Mouse, MS Office",Lenovo
"HP OmniBook 5 Next Gen AI 16-ag1034AU, Silver",0.0,Copilot+ PC.The upgrade you need from HP Pavilion. Excellent for students and families.,AMD Ryzen™ AI 5 processor | Windows 11 Home Single Language | 40.5 cm (16) diagonal 2K IPS touch display | AMD Radeon™ 840M Graphics | 16 GB LPDDR5x-7500 RAM | 512 GB SSD Hard Drive,BK9U3PA,75601.0,88225.0,,https://www.hp.com/in-en/shop/hp-omnibook-5-ngai-16-ag1034au-bk9u3pa.html,AMD Ryzen™ AI 5 processor,Windows 11 Home Single Language,40.5 cm (16) diagonal 2K IPS touch display,AMD Radeon™ 840M Graphics,16 GB LPDDR5x-7500 RAM,512 GB SSD Hard Drive,No,none,8.0,512,SSD,512,8226.0,AMD,Ryzen 7,Normal,Integrated,Mid-Range,0,1,False,33.0,"Backpack, Mouse, MS Office",Lenovo
"HP EliteBook 8 35.6 cm (14) G1a Next Gen AI PC, Silver",0.0,Copilot+ PC. Optimize work for today's innovators with next-gen AI,"AMD Ryzen™ AI 7 processor | Windows 11 Pro | 35.6 cm (14) diagonal, WUXGA, IPS display, Touchscreen | AMD Radeon™ 860M Graphics | 32 GB DDR5-5600 RAM | 1 TB SSD Hard Drive",C27TDPT,167192.0,189778.0,"HP 215 39.6 cm (15.6) Laptop Backpack worth ₹ 1,785",https://www.hp.com/in-en/shop/hp-elitebook-8-g1a-14-35-56-cm-notebook-next-gen-ai-pc-c27tdpt.html,AMD Ryzen™ AI 7 processor,Windows 11 Pro,"35.6 cm (14) diagonal, WUXGA, IPS display, Touchscreen",AMD Radeon™ 860M Graphics,32 GB DDR5-5600 RAM,1 TB SSD Hard Drive,No,hp 215 39.6 cm (15.6) laptop backpack ,32.0,1,SSD,512,24179.0,AMD,Ryzen 7,Premium,Integrated,Premium,1,0,False,66.0,"Backpack, Mouse, MS Office",Lenovo
"HP 255 39.6 cm (15.6) G10 Notebook PC, Silver",0.0,Powered for business,"AMD Ryzen™ 7 processor | FreeDOS | 39.6 cm (15.6) diagonal, FHD display | AMD Radeon™ Graphics | 16 GB DDR4 RAM | 512 GB SSD Hard Drive",BJ3Q4PT,53467.0,64556.0,"HP 215 39.6 cm (15.6) Laptop Backpack worth ₹ 1,785",https://www.hp.com/in-en/shop/hp-255-15-6-g10-notebook-pc-bj3q4pt.html,AMD Ryzen™ 7 processor,Unknown,"39.6 cm (15.6) diagonal, FHD display",AMD Radeon™ Graphics,16 GB DDR4 RAM,512 GB SSD Hard Drive,No,hp 215 39.6 cm (15.6) laptop backpack ,8.0,512,SSD,256,9557.0,AMD,Ryzen 3,Normal,Integrated,Mid-Range,0,0,False,33.0,,Lenovo
"HP EliteBook X G1a 35.6 cm (14) Notebook Next Gen AI PC, Silver",0.0,Copilot+ PC.The game-changing AI PC tech experts dream about,AMD Ryzen™ AI 9 processor | Windows 11 Pro | 35.6 cm (14) diagonal 2.8K OLED touch display | AMD Radeon™ 890M Graphics | 64 GB LPDDR5x RAM | 1 TB SSD Hard Drive,B85W7PT,220683.0,246667.0,"HP 215 39.6 cm (15.6) Laptop Backpack worth ₹ 1,785",https://www.hp.com/in-en/shop/hp-elitebook-x-g1a-14-inch-notebook-next-gen-ai-pc-b85w7pt.html,AMD Ryzen™ AI 9 processor,Windows 11 Pro,35.6 cm (14) diagonal 2.8K OLED touch display,AMD Radeon™ 890M Graphics,64 GB LPDDR5x RAM,1 TB SSD Hard Drive,No,hp 215 39.6 cm (15.6) laptop backpack ,8.0,1,SSD,1024,25668.0,AMD,Ryzen 7,Premium,Integrated,Premium,1,1,False,130.0,"Backpack, Mouse, MS Office",Lenovo
"HP ZBook Firefly 35.6 cm (14) G11 Mobile Workstation PC, Silver",3.0,"Recommended for  2D and light 3D workflows, photography, and for running multiple large Microsoft Office files.",AMD Ryzen™ 7 processor | Windows 11 Pro | 35.6 cm (14) diagonal WUXGA display | Intel® UMA Graphics | 16 GB DDR5-5600 RAM | 512 GB SSD Solid State Drive,B7ER2PT,107640.0,210174.0,"FREE Bag (35L98AA) worth ₹ 1,785",https://www.hp.com/in-en/shop/hp-zbook-firefly-14-inch-g11-a-mobile-workstation-pc-b7er2pt.html,AMD Ryzen™ 7 processor,Windows 11 Pro,35.6 cm (14) diagonal WUXGA display,Intel® UMA Graphics,16 GB DDR5-5600 RAM,512 GB SSD Solid State Drive,No,free bag (35l98aa) ,16.0,512,SSD,1024,101071.0,Intel,i7,Premium,Integrated,Premium,1,1,False,48.0,"Backpack, Mouse, MS Office",Lenovo
"HP Laptop 39.6 cm (15.6) 15-fd0465TU, Silver",3.0,A reliably built laptop to keep you in the zone,13th Generation Intel® Core™ i3 processor | Windows 11 Home Single Language | 39.6 cm (15.6) diagonal FHD display | Intel® Graphics | 8 GB DDR4-3200 MT/s RAM | 512 GB SSD Hard Drive,B61ZFPA,43726.0,50842.0,HP X Entry Backpack worth  ₹1999.00 | Microsoft Office Home 2024 Lifetime Subscription worth ₹9199.00 | 1 year Microsoft 365 basic subscription,https://www.hp.com/in-en/shop/hp-laptop-15-fd0465tu-b61zfpa.html,13th Generation Intel® Core™ i3 processor,Windows 11 Home Single Language,39.6 cm (15.6) diagonal FHD display,Intel® Graphics,8 GB DDR4-3200 MT/s RAM,512 GB SSD Hard Drive,1 year Microsoft 365 basic subscription,hp x entry backpack ,8.0,512,SSD,256,10343.0,Intel,i5,Normal,Integrated,Mid-Range,1,1,False,32.0,"Backpack, Mouse, MS Office",Lenovo
"HP Laptop 39.6 cm (15.6) 15-fd1354TU, Silver",0.0,Reliable computing yet stylish laptop that makes the wallet happy,"Intel® Core™ Ultra 5-125H processor | Windows 11 Home Single Language | 39.6 cm (15.6) diagonal FHD, IPS, anti-glare display | Intel® Arc™ Graphics | 16 GB DDR5-5600 RAM | 1 TB SSD Hard Drive",C72QKPA,74291.0,79930.0,HP X Entry Backpack worth  ₹1999.00,https://www.hp.com/in-en/shop/hp-laptop-15-fd1354tu-c72qkpa.html,Intel® Core™ Ultra 5-125H processor,Windows 11 Home Single Language,"39.6 cm (15.6) diagonal FHD, IPS, anti-glare display",Intel® Arc™ Graphics,16 GB DDR5-5600 RAM,1 TB SSD Hard Drive,No,hp x entry backpack ,32.0,1,SSD,512,8931.0,AMD,Ryzen 3,Normal,Integrated,Mid-Range,1,0,False,34.0,,Lenovo
"HP Pavilion Plus 35.6 cm (14) Laptop 14-ew0108TU, Blue",4.8333,"Unleash your potential with the HP Pavilion Plus 14"" Laptop",13th Generation Intel® Core™ i5 processor | Windows 11 Home | 35.6 cm (14) diagonal 2K display | Intel® Iris® Xᵉ Graphics | 16 GB LPDDR5x-5200 RAM | 512 GB SSD Hard Drive,B6PA5PA,74757.0,95006.0,"HP 310 15.6 Laptop Backpack worth ₹2,999.00 | Microsoft Office Home 2024 Lifetime Subscription worth ₹9199.00 | 1 year Microsoft 365 basic subscription",https://www.hp.com/in-en/shop/hp-pavilion-plus-laptop-14-ew0108tu-b6pa5pa.html,13th Generation Intel® Core™ i5 processor,Windows 11 Home,35.6 cm (14) diagonal 2K display,Intel® Iris® Xᵉ Graphics,16 GB LPDDR5x-5200 RAM,512 GB SSD Hard Drive,1 year Microsoft 365 basic subscription,hp 310 15.6 laptop backpack ,8.0,512,SSD,1024,16507.0,AMD,Ryzen 5,Normal,Integrated,Mid-Range,1,1,False,57.1665,"Mouse, MS Office",Lenovo
"HP ZBook Ultra 35.6 cm (14) G1a Mobile Workstation PC, Silver",0.0,Copilot+ PC. Transformative AI performance. Redefining workflows.,"AMD Ryzen™ AI Max PRO processor | Windows 11 Pro | 35.6 cm (14) diagonal, WUXGA, IPS display | AMD Radeon™ 8050S Graphics | 32 GB LPDDR5x-8533 RAM | 1 TB SSD Hard Drive",BZ6H1PT,231739.0,355792.0,"HP 215 39.6 cm (15.6) Laptop Backpack worth ₹ 1,785",https://www.hp.com/in-en/shop/hp-zbook-ultra-14-inch-g1a-mobile-workstation-pc-bz6h1pt.html,AMD Ryzen™ AI Max PRO processor,Windows 11 Pro,"35.6 cm (14) diagonal, WUXGA, IPS display",AMD Radeon™ 8050S Graphics,32 GB LPDDR5x-8533 RAM,1 TB SSD Hard Drive,No,hp 215 39.6 cm (15.6) laptop backpack ,32.0,1,SSD,1024,119193.0,Intel,i5,Premium,Integrated,Premium,1,0,False,66.0,"Backpack, Mouse",Lenovo
"HP ZBook Firefly 35.6 cm (14) G11 Mobile Workstation PC, Silver",3.0,"Recommended for  2D and light 3D workflows, photography, and for running multiple large Microsoft Office files.",AMD Ryzen™ 7 processor | FreeDOS | 35.6 cm (14) diagonal WUXGA display | Intel® UMA Graphics | 16 GB DDR5-5600 RAM | 512 GB SSD Solid State Drive,B7EQ5PT,99616.0,182490.0,"FREE Bag (35L98AA) worth ₹ 1,785",https://www.hp.com/in-en/shop/hp-zbook-firefly-14-g11-a-mobile-workstation-pc-b7eq5pt.html,AMD Ryzen™ 7 processor,Unknown,35.6 cm (14) diagonal WUXGA display,Intel® UMA Graphics,16 GB DDR5-5600 RAM,512 GB SSD Solid State Drive,No,free bag (35l98aa) ,8.0,512,SSD,256,86957.0,Intel,i7,Premium,Integrated,Premium,1,1,False,48.0,"Backpack, Mouse, MS Office",Lenovo
"HP OMEN Gaming Laptop 16, Black, Core 7 - 240H (10C), RTX 5060 8GB, 16 GB",0.0,Bold performance without the burnout,"Intel® Core™ 7 240H (10C) processor | Windows 11 Home | 40.6 cm (16) diagonal, 2K, IPS, anti-glare, Low Blue Light, 165 Hz, 400 nits display | NVIDIA® GeForce RTX™ 5060 8GB | 16 GB DDR5 RAM | 1 TB SSD Hard Drive",BP3Y6PA,137200.0,154003.0,Microsoft Office Home 2024 Lifetime Subscription worth ₹9199.00 | Microsoft Xbox Game Pass 3 month,https://www.hp.com/in-en/shop/hp-omen-gaming-laptop-16-am0078tx-bp3y6pa.html,Intel® Core™ 7 240H (10C) processor,Windows 11 Home,"40.6 cm (16) diagonal, 2K, IPS, anti-glare, Low Blue Light, 165 Hz, 400 nits display",Integrated,16 GB DDR5 RAM,1 TB SSD Hard Drive,Microsoft Xbox Game Pass 3 month,none,32.0,1,SSD,1024,17004.0,AMD,Ryzen 7,Premium,Integrated,Premium,0,0,False,34.0,"Backpack, Mouse, MS Office",Lenovo
HP ZBook Power 40.6 cm (16) G11 Mobile Workstation PC,3.8,"Recommended for  2D and light 3D workflows, photography, and for running multiple large Microsoft Office files.",Intel® Core™ Ultra 9 processor | Windows 11 Pro | 40.6 cm (16) diagonal WUXGA display | NVIDIA RTX™ 2000 Ada Generation Laptop GPU | 64 GB DDR5-5600 RAM | 1 TB SSD Solid State Drive,A8WM5PT,300149.0,436429.0,,https://www.hp.com/in-en/shop/hp-zbook-power-16-g11-mobile-workstation-pc-a8wm5pt.html,Intel® Core™ Ultra 9 processor,Windows 11 Pro,40.6 cm (16) diagonal WUXGA display,Integrated,64 GB DDR5-5600 RAM,1 TB SSD Solid State Drive,No,none,32.0,1,SSD,256,137930.0,AMD,Ryzen 3,Premium,Integrated,Premium,1,1,False,149.0,"Mouse, MS Office",Lenovo
"HP OMEN Gaming Laptop 16-am0239TX, Black",4.0,Bold performance without the burnout,"14th generation Intel® Core™ i7 processor | Windows 11 Home | 40.6 cm (16) diagonal, 2K, IPS, anti-glare, Low Blue Light, 165 Hz, 400 nits display | NVIDIA® GeForce RTX™ 5060 8GB | 24 GB DDR5-5600 RAM (Upgradeable) | 1 TB SSD Hard Drive",C25MVPA,148825.0,174237.0,Microsoft Office Home 2024 Lifetime Subscription worth ₹9199.00 | 1 year Microsoft 365 basic subscription,https://www.hp.com/in-en/shop/hp-omen-gaming-laptop-16-am0239tx-c25mvpa.html,14th generation Intel® Core™ i7 processor,Windows 11 Home,"40.6 cm (16) diagonal, 2K, IPS, anti-glare, Low Blue Light, 165 Hz, 400 nits display",Integrated,24 GB DDR5-5600 RAM (Upgradeable),1 TB SSD Hard Drive,1 year Microsoft 365 basic subscription,none,8.0,1,SSD,1024,23238.0,Intel,i3,Premium,Integrated,Premium,0,0,False,70.0,"Backpack, Mouse, MS Office",Lenovo
"HP Laptop 39.6 cm (15.6) 15-fd1254TU, Silver",3.25,Reliable computing yet stylish laptop that makes the wallet happy,"Intel® Core™ Ultra 5 processor | Windows 11 Home | 39.6 cm (15.6) diagonal, FHD IPS display | Intel® Arc™ Graphics | 16 GB DDR5-5600 RAM | 512 GB SSD Hard Drive",BG6E6PA,63323.0,83033.0,HP X Entry Backpack worth  ₹1999.00 | Microsoft Office Home 2024 Lifetime Subscription worth ₹9199.00 | 1 year Microsoft 365 basic subscription,https://www.hp.com/in-en/shop/hp-laptop-15-fd1254tu-bg6e6pa.html,Intel® Core™ Ultra 5 processor,Windows 11 Home,"39.6 cm (15.6) diagonal, FHD IPS display",Intel® Arc™ Graphics,16 GB DDR5-5600 RAM,512 GB SSD Hard Drive,1 year Microsoft 365 basic subscription,hp x entry backpack ,8.0,512,SSD,1024,15034.0,AMD,Ryzen 7,Normal,Integrated,Mid-Range,1,0,False,49.25,"Mouse, MS Office",Lenovo
"HP Elite x360 830 33.8 cm (13.3) G11 2-in-1 Business Laptop PC, Silver",2.75,The enterprise notebook that’s anything but ordinary,Intel® Core™ Ultra 7 processor | Windows 11 Pro | 33.8 cm (13.3) diagonal WUXGA touch display | Intel® Graphics | 32 GB LPDDR5x RAM | 1 TB SSD Hard Drive,B85PZPT,157187.0,179449.0,"HP 215 39.6 cm (15.6) Laptop Backpack worth ₹ 1,785",https://www.hp.com/in-en/shop/hp-elite-x360-830-13-inch-g11-2-in-1-notebook-pc-b85pzpt.html,Intel® Core™ Ultra 7 processor,Windows 11 Pro,33.8 cm (13.3) diagonal WUXGA touch display,Intel® Graphics,32 GB LPDDR5x RAM,1 TB SSD Hard Drive,No,hp 215 39.6 cm (15.6) laptop backpack ,32.0,1,SSD,256,22250.0,Intel,i5,Premium,Integrated,Premium,1,0,False,79.75,Mouse,Lenovo
"HP OMEN 40.6 cm (16.1) Gaming Laptop 16-am0241TX, Black",5.0,Bold performance without the burnout,"14th Generation Intel® Core™ i7 processor | Windows 11 Home | 40.6 cm (16) diagonal, 2K, 165Hz, IPS, anti-glare, Low Blue Light, 400 nits display | NVIDIA® GeForce RTX™ 5050 8 GB | 24 GB DDR5-5600 RAM | 1 TB SSD Hard Drive",C25MXPA,142328.0,162996.0,Microsoft Office Home 2024 Lifetime Subscription worth ₹9199.00 | 1 year Microsoft 365 basic subscription,https://www.hp.com/in-en/shop/hp-omen-gaming-laptop-16-am0241tx-c25mxpa.html,14th Generation Intel® Core™ i7 processor,Windows 11 Home,"40.6 cm (16) diagonal, 2K, 165Hz, IPS, anti-glare, Low Blue Light, 400 nits display",Integrated,24 GB DDR5-5600 RAM,1 TB SSD Hard Drive,1 year Microsoft 365 basic subscription,none,8.0,1,SSD,256,20997.0,Intel,i7,Premium,Integrated,Premium,1,0,False,75.0,"Backpack, Mouse, MS Office",Lenovo
"HP OMEN Gaming Laptop 16-ap0183AX , Black",5.0,Bold performance that doesn't burn out,"AMD Ryzen™ AI 7 processor | Windows 11 Home | 40.6 cm (16) diagonal, 2K, 165Hz, IPS, anti-glare, Low Blue Light, 400 nits display | NVIDIA® GeForce RTX™ 5060 8 GB | 24 GB DDR5-5600 RAM (Upgradeable) | 1 TB SSD Hard Drive",C7LU0PA,156453.0,174237.0,Microsoft Office Home 2024 Lifetime Subscription worth ₹9199.00 | 1 year Microsoft 365 basic subscription,https://www.hp.com/in-en/shop/hp-omen-gaming-laptop-16-ap0183ax-c7lu0pa.html,AMD Ryzen™ AI 7 processor,Windows 11 Home,"40.6 cm (16) diagonal, 2K, 165Hz, IPS, anti-glare, Low Blue Light, 400 nits display",Integrated,24 GB DDR5-5600 RAM (Upgradeable),1 TB SSD Hard Drive,1 year Microsoft 365 basic subscription,none,32.0,1,SSD,256,22738.0,Intel,i7,Premium,Integrated,Premium,0,1,False,75.0,"Mouse, MS Office",Lenovo
"HP EliteBook 8 35.6 cm (14) G1i Next Gen AI PC, Silver",0.0,Copilot+ PC.Next-gen AI redefines productivity for modern professionals,"Intel® Core™ Ultra 7 processor | Windows 11 Pro | 35.6 cm (14) diagonal, WUXGA, IPS display, Touchscreen | Intel® Arc™ Graphics | 32 GB LPDDR5x-8533 RAM | 1 TB SSD Hard Drive",C27THPT,181251.0,205334.0,"HP 215 39.6 cm (15.6) Laptop Backpack worth ₹ 1,785",https://www.hp.com/in-en/shop/hp-elitebook-8-g1i-14-inch-notebook-next-gen-ai-pc-c27thpt.html,Intel® Core™ Ultra 7 processor,Windows 11 Pro,"35.6 cm (14) diagonal, WUXGA, IPS display, Touchscreen",Intel® Arc™ Graphics,32 GB LPDDR5x-8533 RAM,1 TB SSD Hard Drive,No,hp 215 39.6 cm (15.6) laptop backpack ,32.0,1,SSD,1024,26235.0,Intel,i7,Premium,Integrated,Premium,1,1,False,66.0,"Mouse, MS Office",Lenovo
"HP 250R 39.6 cm (15.6) G10 Business Laptop PC, Silver",0.0,"Compact and reliable, value-packed notebooks with essential business features to help you excel in hybrid work","Intel® Core™ 5 processor | FreeDOS 3.0 | 39.6 cm (15.6) diagonal, FHD, SVA display | Intel® Graphics | 8 GB DDR4-3200 RAM | 512 GB SSD Hard Drive",C91T7AT,56132.0,65489.0,"HP 215 39.6 cm (15.6) Laptop Backpack worth ₹ 1,785",https://www.hp.com/in-en/shop/hp-250r-15-6-inch-g10-notebook-pc-c91t7at.html,Intel® Core™ 5 processor,Unknown,"39.6 cm (15.6) diagonal, FHD, SVA display",Intel® Graphics,8 GB DDR4-3200 RAM,512 GB SSD Hard Drive,No,hp 215 39.6 cm (15.6) laptop backpack ,32.0,512,SSD,256,7690.0,Intel,i3,Normal,Integrated,Mid-Range,1,0,False,17.0,,Lenovo
"HP Pavilion Plus 35.6 cm (14) Laptop 14-ew0108TU, Blue",4.8333,"Unleash your potential with the HP Pavilion Plus 14"" Laptop",13th Generation Intel® Core™ i5 processor | Windows 11 Home | 35.6 cm (14) diagonal 2K display | Intel® Iris® Xᵉ Graphics | 16 GB LPDDR5x-5200 RAM | 512 GB SSD Hard Drive,B6PA5PA,79741.0,95006.0,"HP 310 15.6 Laptop Backpack worth ₹2,999.00 | Microsoft Office Home 2024 Lifetime Subscription worth ₹9199.00 | 1 year Microsoft 365 basic subscription",https://www.hp.com/in-en/shop/hp-pavilion-plus-laptop-14-ew0108tu-b6pa5pa.html,13th Generation Intel® Core™ i5 processor,Windows 11 Home,35.6 cm (14) diagonal 2K display,Intel® Iris® Xᵉ Graphics,16 GB LPDDR5x-5200 RAM,512 GB SSD Hard Drive,1 year Microsoft 365 basic subscription,hp 310 15.6 laptop backpack ,8.0,512,SSD,512,16507.0,AMD,Ryzen 3,Normal,Integrated,Mid-Range,1,0,False,57.1665,"Mouse, MS Office",Lenovo
HP ProBook 440 35.6 cm (14) G11 Business Laptop PC,3.5,Affordable devices designed with business in mind; commercial grade features with durable design,"Intel® Core™ Ultra 5 processor | Windows 11 Pro | 35.6 cm (14) diagonal, WUXGA display | Intel® Arc™ Graphics | 16 GB DDR5-5600 RAM | 512 GB SSD Hard Drive",A6VS9PA,97199.0,104944.0,"HP 215 39.6 cm (15.6) Laptop Backpack worth ₹ 1,785",https://www.hp.com/in-en/shop/hp-probook-440-14-inch-g11-notebook-pc-a6vs9pa.html,Intel® Core™ Ultra 5 processor,Windows 11 Pro,"35.6 cm (14) diagonal, WUXGA display",Intel® Arc™ Graphics,16 GB DDR5-5600 RAM,512 GB SSD Hard Drive,No,hp 215 39.6 cm (15.6) laptop backpack ,32.0,512,SSD,512,9445.0,AMD,Ryzen 7,Premium,Integrated,Premium,0,0,False,50.5,"Mouse, MS Office",Lenovo
HP ZBook Firefly 35.6 cm (14) G11 Mobile Workstation PC,3.9375,"Recommended for  2D and light 3D workflows, photography, and for running multiple large Microsoft Office files.",Intel® Core™ Ultra 7 processor | Windows 11 Pro | 35.6 cm (14) diagonal WUXGA display | Intel® Graphics | 32 GB DDR5-5600 MHz RAM (1 x 32 GB) | 1 TB PCIe® NVMe™ SSD,A1VR3PT,153043.0,238920.0,,https://www.hp.com/in-en/shop/hp-zbook-firefly-14-g11-mobile-workstation-pc-a1vr3pt.html,Intel® Core™ Ultra 7 processor,Windows 11 Pro,35.6 cm (14) diagonal WUXGA display,Intel® Graphics,32 GB DDR5-5600 MHz RAM (1 x 32 GB),1 TB PCIe® NVMe™ SSD,No,none,32.0,1,SSD,256,89421.0,Intel,i7,Premium,Integrated,Premium,0,1,False,85.6875,"Backpack, Mouse, MS Office",Lenovo
"HP Laptop 35.6 cm (14) 14-ep0340TU, Silver",2.6,Reliable computing yet stylish laptop that makes the wallet happy,"13th Generation Intel® Core™ i5 processor | Windows 11 Home | 35.6 cm (14) diagonal, FHD display | Intel® UHD Graphics | 16 GB DDR4 RAM | 512 GB SSD Hard Drive",BG6D3PA,62677.0,73265.0,HP X Entry Backpack worth  ₹1999.00 | Microsoft Office Home 2024 Lifetime Subscription worth ₹9199.00 | 1 year Microsoft 365 basic subscription,https://www.hp.com/in-en/shop/hp-laptop-14-ep0340tu-bg6d3pa.html,13th Generation Intel® Core™ i5 processor,Windows 11 Home,"35.6 cm (14) diagonal, FHD display",Intel® UHD Graphics,16 GB DDR4 RAM,512 GB SSD Hard Drive,1 year Microsoft 365 basic subscription,hp x entry backpack ,16.0,512,SSD,256,14266.0,Intel,i7,Normal,Integrated,Mid-Range,1,1,False,46.0,,Lenovo
"HP OMEN MAX Gaming Laptop 16, Black, Ryzen AI 9 HX 375 (12C), RTX 5070 Ti 12GB, 24 GB",0.0,Copilot+ PC.Pro Gaming. Built for unbelievable speed and immersive gameplay.,"AMD Ryzen™ AI 9 processor | Windows 11 Home | 40.6 cm (16) diagonal, 2K, IPS, anti-glare, Low Blue Light, 165 Hz, 400 nits display | NVIDIA® GeForce RTX™ 5070 Ti 12 GB | 24 GB DDR5 RAM | 1 TB SSD Hard Drive",C91TJPA,242228.0,273159.0,,https://www.hp.com/in-en/shop/hp-omen-max-gaming-laptop-16-ak0102ax-c91tjpa.html,AMD Ryzen™ AI 9 processor,Windows 11 Home,"40.6 cm (16) diagonal, 2K, IPS, anti-glare, Low Blue Light, 165 Hz, 400 nits display",Integrated,24 GB DDR5 RAM,1 TB SSD Hard Drive,No,none,32.0,1,SSD,1024,30160.0,Intel,i7,Premium,Integrated,Premium,1,0,False,50.0,"Mouse, MS Office",Lenovo
HP EliteBook 1040 35.6 cm (14) G11 Business Laptop PC,4.3333,Devices that maximize business value to enterprise employees across all hybrid workstyles,"Intel® Core™ Ultra 7 processor | Windows 11 Pro | 35.6 cm (14) diagonal, WUXGA display | Intel® Arc™ Graphics | 16 GB LPDDR5x-7500 RAM | 1 TB SSD Hard Drive",A71KPPA,167172.0,169934.0,"HP 215 39.6 cm (15.6) Laptop Backpack worth ₹ 1,785",https://www.hp.com/in-en/shop/hp-elitebook-1040-14-inch-g11-notebook-pc-a71kppa.html,Intel® Core™ Ultra 7 processor,Windows 11 Pro,"35.6 cm (14) diagonal, WUXGA display",Intel® Arc™ Graphics,16 GB LPDDR5x-7500 RAM,1 TB SSD Hard Drive,No,hp 215 39.6 cm (15.6) laptop backpack ,16.0,1,SSD,256,3435.0,Intel,i5,Premium,Integrated,Premium,1,0,False,55.6665,"Mouse, MS Office",Lenovo
"HP OMEN Gaming Laptop 16, Black, Core 7 - 240H (10C), RTX 5070 8GB, 16 GB",0.0,Bold performance without the burnout,"Intel® Core™ 7 240H (10C) processor | Windows 11 Home | 40.6 cm (16) diagonal, 2K, IPS, anti-glare, Low Blue Light, 165 Hz, 400 nits display | NVIDIA® GeForce RTX™ 5070 8GB | 16 GB DDR5 RAM | 1 TB SSD Hard Drive",BP3Y8PA,156852.0,170865.0,Microsoft Office Home 2024 Lifetime Subscription worth ₹9199.00 | Microsoft Xbox Game Pass 3 month,https://www.hp.com/in-en/shop/hp-omen-gaming-laptop-16-am0084tx-bp3y8pa.html,Intel® Core™ 7 240H (10C) processor,Windows 11 Home,"40.6 cm (16) diagonal, 2K, IPS, anti-glare, Low Blue Light, 165 Hz, 400 nits display",Integrated,16 GB DDR5 RAM,1 TB SSD Hard Drive,Microsoft Xbox Game Pass 3 month,none,8.0,1,SSD,512,18866.0,AMD,Ryzen 5,Premium,Integrated,Premium,0,0,False,34.0,"Backpack, Mouse, MS Office",Lenovo
"HP OMEN MAX 40.6 cm (16) Gaming Laptop 16-ah0152TX, Black",0.0,Maximize gaming power with the OMEN range featuring a large display for the most immersive gaming experience.,"Intel® Core™ Ultra 7 processor | Windows 11 Home | 40.6 cm (16) diagonal, 2K (1920 x 1200) Antiglare Low Blue Light 400 nits [A4NT5AV], 60-165 Hz, 3 ms response time, IPS | NVIDIA® GeForce RTX™ 5080 (16 GB) | 64 GB DDR5-5600 RAM | 1 TB SSD Hard Drive",BQ6N9PA,284974.0,314751.0,,https://www.hp.com/in-en/shop/omen-max-gaming-laptop-16-ah0152tx-bq6n9pa.html,Intel® Core™ Ultra 7 processor,Windows 11 Home,"40.6 cm (16) diagonal, 2K (1920 x 1200) Antiglare Low Blue Light 400 nits [A4NT5AV], 60-165 Hz, 3 ms response time, IPS",Integrated,64 GB DDR5-5600 RAM,1 TB SSD Hard Drive,No,none,16.0,1,SSD,512,34752.0,Intel,i7,Premium,Integrated,Premium,1,0,False,130.0,"Mouse, MS Office",Lenovo
"HP OMEN Gaming Laptop 16, Black, Core 7 - 240H (10C), RTX 5060 8GB, 16 GB",0.0,Bold performance without the burnout,"Intel® Core™ 7 240H (10C) processor | Windows 11 Home | 40.6 cm (16) diagonal, 2K, IPS, anti-glare, Low Blue Light, 165 Hz, 400 nits display | NVIDIA® GeForce RTX™ 5060 8GB | 16 GB DDR5 RAM | 1 TB SSD Hard Drive",BP3Y6PA,136813.0,154003.0,Microsoft Office Home 2024 Lifetime Subscription worth ₹9199.00 | Microsoft Xbox Game Pass 3 month,https://www.hp.com/in-en/shop/hp-omen-gaming-laptop-16-am0078tx-bp3y6pa.html,Intel® Core™ 7 240H (10C) processor,Windows 11 Home,"40.6 cm (16) diagonal, 2K, IPS, anti-glare, Low Blue Light, 165 Hz, 400 nits display",Integrated,16 GB DDR5 RAM,1 TB SSD Hard Drive,Microsoft Xbox Game Pass 3 month,none,32.0,1,SSD,256,17004.0,AMD,Ryzen 7,Premium,Integrated,Premium,1,1,False,34.0,"Backpack, Mouse, MS Office",Lenovo
"OMEN MAX Gaming Laptop 16, Black, Ultra 9 - 275HX (24C), RTX 5090 24GB, 64 GB DDR5",0.0,Built to break limits,"Intel® Core™ Ultra 9 275HX processor | Windows 11 Home | 40.6 cm (16) diagonal WQXGA OLED display,240 Hz, 0.2 ms response time, | NVIDIA® GeForce RTX™ 5090 24GB | 64 GB DDR5-5600 MT/s (2 x 16 GB) RAM | 2TB SSD Hard Drive",C27DWPA,401434.0,449646.0,,https://www.hp.com/in-en/shop/omen-max-gaming-laptop-16-ah0217tx-c27dwpa.html,Intel® Core™ Ultra 9 275HX processor,Windows 11 Home,"40.6 cm (16) diagonal WQXGA OLED display,240 Hz, 0.2 ms response time,",Integrated,64 GB DDR5-5600 MT/s (2 x 16 GB) RAM,2TB SSD Hard Drive,No,none,8.0,2,SSD,256,49647.0,Intel,i5,Premium,Integrated,Premium,1,0,False,132.0,Mouse,Lenovo
"HP EliteBook 840 35.6 cm (14) G11 Notebook PC, Silver",3.7143,The enterprise notebook that’s anything but ordinary,Intel® Core™ Ultra 7 processor | Windows 11 Pro | 35.6 cm (14) diagonal WUXGA display | Intel® Arc™ Graphics | 32 GB DDR5-5600 RAM | 1 TB SSD Hard Drive,B86BDPT,134196.0,164228.0,"HP 215 39.6 cm (15.6) Laptop Backpack worth ₹ 1,785",https://www.hp.com/in-en/shop/hp-elitebook-840-14-inch-g11-notebook-pc-b86bdpt.html,Intel® Core™ Ultra 7 processor,Windows 11 Pro,35.6 cm (14) diagonal WUXGA display,Intel® Arc™ Graphics,32 GB DDR5-5600 RAM,1 TB SSD Hard Drive,No,hp 215 39.6 cm (15.6) laptop backpack ,8.0,1,SSD,256,25229.0,AMD,Ryzen 5,Premium,Integrated,Premium,0,1,False,84.5715,"Mouse, MS Office",Lenovo
"HP Laptop 35.6 cm 14-ep1130TU, Silver",3.6667,Powerfully and responsibly made to get things done everyday,Intel® Core™ Ultra 7 155H processor | Windows 11 Home | 35.6 cm (14) diagonal FHD display | Intel® Arc™ Graphics | 32 GB DDR5-5600 MT/s RAM | 1TB SSD Hard Drive,C0YN6PA,86290.0,101261.0,HP X Entry Backpack worth  ₹1999.00 | Microsoft Office Home 2024 Lifetime Subscription worth ₹9199.00,https://www.hp.com/in-en/shop/hp-laptop-14-ep1130tu-c0yn6pa.html,Intel® Core™ Ultra 7 155H processor,Windows 11 Home,35.6 cm (14) diagonal FHD display,Intel® Arc™ Graphics,32 GB DDR5-5600 MT/s RAM,1TB SSD Hard Drive,Microsoft Office Home 2024 Lifetime Subscription worth ₹9199.00,hp x entry backpack ,16.0,1,SSD,512,11262.0,Intel,i7,Premium,Integrated,Premium,0,0,True,84.3335,"Backpack, Mouse, MS Office",Lenovo
