Timestamp,Age Group,Occupation,Which laptop brand are you currently using?,What is your primary use for the laptop?,How satisfied are you with your current laptop performance?,Which feature matters most when buying a laptop?,Are you aware of laptop accessories that improve productivity?,Which accessories do you currently use ?,Which type of offer would encourage you to buy additional products?,What problems do you face with your current laptop?,How often does your laptop slow down while performing tasks?,"If you were to upgrade your laptop, which feature would you prefer to improve?",What RAM size would you prefer in your next laptop?,Which accessories did you buy along with your laptop?,Would you consider upgrading your laptop within the next 1–2 years?,Name,Which accessories would you consider buying with a new laptop?
10-03-2026 21:20,18–22,Student,HP,Studying,Satisfied,Price,Yes,"Laptop Bag, USB Hub, Cooling Pad",Combo bundle (Laptop + Accessories),"No major issues, Low storage space",Sometimes,Battery life,32 GB,"Laptop Bag, Mouse, External Storage",Yes,User_0001,"Wireless Mouse, Cooling Pad"
10-03-2026 15:43,18–22,Student,Lenovo,Studying,Neutral,Processor,Yes,"Wireless Mouse, Laptop Bag, External Hard Drive / SSD",Discount on accessories,"No major issues, Slow performance, Low storage space",Sometimes,Processor performance,16 GB,"Laptop Bag, Mouse, External Storage",Yes,User_0002,"External Storage, Laptop Stand"
10-03-2026 13:41,Above 40,Working Professional,HP,Studying,Neutral,RAM,Yes,"Wireless Mouse, Laptop Bag, Keyboard",Combo bundle (Laptop + Accessories),Overheating issues,Sometimes,Processor performance,64 GB,Mouse,Yes,User_0003,"Laptop Bag, External Storage, Laptop Stand, Cooling Pad"
10-03-2026 17:52,Above 40,Other,Acer,Programming,Satisfied,Graphics,Yes,"Keyboard, External Hard Drive / SSD",Discount on accessories,"Battery drains quickly, Slow performance, Low storage space",Very often,Battery life,32 GB,Mouse,Maybe,User_0004,"Wireless Mouse, Laptop Bag, External Storage"
10-03-2026 11:01,18–22,Student,Lenovo,Office Work,Very satisfied,Storage,Yes,"Wireless Mouse, Laptop Bag",Discount on accessories,Battery drains quickly,Rarely,Storage capacity,64 GB,Laptop Bag,Maybe,User_0005,"Laptop Bag, Cooling Pad"
10-03-2026 09:01,18–22,Student,Apple,Personal use,Very satisfied,Price,Yes,Wireless Mouse,Free accessories,Overheating issues,Sometimes,RAM capacity,32 GB,Mouse,Maybe,User_0006,Cooling Pad
10-03-2026 14:37,18–22,Student,Lenovo,Programming,Very satisfied,Price,Yes,"Wireless Mouse, Laptop Bag, Keyboard, USB Hub",Combo bundle (Laptop + Accessories),Low storage space,Sometimes,Graphics performance,8 GB,Mouse,Yes,User_0007,"Wireless Mouse, Cooling Pad"
10-03-2026 10:25,Above 40,Working Professional,Dell,Office Work,Very satisfied,Processor,Yes,None,Extended warranty,Insufficient RAM,Rarely,Processor performance,32 GB,"Laptop Bag, Mouse, External Storage, Cooling Pad",Maybe,User_0008,"Wireless Mouse, Laptop Bag, Cooling Pad"
10-03-2026 11:54,Above 40,Working Professional,HP,Studying,Unsatisfied,RAM,Yes,"Wireless Mouse, Laptop Bag, External Hard Drive / SSD, Laptop Stand, USB Hub",Extended warranty,"Battery drains quickly, Slow performance, Low storage space",Very often,RAM capacity,32 GB,"Mouse, External Storage",Yes,User_0009,"Wireless Mouse, Laptop Bag, External Storage, Laptop Stand, Cooling Pad"
10-03-2026 18:25,18–22,Business,Lenovo,Office Work,Satisfied,Storage,Yes,"Wireless Mouse, Keyboard",Extended warranty,"Battery drains quickly, Overheating issues, Slow performance",Rarely,Battery life,32 GB,Laptop Bag,No,User_0010,"Wireless Mouse, Laptop Bag, External Storage, Laptop Stand, Cooling Pad"
10-03-2026 18:33,Above 40,Working Professional,HP,Office Work,Very satisfied,Processor,No,"Wireless Mouse, Laptop Bag",Extended warranty,"Battery drains quickly, Overheating issues",Rarely,Storage capacity,64 GB,Laptop Bag,Yes,User_0011,"Wireless Mouse, Laptop Stand"
10-03-2026 13:34,23–30,Working Professional,Lenovo,Office Work,Satisfied,Graphics,Yes,"Wireless Mouse, Laptop Stand",Extended warranty,Overheating issues,Sometimes,Storage capacity,64 GB,"Laptop Bag, Mouse",Yes,User_0012,External Storage
10-03-2026 11:38,18–22,Student,Lenovo,Studying,Satisfied,Storage,Yes,None,Combo bundle (Laptop + Accessories),Insufficient RAM,Very often,Storage capacity,64 GB,"Mouse, Keyboard, External Storage",No,User_0013,Laptop Bag
10-03-2026 13:07,18–22,Student,HP,Office Work,Satisfied,Processor,Yes,"Wireless Mouse, Laptop Bag, External Hard Drive / SSD",Combo bundle (Laptop + Accessories),"Battery drains quickly, Overheating issues",Sometimes,Storage capacity,32 GB,"Laptop Bag, Mouse",Yes,User_0014,"Laptop Bag, Cooling Pad"
10-03-2026 15:05,18–22,Student,Dell,Office Work,Very satisfied,Graphics,Yes,"Keyboard, External Hard Drive / SSD, Laptop Stand",Combo bundle (Laptop + Accessories),"No major issues, Slow performance, Low storage space",Rarely,Storage capacity,64 GB,Keyboard,Maybe,User_0015,Wireless Mouse
10-03-2026 10:29,Less than 18,Working Professional,Lenovo,Studying,Very satisfied,Storage,Yes,Laptop Bag,Extended warranty,"Battery drains quickly, Overheating issues",Sometimes,RAM capacity,32 GB,"Mouse, External Storage",Yes,User_0016,"Laptop Bag, Cooling Pad"
10-03-2026 14:00,23–30,Working Professional,Lenovo,Studying,Neutral,Processor,Yes,"Wireless Mouse, Laptop Bag, USB Hub",Combo bundle (Laptop + Accessories),Overheating issues,Sometimes,Storage capacity,32 GB,"Mouse, Keyboard, External Storage",Maybe,User_0017,"Laptop Bag, Laptop Stand, Cooling Pad"
10-03-2026 15:56,18–22,Student,Dell,Studying,Very satisfied,Processor,Yes,"Wireless Mouse, Laptop Bag",Extended warranty,No major issues,Very often,RAM capacity,64 GB,"Laptop Bag, Mouse, Keyboard, External Storage",Yes,User_0018,"Wireless Mouse, External Storage, Cooling Pad"
10-03-2026 10:19,18–22,Business,Apple,Programming,Neutral,Processor,Yes,Cooling Pad,Combo bundle (Laptop + Accessories),"No major issues, Slow performance",Rarely,Processor performance,32 GB,"Laptop Bag, Mouse, External Storage, Cooling Pad",No,User_0019,"Wireless Mouse, External Storage"
10-03-2026 09:04,23–30,Working Professional,Dell,Personal use,Satisfied,RAM,No,"Wireless Mouse, Laptop Bag, USB Hub",Combo bundle (Laptop + Accessories),"Battery drains quickly, Overheating issues",Never,Battery life,16 GB,"Laptop Bag, Mouse",Maybe,User_0020,"Wireless Mouse, External Storage"
10-03-2026 15:50,18–22,Working Professional,HP,Studying,Neutral,RAM,Yes,"Keyboard, Cooling Pad",Extended warranty,Low storage space,Sometimes,Battery life,16 GB,"Laptop Bag, Mouse",Maybe,User_0021,"Wireless Mouse, Laptop Bag, External Storage, Laptop Stand"
10-03-2026 20:25,Above 40,Working Professional,Lenovo,Office Work,Very satisfied,Processor,No,USB Hub,Extended warranty,Insufficient RAM,Very often,Storage capacity,64 GB,None,Yes,User_0022,"Wireless Mouse, External Storage, Laptop Stand, Cooling Pad"
10-03-2026 10:26,23–30,Working Professional,Lenovo,Studying,Very satisfied,Processor,Yes,"Wireless Mouse, Laptop Bag, Cooling Pad",Extended warranty,"Battery drains quickly, No major issues, Low storage space",Rarely,RAM capacity,64 GB,"Mouse, External Storage",Yes,User_0023,"Wireless Mouse, External Storage"
10-03-2026 14:50,18–22,Student,HP,Studying,Neutral,Graphics,Yes,"Wireless Mouse, Keyboard, External Hard Drive / SSD, Laptop Stand",Combo bundle (Laptop + Accessories),"Battery drains quickly, Overheating issues, Slow performance, Low storage space",Sometimes,RAM capacity,64 GB,"Laptop Bag, Mouse",Yes,User_0024,"Laptop Bag, External Storage, Cooling Pad"
10-03-2026 21:18,18–22,Student,Lenovo,Office Work,Neutral,Price,Yes,"Wireless Mouse, Laptop Bag",Combo bundle (Laptop + Accessories),"Battery drains quickly, Slow performance",Never,Storage capacity,64 GB,"Laptop Bag, Mouse",Yes,User_0025,"Laptop Stand, Cooling Pad"
10-03-2026 12:40,18–22,Student,HP,Office Work,Very satisfied,Price,Yes,"Wireless Mouse, Laptop Bag",Combo bundle (Laptop + Accessories),Low storage space,Rarely,Processor performance,32 GB,"Laptop Bag, Mouse",Yes,User_0026,"Wireless Mouse, Laptop Bag"
10-03-2026 11:51,18–22,Student,HP,Office Work,Very satisfied,Processor,Yes,"Wireless Mouse, Laptop Bag",Discount on accessories,"No major issues, Insufficient RAM",Very often,Processor performance,16 GB,"Laptop Bag, Mouse",Maybe,User_0027,Laptop Stand
10-03-2026 18:15,Less than 18,Student,Asus,Studying,Very satisfied,Graphics,Yes,Laptop Bag,Discount on accessories,"Battery drains quickly, No major issues, Insufficient RAM",Sometimes,RAM capacity,64 GB,Mouse,Yes,User_0028,"Laptop Stand, Cooling Pad"
10-03-2026 15:12,18–22,Other,Lenovo,Multimedia / Entertainment,Neutral,Graphics,Yes,Laptop Bag,Combo bundle (Laptop + Accessories),"No major issues, Slow performance",Sometimes,Processor performance,64 GB,Laptop Bag,Yes,User_0029,"External Storage, Laptop Stand"
10-03-2026 21:33,18–22,Business,HP,Personal use,Satisfied,Graphics,Yes,"Wireless Mouse, Laptop Bag, Keyboard, External Hard Drive / SSD, USB Hub",Combo bundle (Laptop + Accessories),Battery drains quickly,Sometimes,Storage capacity,32 GB,"Laptop Bag, Keyboard, External Storage",Maybe,User_0030,"Wireless Mouse, Laptop Bag, Laptop Stand, Cooling Pad"
10-03-2026 20:41,23–30,Other,Dell,Office Work,Very satisfied,Processor,Yes,"Wireless Mouse, Laptop Bag, Laptop Stand",Combo bundle (Laptop + Accessories),Overheating issues,Rarely,Storage capacity,32 GB,"Laptop Bag, Keyboard, External Storage",Yes,User_0031,"Wireless Mouse, External Storage, Cooling Pad"
10-03-2026 17:50,23–30,Other,Acer,Studying,Neutral,Processor,No,"Wireless Mouse, External Hard Drive / SSD, Laptop Stand, USB Hub",Extended warranty,"Battery drains quickly, No major issues, Low storage space",Sometimes,Battery life,16 GB,"Laptop Bag, Mouse",Maybe,User_0032,Laptop Bag
10-03-2026 21:11,18–22,Student,Dell,Studying,Very satisfied,Processor,Yes,"Wireless Mouse, Laptop Bag",Combo bundle (Laptop + Accessories),"Overheating issues, Insufficient RAM",Rarely,RAM capacity,64 GB,Mouse,Maybe,User_0033,"Wireless Mouse, Laptop Bag, Laptop Stand"
10-03-2026 17:23,18–22,Student,Lenovo,Programming,Very satisfied,Graphics,Yes,Cooling Pad,Combo bundle (Laptop + Accessories),"Low storage space, Insufficient RAM",Rarely,Battery life,64 GB,"Laptop Bag, Mouse",Yes,User_0034,"Wireless Mouse, Laptop Bag, External Storage, Laptop Stand"
10-03-2026 09:37,18–22,Working Professional,Asus,Office Work,Very satisfied,Processor,Yes,"Wireless Mouse, Laptop Bag, External Hard Drive / SSD",Combo bundle (Laptop + Accessories),No major issues,Very often,Processor performance,32 GB,Mouse,No,User_0035,"Wireless Mouse, Laptop Stand"
10-03-2026 12:46,Above 40,Business,Dell,Studying,Neutral,Storage,Yes,"Wireless Mouse, Laptop Stand, USB Hub",Combo bundle (Laptop + Accessories),Overheating issues,Rarely,Battery life,32 GB,Mouse,Yes,User_0036,"Laptop Bag, External Storage, Laptop Stand"
10-03-2026 21:23,Above 40,Other,Lenovo,Studying,Satisfied,Graphics,Yes,None,Combo bundle (Laptop + Accessories),"Battery drains quickly, Slow performance",Rarely,Processor performance,32 GB,"Mouse, Keyboard",Maybe,User_0037,"Wireless Mouse, Laptop Bag, Laptop Stand"
10-03-2026 19:24,18–22,Student,Apple,Studying,Very satisfied,Processor,Yes,"Wireless Mouse, External Hard Drive / SSD, Laptop Stand, USB Hub",Combo bundle (Laptop + Accessories),No major issues,Sometimes,Processor performance,32 GB,Mouse,No,User_0038,"Wireless Mouse, Laptop Bag, External Storage, Laptop Stand"
10-03-2026 15:34,18–22,Other,Lenovo,Multimedia / Entertainment,Satisfied,Storage,Yes,"Wireless Mouse, External Hard Drive / SSD",Combo bundle (Laptop + Accessories),"Slow performance, Low storage space",Rarely,Processor performance,32 GB,Mouse,Yes,User_0039,Wireless Mouse
10-03-2026 19:07,Above 40,Working Professional,Dell,Programming,Very satisfied,Graphics,Yes,"Keyboard, External Hard Drive / SSD",Free accessories,"Overheating issues, No major issues, Slow performance",Very often,Battery life,16 GB,Mouse,Maybe,User_0040,"Wireless Mouse, Cooling Pad"
10-03-2026 14:25,Above 40,Working Professional,Lenovo,Studying,Very satisfied,RAM,Yes,"Wireless Mouse, USB Hub, Cooling Pad",Extended warranty,Battery drains quickly,Rarely,Storage capacity,64 GB,Mouse,Yes,User_0041,"Wireless Mouse, Laptop Bag, External Storage"
10-03-2026 18:35,Above 40,Working Professional,Dell,Studying,Unsatisfied,Price,Yes,"Wireless Mouse, External Hard Drive / SSD, Cooling Pad",Free accessories,"Overheating issues, Insufficient RAM",Sometimes,RAM capacity,32 GB,External Storage,No,User_0042,"External Storage, Laptop Stand"
10-03-2026 11:35,Above 40,Working Professional,HP,Office Work,Satisfied,Processor,No,"Wireless Mouse, Laptop Bag, Keyboard",Combo bundle (Laptop + Accessories),"Overheating issues, No major issues, Slow performance",Sometimes,Battery life,32 GB,"Laptop Bag, Mouse",No,User_0043,"Laptop Bag, Cooling Pad"
10-03-2026 21:48,18–22,Student,Dell,Office Work,Satisfied,RAM,Yes,"Wireless Mouse, Keyboard, Laptop Stand, USB Hub",Combo bundle (Laptop + Accessories),Low storage space,Rarely,Storage capacity,64 GB,"Laptop Bag, Mouse, External Storage",No,User_0044,"Wireless Mouse, Laptop Bag, External Storage, Cooling Pad"
10-03-2026 12:05,Above 40,Working Professional,HP,Programming,Neutral,RAM,Yes,"Wireless Mouse, Laptop Bag, Keyboard, External Hard Drive / SSD",Combo bundle (Laptop + Accessories),No major issues,Never,RAM capacity,32 GB,"Laptop Bag, Mouse",Maybe,User_0045,"Wireless Mouse, External Storage, Laptop Stand"
10-03-2026 11:17,18–22,Student,Asus,Office Work,Neutral,Storage,Yes,"Wireless Mouse, Keyboard",Discount on accessories,"Overheating issues, Insufficient RAM",Never,Processor performance,32 GB,Cooling Pad,Yes,User_0046,"Wireless Mouse, Laptop Bag, External Storage, Cooling Pad"
10-03-2026 16:14,18–22,Student,Apple,Studying,Satisfied,Processor,Yes,"Wireless Mouse, Keyboard",Combo bundle (Laptop + Accessories),Slow performance,Sometimes,Battery life,64 GB,External Storage,Maybe,User_0047,"Wireless Mouse, Laptop Bag, Laptop Stand"
10-03-2026 13:52,18–22,Student,Dell,Multimedia / Entertainment,Very satisfied,Processor,Yes,"Wireless Mouse, Keyboard, Laptop Stand",Extended warranty,Battery drains quickly,Never,Battery life,32 GB,"Laptop Bag, Mouse, External Storage",Maybe,User_0048,Laptop Stand
10-03-2026 20:00,18–22,Student,Lenovo,Studying,Satisfied,RAM,Yes,"Laptop Bag, Keyboard",Free accessories,Overheating issues,Sometimes,Processor performance,8 GB,Laptop Bag,Yes,User_0049,"Wireless Mouse, Cooling Pad"
10-03-2026 20:26,Above 40,Business,Apple,Office Work,Very satisfied,RAM,Yes,"Laptop Bag, Keyboard",Combo bundle (Laptop + Accessories),"No major issues, Slow performance",Rarely,Battery life,16 GB,None,Maybe,User_0050,Cooling Pad
10-03-2026 21:12,Less than 18,Working Professional,HP,Studying,Very satisfied,Price,Yes,Wireless Mouse,Extended warranty,Battery drains quickly,Rarely,Storage capacity,64 GB,Laptop Bag,Maybe,User_0051,"Wireless Mouse, External Storage"
10-03-2026 17:33,Above 40,Working Professional,Dell,Office Work,Very satisfied,Price,Yes,"Wireless Mouse, Laptop Bag, Keyboard, Cooling Pad",Extended warranty,"Battery drains quickly, Overheating issues, No major issues, Slow performance",Sometimes,Storage capacity,32 GB,"Mouse, Keyboard, Cooling Pad",Maybe,User_0052,"Wireless Mouse, External Storage, Laptop Stand"
10-03-2026 18:37,18–22,Student,HP,Programming,Very satisfied,Processor,Yes,"Laptop Bag, Keyboard, External Hard Drive / SSD",Combo bundle (Laptop + Accessories),"Battery drains quickly, Slow performance",Rarely,Storage capacity,16 GB,"Laptop Bag, External Storage",Maybe,User_0053,"Wireless Mouse, Cooling Pad"
10-03-2026 12:48,Above 40,Working Professional,Lenovo,Multimedia / Entertainment,Very satisfied,RAM,Yes,"External Hard Drive / SSD, Laptop Stand, Cooling Pad",Combo bundle (Laptop + Accessories),"No major issues, Low storage space, Insufficient RAM",Sometimes,Processor performance,32 GB,Mouse,Yes,User_0054,"Laptop Bag, Cooling Pad"
10-03-2026 10:31,18–22,Student,Dell,Personal use,Very satisfied,Graphics,Yes,"Wireless Mouse, Laptop Bag",Extended warranty,Low storage space,Sometimes,Processor performance,16 GB,"Laptop Bag, Mouse, Keyboard",Yes,User_0055,"External Storage, Laptop Stand"
10-03-2026 10:09,23–30,Student,Lenovo,Studying,Very satisfied,Storage,Yes,"Wireless Mouse, External Hard Drive / SSD",Combo bundle (Laptop + Accessories),"Battery drains quickly, Slow performance",Never,Processor performance,32 GB,"Keyboard, External Storage",No,User_0056,"Wireless Mouse, Laptop Bag, External Storage"
10-03-2026 16:11,Above 40,Student,Lenovo,Studying,Neutral,Storage,Yes,"Laptop Bag, Laptop Stand",Combo bundle (Laptop + Accessories),"No major issues, Low storage space",Sometimes,Storage capacity,32 GB,"Laptop Bag, Mouse, External Storage",Maybe,User_0057,"Wireless Mouse, External Storage"
10-03-2026 19:54,18–22,Working Professional,HP,Office Work,Satisfied,Processor,Yes,"Wireless Mouse, Laptop Bag, Cooling Pad",Extended warranty,Slow performance,Sometimes,Processor performance,32 GB,"Mouse, Keyboard, External Storage",Maybe,User_0058,Laptop Stand
10-03-2026 12:15,18–22,Student,HP,Studying,Satisfied,RAM,Yes,"Keyboard, External Hard Drive / SSD",Combo bundle (Laptop + Accessories),Battery drains quickly,Never,Processor performance,16 GB,"Keyboard, External Storage",Yes,User_0059,"Wireless Mouse, Laptop Bag, External Storage, Laptop Stand"
10-03-2026 18:37,18–22,Student,HP,Programming,Satisfied,Graphics,Yes,Laptop Bag,Discount on accessories,"Battery drains quickly, Slow performance, Insufficient RAM",Sometimes,Battery life,32 GB,"Laptop Bag, Mouse, External Storage",Maybe,User_0060,"Laptop Stand, Cooling Pad"
10-03-2026 11:10,18–22,Student,Apple,Programming,Very satisfied,Processor,Yes,"Wireless Mouse, Laptop Bag, Keyboard",Extended warranty,No major issues,Never,Battery life,32 GB,None,Yes,User_0061,"Wireless Mouse, Laptop Bag"
10-03-2026 14:21,18–22,Working Professional,HP,Studying,Very satisfied,Processor,Yes,"Wireless Mouse, Keyboard, Laptop Stand",Combo bundle (Laptop + Accessories),"Overheating issues, No major issues, Slow performance, Low storage space, Insufficient RAM",Sometimes,Storage capacity,32 GB,"Laptop Bag, Mouse, Cooling Pad",Maybe,User_0062,"Wireless Mouse, Laptop Bag"
10-03-2026 09:39,23–30,Working Professional,Lenovo,Studying,Neutral,RAM,Yes,"Wireless Mouse, Laptop Stand, Cooling Pad",Combo bundle (Laptop + Accessories),"Battery drains quickly, Slow performance",Sometimes,Processor performance,64 GB,"Mouse, Keyboard",Maybe,User_0063,"Laptop Bag, Laptop Stand"
10-03-2026 20:02,Above 40,Other,Dell,Studying,Neutral,Processor,Yes,"Wireless Mouse, Laptop Bag, Cooling Pad",Combo bundle (Laptop + Accessories),Overheating issues,Sometimes,Processor performance,32 GB,Keyboard,Maybe,User_0064,"Laptop Bag, Laptop Stand, Cooling Pad"
10-03-2026 10:55,18–22,Student,HP,Office Work,Satisfied,RAM,No,"Wireless Mouse, Laptop Bag, Keyboard, External Hard Drive / SSD",Combo bundle (Laptop + Accessories),Insufficient RAM,Sometimes,Graphics performance,64 GB,"Keyboard, External Storage",No,User_0065,"Wireless Mouse, Laptop Bag, External Storage, Laptop Stand"
10-03-2026 20:36,18–22,Student,Lenovo,Office Work,Unsatisfied,Storage,Yes,"Wireless Mouse, Laptop Bag, Keyboard",Extended warranty,"Battery drains quickly, Overheating issues",Sometimes,Battery life,32 GB,"Laptop Bag, External Storage",No,User_0066,"Wireless Mouse, External Storage"
10-03-2026 11:36,18–22,Student,Dell,Studying,Neutral,RAM,No,"Wireless Mouse, USB Hub",Extended warranty,"Battery drains quickly, Slow performance",Rarely,Processor performance,32 GB,"Laptop Bag, Mouse",Maybe,User_0067,"Wireless Mouse, External Storage"
10-03-2026 12:06,18–22,Student,Asus,Studying,Satisfied,Price,Yes,Keyboard,Free accessories,Battery drains quickly,Sometimes,Battery life,16 GB,"Laptop Bag, Mouse, External Storage",Maybe,User_0068,"Laptop Bag, External Storage"
10-03-2026 13:08,18–22,Working Professional,Dell,Programming,Very satisfied,Processor,Yes,"Wireless Mouse, Laptop Bag, Keyboard, External Hard Drive / SSD, USB Hub",Free accessories,"Battery drains quickly, Low storage space",Never,RAM capacity,64 GB,"Laptop Bag, Mouse",Maybe,User_0069,"Laptop Bag, Laptop Stand"
10-03-2026 13:18,Above 40,Student,HP,Office Work,Satisfied,Graphics,Yes,"Wireless Mouse, External Hard Drive / SSD",Discount on accessories,Slow performance,Rarely,Battery life,64 GB,"Mouse, Cooling Pad",Maybe,User_0070,"Wireless Mouse, Laptop Bag, Laptop Stand"
10-03-2026 21:27,18–22,Student,HP,Studying,Satisfied,Price,Yes,Cooling Pad,Extended warranty,Low storage space,Rarely,RAM capacity,8 GB,Cooling Pad,Maybe,User_0071,"Laptop Bag, External Storage"
10-03-2026 11:43,18–22,Student,HP,Programming,Satisfied,Storage,Yes,Laptop Bag,Combo bundle (Laptop + Accessories),"Battery drains quickly, No major issues, Insufficient RAM",Rarely,Battery life,32 GB,"Laptop Bag, Mouse",Maybe,User_0072,"Wireless Mouse, External Storage"
10-03-2026 14:16,Above 40,Working Professional,Asus,Studying,Very satisfied,Price,Yes,"Wireless Mouse, USB Hub",Extended warranty,"Battery drains quickly, Slow performance",Sometimes,Storage capacity,64 GB,None,No,User_0073,Cooling Pad
10-03-2026 21:40,18–22,Student,Asus,Office Work,Very satisfied,Processor,Yes,"Wireless Mouse, Keyboard",Discount on accessories,Battery drains quickly,Sometimes,Graphics performance,32 GB,Mouse,Yes,User_0074,External Storage
10-03-2026 17:10,18–22,Other,HP,Office Work,Satisfied,RAM,Yes,Cooling Pad,Combo bundle (Laptop + Accessories),No major issues,Never,Storage capacity,64 GB,Mouse,No,User_0075,"Wireless Mouse, Laptop Bag, External Storage, Cooling Pad"
10-03-2026 19:33,Above 40,Working Professional,Dell,Studying,Neutral,Graphics,Yes,"Keyboard, External Hard Drive / SSD",Extended warranty,No major issues,Sometimes,Storage capacity,64 GB,Laptop Bag,No,User_0076,"Wireless Mouse, External Storage"
10-03-2026 11:19,18–22,Student,HP,Studying,Satisfied,Storage,Yes,"Wireless Mouse, Keyboard",Discount on accessories,Overheating issues,Sometimes,RAM capacity,64 GB,Laptop Bag,Maybe,User_0077,"Wireless Mouse, Laptop Bag, Cooling Pad"
10-03-2026 10:51,Above 40,Working Professional,HP,Studying,Satisfied,Storage,Yes,"Wireless Mouse, Laptop Bag, Keyboard, USB Hub",Combo bundle (Laptop + Accessories),Low storage space,Sometimes,Battery life,64 GB,"Laptop Bag, Keyboard",Yes,User_0078,"Laptop Bag, External Storage, Laptop Stand, Cooling Pad"
10-03-2026 14:50,Above 40,Student,Dell,Programming,Neutral,Storage,Yes,"Wireless Mouse, External Hard Drive / SSD",Free accessories,Low storage space,Rarely,Processor performance,32 GB,Keyboard,Yes,User_0079,External Storage
10-03-2026 16:14,23–30,Student,Dell,Office Work,Neutral,RAM,Yes,"Laptop Bag, External Hard Drive / SSD",Discount on accessories,Slow performance,Never,RAM capacity,64 GB,"Laptop Bag, Keyboard",Maybe,User_0080,Wireless Mouse
10-03-2026 14:39,18–22,Student,HP,Programming,Very satisfied,Storage,Yes,"Laptop Bag, Keyboard",Combo bundle (Laptop + Accessories),Low storage space,Sometimes,RAM capacity,64 GB,"Laptop Bag, Mouse",Yes,User_0081,"Wireless Mouse, External Storage, Laptop Stand"
10-03-2026 12:32,18–22,Student,Dell,Office Work,Very satisfied,Processor,Yes,"Laptop Bag, Keyboard, Cooling Pad",Extended warranty,"Battery drains quickly, No major issues",Sometimes,Battery life,64 GB,"Laptop Bag, Mouse",Maybe,User_0082,"External Storage, Laptop Stand"
10-03-2026 12:34,18–22,Student,Dell,Studying,Satisfied,Graphics,Yes,None,Free accessories,"Battery drains quickly, Overheating issues",Rarely,RAM capacity,32 GB,"Laptop Bag, Mouse",No,User_0083,"Wireless Mouse, External Storage"
10-03-2026 11:51,18–22,Student,Dell,Programming,Very satisfied,Processor,Yes,Laptop Bag,Combo bundle (Laptop + Accessories),"Battery drains quickly, Slow performance",Sometimes,Processor performance,64 GB,"Laptop Bag, Cooling Pad",No,User_0084,External Storage
10-03-2026 16:50,Above 40,Working Professional,Dell,Office Work,Satisfied,Price,Yes,External Hard Drive / SSD,Extended warranty,Slow performance,Rarely,Storage capacity,32 GB,"Laptop Bag, Cooling Pad",Yes,User_0085,"Wireless Mouse, External Storage, Laptop Stand"
10-03-2026 20:20,Above 40,Student,Dell,Office Work,Neutral,Storage,Yes,"Wireless Mouse, Cooling Pad",Discount on accessories,Overheating issues,Sometimes,Processor performance,64 GB,Mouse,Maybe,User_0086,"Laptop Bag, External Storage, Laptop Stand, Cooling Pad"
10-03-2026 12:46,18–22,Student,Lenovo,Office Work,Very satisfied,Price,Yes,Laptop Bag,Combo bundle (Laptop + Accessories),"No major issues, Slow performance",Sometimes,Processor performance,64 GB,None,No,User_0087,"Laptop Bag, Laptop Stand, Cooling Pad"
10-03-2026 09:52,Above 40,Working Professional,HP,Studying,Satisfied,RAM,Yes,"Wireless Mouse, Keyboard, USB Hub",Combo bundle (Laptop + Accessories),Insufficient RAM,Rarely,RAM capacity,16 GB,None,Maybe,User_0088,"Wireless Mouse, Laptop Stand, Cooling Pad"
10-03-2026 10:31,Above 40,Student,HP,Office Work,Satisfied,RAM,Yes,Wireless Mouse,Combo bundle (Laptop + Accessories),Overheating issues,Sometimes,Processor performance,64 GB,Mouse,Maybe,User_0089,"Wireless Mouse, Laptop Bag, External Storage, Cooling Pad"
10-03-2026 12:16,Above 40,Working Professional,HP,Studying,Very satisfied,Processor,Yes,"Wireless Mouse, Laptop Bag, Keyboard, External Hard Drive / SSD",Discount on accessories,No major issues,Rarely,Processor performance,32 GB,None,Maybe,User_0090,"Wireless Mouse, Laptop Bag, External Storage, Cooling Pad"
10-03-2026 11:29,Above 40,Working Professional,HP,Office Work,Neutral,Storage,Yes,Keyboard,Discount on accessories,"No major issues, Slow performance",Sometimes,Storage capacity,16 GB,None,Maybe,User_0091,"Laptop Bag, Laptop Stand"
10-03-2026 19:19,Above 40,Working Professional,Acer,Multimedia / Entertainment,Neutral,RAM,Yes,"Wireless Mouse, Keyboard",Combo bundle (Laptop + Accessories),"Battery drains quickly, Overheating issues, No major issues, Slow performance, Low storage space",Rarely,Battery life,64 GB,"Laptop Bag, Mouse",Yes,User_0092,"Wireless Mouse, Cooling Pad"
10-03-2026 19:45,Above 40,Working Professional,Lenovo,Office Work,Very satisfied,Storage,Yes,Wireless Mouse,Combo bundle (Laptop + Accessories),"Overheating issues, Low storage space",Very often,Processor performance,32 GB,"External Storage, Cooling Pad",Maybe,User_0093,"Wireless Mouse, External Storage, Cooling Pad"
10-03-2026 12:29,18–22,Student,Asus,Office Work,Neutral,Price,Yes,"Keyboard, Laptop Stand",Combo bundle (Laptop + Accessories),"Battery drains quickly, Slow performance",Rarely,Graphics performance,32 GB,"Laptop Bag, External Storage",Yes,User_0094,Laptop Stand
10-03-2026 09:41,18–22,Student,Asus,Studying,Satisfied,Processor,Yes,"Wireless Mouse, Laptop Bag, Keyboard, External Hard Drive / SSD, Laptop Stand, USB Hub",Extended warranty,No major issues,Sometimes,Processor performance,64 GB,"Laptop Bag, Keyboard, External Storage",Yes,User_0095,"Wireless Mouse, External Storage, Laptop Stand"
10-03-2026 13:37,Above 40,Student,Dell,Studying,Satisfied,Processor,Yes,Laptop Bag,Combo bundle (Laptop + Accessories),"Battery drains quickly, Insufficient RAM",Sometimes,RAM capacity,32 GB,Mouse,Maybe,User_0096,"External Storage, Cooling Pad"
10-03-2026 21:16,Above 40,Working Professional,Dell,Office Work,Very satisfied,Storage,No,"Wireless Mouse, USB Hub",Combo bundle (Laptop + Accessories),Insufficient RAM,Sometimes,Battery life,16 GB,"Laptop Bag, Mouse",Yes,User_0097,"Laptop Bag, External Storage, Cooling Pad"
10-03-2026 10:48,18–22,Student,Lenovo,Programming,Satisfied,Storage,Yes,"Wireless Mouse, Laptop Bag, External Hard Drive / SSD",Free accessories,Slow performance,Rarely,Graphics performance,32 GB,"Laptop Bag, Keyboard, External Storage",Yes,User_0098,Wireless Mouse
10-03-2026 12:08,18–22,Student,Dell,Studying,Satisfied,Storage,Yes,"Wireless Mouse, Keyboard, USB Hub",Discount on accessories,"Battery drains quickly, No major issues",Rarely,Graphics performance,64 GB,"Laptop Bag, Mouse",Yes,User_0099,"Wireless Mouse, Laptop Bag"
10-03-2026 14:27,18–22,Student,Acer,Multimedia / Entertainment,Neutral,RAM,Yes,"Wireless Mouse, Keyboard",Combo bundle (Laptop + Accessories),"Battery drains quickly, Overheating issues, Slow performance",Very often,Processor performance,64 GB,"Mouse, Keyboard, External Storage",Yes,User_0100,"Laptop Bag, Laptop Stand"
10-03-2026 18:18,Above 40,Working Professional,Asus,Programming,Very satisfied,Processor,Yes,"Wireless Mouse, Keyboard",Combo bundle (Laptop + Accessories),"Overheating issues, No major issues, Slow performance",Never,Processor performance,32 GB,"Laptop Bag, Mouse",Yes,User_0101,"Wireless Mouse, Laptop Bag, Cooling Pad"
10-03-2026 20:34,Above 40,Working Professional,Lenovo,Office Work,Neutral,Storage,Yes,"Wireless Mouse, External Hard Drive / SSD, Cooling Pad",Free accessories,"Battery drains quickly, Overheating issues, Low storage space",Rarely,Processor performance,64 GB,"Laptop Bag, Mouse",Yes,User_0102,"Laptop Bag, External Storage, Laptop Stand, Cooling Pad"
10-03-2026 09:56,Above 40,Working Professional,Lenovo,Studying,Neutral,Price,Yes,"Wireless Mouse, Laptop Bag, Laptop Stand, USB Hub",Extended warranty,Overheating issues,Sometimes,Battery life,16 GB,"Laptop Bag, Cooling Pad",Maybe,User_0103,"Wireless Mouse, Laptop Bag"
10-03-2026 11:42,23–30,Working Professional,HP,Office Work,Very satisfied,Processor,Yes,"Laptop Bag, Keyboard",Extended warranty,"No major issues, Slow performance",Sometimes,Storage capacity,64 GB,"Laptop Bag, Mouse, External Storage",No,User_0104,"Wireless Mouse, Laptop Bag, Laptop Stand"
10-03-2026 18:37,18–22,Student,Lenovo,Office Work,Satisfied,RAM,Yes,Wireless Mouse,Combo bundle (Laptop + Accessories),No major issues,Rarely,Storage capacity,32 GB,"Mouse, Keyboard, External Storage",Maybe,User_0105,"Wireless Mouse, Laptop Bag, External Storage"
10-03-2026 10:48,Above 40,Working Professional,HP,Studying,Satisfied,Graphics,Yes,"Wireless Mouse, External Hard Drive / SSD",Extended warranty,Slow performance,Sometimes,Processor performance,16 GB,Mouse,Yes,User_0106,"Laptop Bag, External Storage, Laptop Stand"
10-03-2026 19:46,23–30,Working Professional,HP,Office Work,Satisfied,Storage,Yes,"Wireless Mouse, Laptop Bag, Laptop Stand",Combo bundle (Laptop + Accessories),"Battery drains quickly, Overheating issues, No major issues, Insufficient RAM",Sometimes,Processor performance,64 GB,Mouse,No,User_0107,External Storage
10-03-2026 15:51,18–22,Student,Lenovo,Office Work,Satisfied,Storage,Yes,Wireless Mouse,Combo bundle (Laptop + Accessories),"Battery drains quickly, Overheating issues, No major issues, Slow performance",Never,Processor performance,32 GB,"Laptop Bag, Mouse, Cooling Pad",Yes,User_0108,"Laptop Bag, External Storage, Cooling Pad"
10-03-2026 13:30,18–22,Student,HP,Office Work,Very satisfied,Storage,Yes,"Wireless Mouse, External Hard Drive / SSD",Extended warranty,"Overheating issues, Slow performance",Sometimes,Processor performance,32 GB,"Laptop Bag, Keyboard, External Storage",Maybe,User_0109,Laptop Bag
10-03-2026 17:31,23–30,Working Professional,HP,Office Work,Satisfied,RAM,Yes,"Wireless Mouse, Laptop Bag, Keyboard, USB Hub",Combo bundle (Laptop + Accessories),"Low storage space, Insufficient RAM",Sometimes,Processor performance,32 GB,"Laptop Bag, Keyboard",No,User_0110,Wireless Mouse
10-03-2026 10:57,18–22,Student,Lenovo,Studying,Very satisfied,Processor,Yes,None,Combo bundle (Laptop + Accessories),"Battery drains quickly, Overheating issues, Insufficient RAM",Rarely,Battery life,32 GB,"Laptop Bag, Mouse, Keyboard, External Storage",No,User_0111,"Laptop Bag, External Storage"
10-03-2026 09:27,18–22,Student,HP,Studying,Very satisfied,Price,No,"Wireless Mouse, Laptop Bag, Keyboard",Combo bundle (Laptop + Accessories),"Battery drains quickly, Overheating issues, No major issues, Slow performance",Rarely,Storage capacity,8 GB,None,Maybe,User_0112,"Laptop Bag, External Storage, Cooling Pad"
10-03-2026 17:38,Above 40,Working Professional,Acer,Office Work,Very satisfied,RAM,Yes,"Wireless Mouse, Laptop Bag, Cooling Pad",Free accessories,"Battery drains quickly, Low storage space, Insufficient RAM",Sometimes,RAM capacity,32 GB,"Laptop Bag, External Storage",Maybe,User_0113,"Wireless Mouse, Laptop Bag"
10-03-2026 21:03,Above 40,Working Professional,HP,Office Work,Very satisfied,Processor,No,"Wireless Mouse, Laptop Bag, Keyboard",Combo bundle (Laptop + Accessories),Insufficient RAM,Rarely,Graphics performance,64 GB,"Laptop Bag, Mouse, External Storage",No,User_0114,"Wireless Mouse, Laptop Bag, External Storage, Laptop Stand"
10-03-2026 14:51,18–22,Student,Lenovo,Office Work,Satisfied,RAM,Yes,"Wireless Mouse, Laptop Bag, Keyboard, Laptop Stand",Combo bundle (Laptop + Accessories),"Overheating issues, Insufficient RAM",Sometimes,Processor performance,64 GB,"Laptop Bag, Mouse",Yes,User_0115,"Wireless Mouse, Cooling Pad"
10-03-2026 17:03,Above 40,Working Professional,HP,Studying,Neutral,Graphics,Yes,"Wireless Mouse, Laptop Bag",Extended warranty,Low storage space,Sometimes,Storage capacity,32 GB,"Laptop Bag, Keyboard, External Storage",Yes,User_0116,"Wireless Mouse, Laptop Bag, External Storage, Laptop Stand, Cooling Pad"
10-03-2026 20:58,Above 40,Student,HP,Office Work,Satisfied,Processor,Yes,"Wireless Mouse, Laptop Bag, USB Hub",Discount on accessories,"Battery drains quickly, No major issues, Low storage space",Never,Storage capacity,64 GB,Cooling Pad,Yes,User_0117,"Laptop Bag, Laptop Stand"
10-03-2026 16:54,Above 40,Business,HP,Office Work,Satisfied,Processor,Yes,"Wireless Mouse, Keyboard, External Hard Drive / SSD, Laptop Stand",Discount on accessories,Battery drains quickly,Sometimes,Processor performance,64 GB,"Laptop Bag, Mouse, Keyboard",Maybe,User_0118,"Laptop Bag, External Storage, Cooling Pad"
10-03-2026 19:31,18–22,Student,Lenovo,Office Work,Satisfied,Processor,Yes,Wireless Mouse,Combo bundle (Laptop + Accessories),Battery drains quickly,Sometimes,Processor performance,64 GB,Keyboard,Yes,User_0119,"Wireless Mouse, Laptop Bag, Laptop Stand"
10-03-2026 19:32,18–22,Student,Dell,Programming,Neutral,Processor,Yes,"Wireless Mouse, Laptop Bag, Cooling Pad",Extended warranty,"Battery drains quickly, Overheating issues, No major issues",Very often,Processor performance,64 GB,Mouse,Maybe,User_0120,"Wireless Mouse, Laptop Bag, Cooling Pad"
10-03-2026 12:26,Above 40,Working Professional,HP,Office Work,Very satisfied,Price,Yes,"Wireless Mouse, Laptop Bag, Keyboard",Combo bundle (Laptop + Accessories),"Battery drains quickly, No major issues, Low storage space",Very often,Processor performance,32 GB,Laptop Bag,No,User_0121,"Wireless Mouse, Laptop Bag"
10-03-2026 11:08,Above 40,Working Professional,Lenovo,Studying,Satisfied,Processor,Yes,"Wireless Mouse, USB Hub, Cooling Pad",Combo bundle (Laptop + Accessories),"Overheating issues, No major issues, Insufficient RAM",Rarely,RAM capacity,16 GB,"Mouse, Keyboard",Maybe,User_0122,Wireless Mouse
10-03-2026 17:29,18–22,Other,HP,Studying,Satisfied,Price,Yes,Laptop Bag,Free accessories,No major issues,Very often,Battery life,64 GB,External Storage,Yes,User_0123,"Wireless Mouse, Laptop Stand, Cooling Pad"
10-03-2026 16:40,18–22,Student,Lenovo,Programming,Neutral,Price,Yes,"Laptop Bag, Keyboard, External Hard Drive / SSD, USB Hub",Combo bundle (Laptop + Accessories),No major issues,Sometimes,RAM capacity,16 GB,Mouse,Yes,User_0124,"Wireless Mouse, Laptop Stand"
10-03-2026 16:50,Above 40,Student,Asus,Studying,Neutral,Processor,Yes,"Keyboard, Laptop Stand, USB Hub",Extended warranty,No major issues,Rarely,Battery life,32 GB,"Laptop Bag, Cooling Pad",Maybe,User_0125,External Storage
10-03-2026 14:26,18–22,Student,Dell,Office Work,Satisfied,Processor,No,"Wireless Mouse, Keyboard, External Hard Drive / SSD, Laptop Stand",Combo bundle (Laptop + Accessories),Battery drains quickly,Rarely,Processor performance,8 GB,"Laptop Bag, Mouse",Yes,User_0126,"Laptop Bag, Cooling Pad"
10-03-2026 13:38,18–22,Student,HP,Office Work,Unsatisfied,Storage,No,"Wireless Mouse, Laptop Bag, Keyboard, USB Hub",Discount on accessories,"Overheating issues, No major issues, Slow performance",Sometimes,Processor performance,32 GB,"Laptop Bag, Mouse",Yes,User_0127,"Laptop Bag, External Storage, Laptop Stand, Cooling Pad"
10-03-2026 13:42,18–22,Student,Dell,Office Work,Neutral,Price,Yes,Laptop Bag,Extended warranty,"No major issues, Insufficient RAM",Sometimes,Processor performance,16 GB,"Laptop Bag, Keyboard",Yes,User_0128,"Wireless Mouse, Laptop Bag, Laptop Stand, Cooling Pad"
10-03-2026 21:50,Above 40,Student,HP,Studying,Neutral,Processor,Yes,"Wireless Mouse, Laptop Bag, Keyboard, Laptop Stand, Cooling Pad",Combo bundle (Laptop + Accessories),"Overheating issues, Low storage space",Sometimes,Storage capacity,64 GB,Mouse,No,User_0129,"External Storage, Laptop Stand, Cooling Pad"
10-03-2026 15:31,18–22,Student,Dell,Studying,Satisfied,Storage,Yes,"Keyboard, Laptop Stand",Combo bundle (Laptop + Accessories),"Battery drains quickly, Low storage space",Sometimes,Graphics performance,64 GB,Mouse,Yes,User_0130,"Laptop Bag, External Storage"
10-03-2026 10:42,Above 40,Other,HP,Studying,Satisfied,RAM,Yes,"Wireless Mouse, Laptop Stand",Combo bundle (Laptop + Accessories),Insufficient RAM,Sometimes,Battery life,64 GB,"Laptop Bag, Mouse, Keyboard, Cooling Pad",Maybe,User_0131,"External Storage, Laptop Stand, Cooling Pad"
10-03-2026 17:01,23–30,Working Professional,Lenovo,Studying,Neutral,Processor,Yes,"Wireless Mouse, External Hard Drive / SSD, Cooling Pad",Discount on accessories,"Overheating issues, Slow performance, Insufficient RAM",Sometimes,Battery life,32 GB,Mouse,No,User_0132,"Wireless Mouse, Laptop Bag, Laptop Stand"
10-03-2026 11:16,18–22,Working Professional,HP,Office Work,Satisfied,RAM,Yes,Cooling Pad,Extended warranty,"Overheating issues, No major issues",Rarely,Battery life,32 GB,"Laptop Bag, Mouse, Cooling Pad",Yes,User_0133,"Wireless Mouse, External Storage"
10-03-2026 16:33,18–22,Student,Dell,Office Work,Satisfied,Processor,Yes,"Wireless Mouse, Laptop Bag, Keyboard, External Hard Drive / SSD",Extended warranty,Low storage space,Never,Processor performance,64 GB,None,Yes,User_0134,"Laptop Bag, Cooling Pad"
10-03-2026 13:08,18–22,Student,Dell,Studying,Satisfied,Processor,Yes,Wireless Mouse,Extended warranty,"Battery drains quickly, Overheating issues, Slow performance",Rarely,RAM capacity,64 GB,Laptop Bag,Maybe,User_0135,"Wireless Mouse, Laptop Bag"
10-03-2026 13:35,18–22,Student,HP,Programming,Satisfied,Processor,Yes,"Laptop Bag, Keyboard",Extended warranty,"Battery drains quickly, No major issues",Sometimes,RAM capacity,32 GB,"Laptop Bag, Mouse",Yes,User_0136,"Wireless Mouse, Laptop Bag, External Storage, Laptop Stand"
10-03-2026 12:41,18–22,Student,HP,Office Work,Satisfied,Processor,Yes,"Laptop Bag, Keyboard",Combo bundle (Laptop + Accessories),Insufficient RAM,Sometimes,Processor performance,32 GB,None,Yes,User_0137,"Laptop Bag, External Storage, Cooling Pad"
10-03-2026 16:17,18–22,Student,Asus,Office Work,Very satisfied,Processor,Yes,"External Hard Drive / SSD, Laptop Stand",Extended warranty,"Battery drains quickly, Low storage space",Never,Battery life,16 GB,External Storage,Yes,User_0138,"Laptop Stand, Cooling Pad"
10-03-2026 13:22,Above 40,Working Professional,HP,Office Work,Satisfied,Graphics,Yes,"Wireless Mouse, Laptop Bag, USB Hub, Cooling Pad",Combo bundle (Laptop + Accessories),No major issues,Never,Processor performance,16 GB,None,Yes,User_0139,"Wireless Mouse, Cooling Pad"
10-03-2026 11:09,23–30,Working Professional,HP,Personal use,Very satisfied,RAM,No,"Wireless Mouse, Laptop Stand",Combo bundle (Laptop + Accessories),Slow performance,Sometimes,Battery life,64 GB,Mouse,Maybe,User_0140,"Wireless Mouse, Laptop Bag, Laptop Stand, Cooling Pad"
10-03-2026 16:54,18–22,Working Professional,Dell,Office Work,Very satisfied,Processor,Yes,"Laptop Bag, Keyboard",Combo bundle (Laptop + Accessories),Slow performance,Rarely,Battery life,16 GB,"Laptop Bag, External Storage",Maybe,User_0141,"Wireless Mouse, Laptop Bag, Laptop Stand, Cooling Pad"
10-03-2026 21:43,18–22,Student,HP,Studying,Satisfied,Graphics,Yes,"Laptop Bag, Keyboard",Combo bundle (Laptop + Accessories),"Battery drains quickly, No major issues, Slow performance, Low storage space, Insufficient RAM",Never,Processor performance,32 GB,"Mouse, Keyboard, Cooling Pad",Maybe,User_0142,"Laptop Bag, Laptop Stand, Cooling Pad"
10-03-2026 18:26,23–30,Other,Lenovo,Multimedia / Entertainment,Neutral,Storage,Yes,"Wireless Mouse, Keyboard",Free accessories,"Battery drains quickly, No major issues, Slow performance",Sometimes,Battery life,64 GB,Laptop Bag,No,User_0143,"Wireless Mouse, Laptop Stand, Cooling Pad"
10-03-2026 09:26,Above 40,Business,HP,Office Work,Very satisfied,RAM,No,"Wireless Mouse, Laptop Bag, Laptop Stand",Extended warranty,Overheating issues,Rarely,Battery life,32 GB,"Laptop Bag, Mouse",Maybe,User_0144,"External Storage, Cooling Pad"
10-03-2026 19:31,18–22,Student,Dell,Office Work,Very satisfied,Graphics,Yes,Laptop Bag,Combo bundle (Laptop + Accessories),Slow performance,Sometimes,Battery life,16 GB,Mouse,Yes,User_0145,"Laptop Bag, External Storage, Laptop Stand, Cooling Pad"
10-03-2026 10:41,18–22,Student,HP,Personal use,Satisfied,Storage,Yes,"Laptop Bag, USB Hub",Combo bundle (Laptop + Accessories),"No major issues, Low storage space",Sometimes,Processor performance,64 GB,"Mouse, Keyboard",Maybe,User_0146,"Wireless Mouse, Laptop Bag, External Storage, Laptop Stand, Cooling Pad"
10-03-2026 12:23,23–30,Working Professional,Asus,Programming,Satisfied,Processor,Yes,"Wireless Mouse, Laptop Bag",Combo bundle (Laptop + Accessories),"Battery drains quickly, No major issues",Never,Battery life,16 GB,"Laptop Bag, Mouse",Yes,User_0147,Laptop Stand
10-03-2026 19:06,23–30,Working Professional,HP,Office Work,Very satisfied,Storage,Yes,"Wireless Mouse, Laptop Bag, External Hard Drive / SSD, USB Hub",Extended warranty,"Battery drains quickly, No major issues",Never,RAM capacity,32 GB,"Laptop Bag, Mouse",Yes,User_0148,"Laptop Bag, Cooling Pad"
10-03-2026 15:32,18–22,Student,HP,Office Work,Very satisfied,Storage,Yes,"Wireless Mouse, External Hard Drive / SSD",Extended warranty,"Battery drains quickly, Slow performance",Very often,Battery life,32 GB,External Storage,Maybe,User_0149,Cooling Pad
10-03-2026 10:26,18–22,Student,HP,Office Work,Neutral,Storage,Yes,"Wireless Mouse, USB Hub, Cooling Pad",Extended warranty,Slow performance,Rarely,Processor performance,8 GB,"Laptop Bag, Mouse",Maybe,User_0150,"Wireless Mouse, Laptop Bag, External Storage, Cooling Pad"
10-03-2026 16:15,Above 40,Working Professional,Lenovo,Studying,Very satisfied,Price,Yes,"Wireless Mouse, External Hard Drive / SSD, Cooling Pad",Free accessories,No major issues,Rarely,Processor performance,32 GB,"Mouse, Keyboard, External Storage, Cooling Pad",Maybe,User_0151,"Laptop Bag, External Storage"
10-03-2026 16:12,18–22,Student,HP,Office Work,Very satisfied,Storage,Yes,"Laptop Bag, Keyboard, External Hard Drive / SSD, Laptop Stand",Free accessories,"Overheating issues, No major issues",Never,RAM capacity,16 GB,Laptop Bag,Yes,User_0152,"Laptop Bag, Laptop Stand"
10-03-2026 18:12,18–22,Student,HP,Studying,Very satisfied,Storage,No,"Wireless Mouse, Keyboard, External Hard Drive / SSD",Combo bundle (Laptop + Accessories),No major issues,Sometimes,Processor performance,16 GB,"Laptop Bag, Keyboard",Maybe,User_0153,"Laptop Bag, Laptop Stand, Cooling Pad"
10-03-2026 11:00,Above 40,Working Professional,HP,Office Work,Very satisfied,RAM,Yes,"Wireless Mouse, Laptop Bag, Keyboard, External Hard Drive / SSD, Laptop Stand",Combo bundle (Laptop + Accessories),"Battery drains quickly, Overheating issues, No major issues, Slow performance",Sometimes,Battery life,64 GB,"Laptop Bag, Mouse",Yes,User_0154,"Laptop Bag, External Storage"
10-03-2026 20:34,18–22,Student,Lenovo,Studying,Very satisfied,Graphics,No,"Wireless Mouse, USB Hub, Cooling Pad",Combo bundle (Laptop + Accessories),"Battery drains quickly, Insufficient RAM",Never,Graphics performance,8 GB,"Mouse, Keyboard",Yes,User_0155,"Wireless Mouse, External Storage, Laptop Stand"
10-03-2026 13:53,18–22,Student,Apple,Studying,Satisfied,RAM,Yes,"Wireless Mouse, Keyboard, Laptop Stand",Extended warranty,"No major issues, Slow performance, Low storage space",Rarely,RAM capacity,32 GB,"Laptop Bag, Mouse, External Storage",No,User_0156,"Wireless Mouse, Laptop Stand"
10-03-2026 16:52,18–22,Student,HP,Studying,Neutral,Price,Yes,"Wireless Mouse, Keyboard, Laptop Stand",Combo bundle (Laptop + Accessories),"Battery drains quickly, Overheating issues",Rarely,RAM capacity,64 GB,Laptop Bag,Maybe,User_0157,"Wireless Mouse, Laptop Stand"
10-03-2026 20:07,18–22,Student,HP,Office Work,Neutral,Storage,Yes,Laptop Stand,Free accessories,Overheating issues,Rarely,Battery life,64 GB,"Laptop Bag, Mouse",Maybe,User_0158,"External Storage, Laptop Stand, Cooling Pad"
10-03-2026 19:08,18–22,Working Professional,HP,Studying,Neutral,RAM,Yes,"Wireless Mouse, Laptop Bag, Cooling Pad",Free accessories,"Battery drains quickly, No major issues",Rarely,Storage capacity,64 GB,"Laptop Bag, Mouse",Maybe,User_0159,"Wireless Mouse, Laptop Bag, External Storage, Laptop Stand, Cooling Pad"
10-03-2026 11:01,Above 40,Student,HP,Personal use,Neutral,Storage,No,"Keyboard, External Hard Drive / SSD",Combo bundle (Laptop + Accessories),"Battery drains quickly, No major issues, Low storage space, Insufficient RAM",Rarely,RAM capacity,64 GB,"Laptop Bag, Keyboard",Yes,User_0160,"Laptop Bag, Laptop Stand"
10-03-2026 20:30,18–22,Student,Lenovo,Studying,Very satisfied,Processor,Yes,"Wireless Mouse, Laptop Bag",Combo bundle (Laptop + Accessories),Overheating issues,Sometimes,RAM capacity,64 GB,Cooling Pad,Yes,User_0161,External Storage
10-03-2026 12:11,Above 40,Student,HP,Studying,Unsatisfied,Graphics,Yes,"Wireless Mouse, Laptop Bag, Keyboard, External Hard Drive / SSD",Extended warranty,"Battery drains quickly, Overheating issues",Sometimes,Processor performance,64 GB,"Laptop Bag, Mouse",Yes,User_0162,"Wireless Mouse, Laptop Bag, External Storage, Laptop Stand"
10-03-2026 09:38,Above 40,Working Professional,Lenovo,Office Work,Neutral,RAM,No,Cooling Pad,Discount on accessories,"Battery drains quickly, No major issues",Sometimes,Battery life,32 GB,"Laptop Bag, Mouse, Keyboard",Maybe,User_0163,"Wireless Mouse, External Storage, Laptop Stand, Cooling Pad"
10-03-2026 21:25,23–30,Working Professional,Dell,Office Work,Satisfied,Price,Yes,"Wireless Mouse, Laptop Bag, Keyboard, USB Hub, Cooling Pad",Extended warranty,"Overheating issues, No major issues, Slow performance",Sometimes,Processor performance,32 GB,"Laptop Bag, Mouse, Keyboard",Maybe,User_0164,"Wireless Mouse, External Storage"
10-03-2026 20:01,18–22,Student,Lenovo,Office Work,Very satisfied,Processor,No,"Wireless Mouse, Laptop Bag, Laptop Stand, Cooling Pad",Combo bundle (Laptop + Accessories),"Battery drains quickly, No major issues",Rarely,RAM capacity,64 GB,None,Yes,User_0165,"External Storage, Laptop Stand, Cooling Pad"
10-03-2026 09:16,Above 40,Working Professional,Dell,Office Work,Very satisfied,Storage,Yes,"Wireless Mouse, Laptop Bag, External Hard Drive / SSD, Laptop Stand, Cooling Pad",Discount on accessories,"Overheating issues, No major issues, Slow performance",Never,Graphics performance,32 GB,"Laptop Bag, Mouse, External Storage, Cooling Pad",Maybe,User_0166,"Wireless Mouse, Laptop Stand"
10-03-2026 16:07,18–22,Student,Lenovo,Studying,Satisfied,Processor,Yes,"Laptop Bag, Keyboard, Laptop Stand",Combo bundle (Laptop + Accessories),"Battery drains quickly, Overheating issues, Slow performance",Sometimes,RAM capacity,16 GB,"Laptop Bag, Mouse",Maybe,User_0167,Laptop Stand
10-03-2026 21:41,Above 40,Working Professional,HP,Studying,Very satisfied,Graphics,Yes,"Wireless Mouse, Laptop Bag, Keyboard, External Hard Drive / SSD",Discount on accessories,"No major issues, Insufficient RAM",Never,Battery life,16 GB,None,No,User_0168,Cooling Pad
10-03-2026 09:39,Above 40,Working Professional,HP,Studying,Very satisfied,Processor,Yes,None,Extended warranty,"Battery drains quickly, Overheating issues, Slow performance",Rarely,Battery life,64 GB,Laptop Bag,Maybe,User_0169,"Wireless Mouse, Laptop Bag, External Storage, Cooling Pad"
10-03-2026 21:00,18–22,Student,HP,Office Work,Very satisfied,RAM,Yes,Keyboard,Combo bundle (Laptop + Accessories),"Battery drains quickly, Insufficient RAM",Rarely,RAM capacity,16 GB,None,No,User_0170,"Wireless Mouse, Laptop Bag, External Storage, Cooling Pad"
10-03-2026 21:54,23–30,Student,HP,Programming,Neutral,Storage,Yes,"Wireless Mouse, Laptop Stand",Combo bundle (Laptop + Accessories),Overheating issues,Never,RAM capacity,32 GB,"Laptop Bag, Mouse",Maybe,User_0171,"Wireless Mouse, External Storage, Laptop Stand"
10-03-2026 16:22,Above 40,Working Professional,Asus,Office Work,Very satisfied,Price,Yes,External Hard Drive / SSD,Combo bundle (Laptop + Accessories),"Battery drains quickly, Overheating issues, No major issues",Rarely,Storage capacity,64 GB,"Mouse, Cooling Pad",Maybe,User_0172,"Wireless Mouse, Laptop Stand"
10-03-2026 14:58,18–22,Student,Dell,Studying,Neutral,Price,Yes,"Laptop Bag, External Hard Drive / SSD, Laptop Stand",Combo bundle (Laptop + Accessories),"Battery drains quickly, No major issues, Slow performance, Low storage space",Rarely,Processor performance,32 GB,Laptop Bag,No,User_0173,"Wireless Mouse, Laptop Stand, Cooling Pad"
10-03-2026 18:10,Above 40,Business,Dell,Personal use,Very satisfied,Graphics,Yes,"Wireless Mouse, Laptop Bag, Keyboard, Cooling Pad",Combo bundle (Laptop + Accessories),Overheating issues,Rarely,Processor performance,64 GB,"Laptop Bag, External Storage",No,User_0174,"Wireless Mouse, Laptop Stand"
10-03-2026 11:41,18–22,Student,Asus,Studying,Neutral,Processor,Yes,External Hard Drive / SSD,Combo bundle (Laptop + Accessories),Insufficient RAM,Sometimes,Storage capacity,64 GB,"Laptop Bag, Mouse, Keyboard",Maybe,User_0175,Wireless Mouse
10-03-2026 09:00,Above 40,Student,Lenovo,Studying,Very satisfied,Processor,Yes,"Wireless Mouse, Laptop Bag, USB Hub",Free accessories,"Battery drains quickly, Overheating issues, No major issues",Rarely,RAM capacity,64 GB,"Laptop Bag, Keyboard, External Storage",Yes,User_0176,"External Storage, Laptop Stand"
10-03-2026 14:09,23–30,Other,Dell,Studying,Very satisfied,Processor,Yes,"Laptop Bag, Keyboard",Combo bundle (Laptop + Accessories),Battery drains quickly,Never,Battery life,64 GB,Laptop Bag,Maybe,User_0177,"Wireless Mouse, Laptop Bag, External Storage, Cooling Pad"
10-03-2026 14:05,18–22,Student,Lenovo,Office Work,Neutral,Processor,Yes,Laptop Stand,Extended warranty,"Battery drains quickly, Slow performance",Never,Battery life,16 GB,"Laptop Bag, Mouse",Maybe,User_0178,"Wireless Mouse, External Storage, Laptop Stand, Cooling Pad"
10-03-2026 18:04,18–22,Student,HP,Office Work,Very satisfied,Processor,Yes,"Keyboard, Laptop Stand, USB Hub",Discount on accessories,"Battery drains quickly, Overheating issues, No major issues",Rarely,Battery life,32 GB,"Laptop Bag, Cooling Pad",Yes,User_0179,"Wireless Mouse, External Storage, Cooling Pad"
10-03-2026 11:00,Above 40,Working Professional,HP,Programming,Satisfied,Storage,Yes,"Wireless Mouse, Laptop Bag",Discount on accessories,"Battery drains quickly, Overheating issues",Sometimes,Battery life,64 GB,"Laptop Bag, Keyboard",Maybe,User_0180,"Wireless Mouse, Laptop Bag, External Storage"
10-03-2026 16:55,18–22,Student,HP,Office Work,Neutral,Processor,Yes,"Laptop Bag, Keyboard",Extended warranty,Battery drains quickly,Sometimes,Processor performance,32 GB,None,Yes,User_0181,"Wireless Mouse, Laptop Bag"
10-03-2026 13:27,18–22,Student,Dell,Studying,Very satisfied,Price,Yes,"Wireless Mouse, Laptop Bag, External Hard Drive / SSD",Combo bundle (Laptop + Accessories),Battery drains quickly,Sometimes,Processor performance,64 GB,Mouse,Yes,User_0182,"Wireless Mouse, Laptop Stand"
10-03-2026 16:20,Above 40,Working Professional,Lenovo,Studying,Satisfied,Processor,Yes,"Laptop Bag, Keyboard",Discount on accessories,"Slow performance, Low storage space",Sometimes,Graphics performance,64 GB,Mouse,Yes,User_0183,"Wireless Mouse, External Storage"
10-03-2026 18:54,23–30,Working Professional,Lenovo,Office Work,Satisfied,Processor,No,Keyboard,Extended warranty,"Battery drains quickly, Slow performance",Sometimes,Processor performance,32 GB,"Mouse, Keyboard",Maybe,User_0184,"Wireless Mouse, Laptop Bag, External Storage, Cooling Pad"
10-03-2026 18:46,Above 40,Working Professional,Asus,Studying,Satisfied,Processor,Yes,Wireless Mouse,Combo bundle (Laptop + Accessories),"Battery drains quickly, No major issues, Slow performance, Low storage space",Sometimes,Processor performance,64 GB,None,Yes,User_0185,"Wireless Mouse, Laptop Bag, External Storage, Laptop Stand"
10-03-2026 19:20,18–22,Working Professional,Acer,Programming,Very satisfied,RAM,Yes,"Wireless Mouse, USB Hub, Cooling Pad",Combo bundle (Laptop + Accessories),Battery drains quickly,Rarely,Processor performance,64 GB,"Laptop Bag, Keyboard",Maybe,User_0186,"Wireless Mouse, External Storage, Laptop Stand"
10-03-2026 09:50,23–30,Working Professional,HP,Personal use,Neutral,Price,Yes,"Laptop Stand, USB Hub",Extended warranty,"Overheating issues, No major issues",Rarely,Battery life,32 GB,"Laptop Bag, Mouse, Cooling Pad",Maybe,User_0187,"Wireless Mouse, Laptop Stand"
10-03-2026 10:02,18–22,Student,Dell,Programming,Satisfied,RAM,Yes,"Wireless Mouse, Keyboard, USB Hub",Combo bundle (Laptop + Accessories),"Battery drains quickly, Overheating issues, Low storage space, Insufficient RAM",Never,Processor performance,16 GB,Laptop Bag,Yes,User_0188,"Wireless Mouse, Laptop Stand, Cooling Pad"
10-03-2026 21:43,18–22,Working Professional,Acer,Programming,Unsatisfied,Processor,No,"Wireless Mouse, External Hard Drive / SSD, USB Hub",Discount on accessories,Overheating issues,Sometimes,Battery life,16 GB,"Laptop Bag, Cooling Pad",Yes,User_0189,"Wireless Mouse, External Storage, Laptop Stand, Cooling Pad"
10-03-2026 16:27,18–22,Student,HP,Personal use,Satisfied,Price,Yes,External Hard Drive / SSD,Combo bundle (Laptop + Accessories),"Battery drains quickly, Low storage space",Rarely,Storage capacity,32 GB,"Laptop Bag, Mouse",Yes,User_0190,"Laptop Bag, Cooling Pad"
10-03-2026 18:47,18–22,Student,Apple,Office Work,Satisfied,Processor,Yes,"Wireless Mouse, Keyboard, Laptop Stand, Cooling Pad",Extended warranty,"Slow performance, Insufficient RAM",Rarely,Processor performance,32 GB,Cooling Pad,No,User_0191,Wireless Mouse
10-03-2026 17:34,18–22,Student,Lenovo,Programming,Very satisfied,Processor,Yes,"Laptop Bag, Keyboard",Extended warranty,"Battery drains quickly, No major issues",Rarely,RAM capacity,64 GB,Mouse,Maybe,User_0192,"Wireless Mouse, Laptop Bag"
10-03-2026 21:58,18–22,Student,Dell,Studying,Neutral,Storage,Yes,"Wireless Mouse, USB Hub",Extended warranty,Battery drains quickly,Rarely,Processor performance,16 GB,"Laptop Bag, Mouse",Maybe,User_0193,"Wireless Mouse, Laptop Bag, Laptop Stand"
10-03-2026 19:46,Above 40,Working Professional,Asus,Studying,Satisfied,Processor,No,"Keyboard, USB Hub",Combo bundle (Laptop + Accessories),Overheating issues,Sometimes,Storage capacity,16 GB,"Laptop Bag, External Storage",Maybe,User_0194,"Wireless Mouse, Cooling Pad"
10-03-2026 09:35,18–22,Other,Apple,Personal use,Neutral,Price,Yes,"Laptop Bag, Keyboard, Laptop Stand, USB Hub",Combo bundle (Laptop + Accessories),"Overheating issues, No major issues, Slow performance, Low storage space, Insufficient RAM",Rarely,Battery life,32 GB,"Keyboard, External Storage",Maybe,User_0195,Laptop Stand
10-03-2026 18:41,Above 40,Working Professional,Acer,Office Work,Satisfied,Graphics,Yes,"Wireless Mouse, Laptop Bag, Keyboard, Laptop Stand",Extended warranty,"Battery drains quickly, Overheating issues, Insufficient RAM",Rarely,Graphics performance,32 GB,"Laptop Bag, Mouse",Yes,User_0196,"Wireless Mouse, Cooling Pad"
10-03-2026 19:44,18–22,Student,HP,Studying,Unsatisfied,Price,No,"Wireless Mouse, Keyboard",Combo bundle (Laptop + Accessories),Battery drains quickly,Sometimes,Processor performance,8 GB,"Laptop Bag, Keyboard",Yes,User_0197,"Wireless Mouse, External Storage, Laptop Stand"
10-03-2026 19:01,18–22,Student,Lenovo,Studying,Satisfied,Processor,Yes,"Wireless Mouse, Laptop Bag, Keyboard",Discount on accessories,"No major issues, Low storage space",Rarely,Processor performance,64 GB,None,Yes,User_0198,"Laptop Bag, Laptop Stand"
10-03-2026 11:57,18–22,Student,HP,Studying,Satisfied,Storage,Yes,"Wireless Mouse, Laptop Bag, Cooling Pad",Extended warranty,"Overheating issues, Slow performance",Rarely,Processor performance,16 GB,"Mouse, Keyboard",Maybe,User_0199,"Wireless Mouse, External Storage, Laptop Stand"
10-03-2026 09:21,18–22,Working Professional,Dell,Programming,Very satisfied,Processor,Yes,"Wireless Mouse, USB Hub",Free accessories,"Overheating issues, Insufficient RAM",Never,RAM capacity,16 GB,None,Yes,User_0200,"Wireless Mouse, Cooling Pad"
10-03-2026 09:27,23–30,Working Professional,HP,Office Work,Satisfied,Price,Yes,USB Hub,Combo bundle (Laptop + Accessories),Low storage space,Sometimes,Processor performance,32 GB,Mouse,Maybe,User_0201,"Laptop Bag, External Storage"
10-03-2026 11:50,18–22,Student,Dell,Office Work,Neutral,Graphics,Yes,Laptop Bag,Combo bundle (Laptop + Accessories),"No major issues, Slow performance",Sometimes,Storage capacity,32 GB,Laptop Bag,No,User_0202,"Wireless Mouse, Laptop Bag"
10-03-2026 19:44,18–22,Working Professional,HP,Office Work,Neutral,Processor,Yes,"Wireless Mouse, Laptop Bag, Keyboard",Combo bundle (Laptop + Accessories),Slow performance,Rarely,Storage capacity,32 GB,"Mouse, Keyboard, External Storage",Maybe,User_0203,"Wireless Mouse, Laptop Stand, Cooling Pad"
10-03-2026 10:00,Above 40,Working Professional,Apple,Studying,Satisfied,Graphics,Yes,"Laptop Bag, Cooling Pad",Extended warranty,"Battery drains quickly, Overheating issues, No major issues, Slow performance",Sometimes,Battery life,64 GB,None,Yes,User_0204,"Laptop Bag, Cooling Pad"
10-03-2026 12:44,Above 40,Other,Lenovo,Studying,Unsatisfied,RAM,Yes,"Wireless Mouse, Keyboard, External Hard Drive / SSD",Combo bundle (Laptop + Accessories),"Battery drains quickly, Slow performance",Sometimes,Processor performance,64 GB,None,Maybe,User_0205,Laptop Bag
10-03-2026 10:09,18–22,Student,Acer,Studying,Very satisfied,Storage,No,"Wireless Mouse, Laptop Bag, USB Hub, Cooling Pad",Free accessories,Slow performance,Sometimes,Battery life,16 GB,Laptop Bag,Maybe,User_0206,"Wireless Mouse, External Storage, Laptop Stand"
10-03-2026 12:18,23–30,Working Professional,Lenovo,Programming,Very satisfied,Price,Yes,"Wireless Mouse, Laptop Bag, External Hard Drive / SSD",Combo bundle (Laptop + Accessories),Slow performance,Sometimes,Processor performance,64 GB,"External Storage, Cooling Pad",Maybe,User_0207,"Wireless Mouse, Laptop Stand"
10-03-2026 18:30,18–22,Student,HP,Office Work,Very satisfied,Processor,Yes,"Wireless Mouse, Keyboard, Laptop Stand",Extended warranty,"Battery drains quickly, Slow performance, Insufficient RAM",Sometimes,RAM capacity,32 GB,"Mouse, External Storage",Maybe,User_0208,"Laptop Bag, External Storage, Laptop Stand, Cooling Pad"
10-03-2026 21:09,Above 40,Student,Lenovo,Studying,Neutral,Processor,No,"Wireless Mouse, Laptop Bag, External Hard Drive / SSD",Combo bundle (Laptop + Accessories),No major issues,Sometimes,Processor performance,64 GB,"Mouse, Keyboard, External Storage",Maybe,User_0209,"Wireless Mouse, Laptop Bag, External Storage, Laptop Stand, Cooling Pad"
10-03-2026 20:01,18–22,Student,Asus,Programming,Very satisfied,Processor,Yes,Wireless Mouse,Combo bundle (Laptop + Accessories),"Battery drains quickly, No major issues",Rarely,RAM capacity,64 GB,External Storage,Maybe,User_0210,"Wireless Mouse, Laptop Stand, Cooling Pad"
10-03-2026 16:18,Above 40,Student,Lenovo,Office Work,Satisfied,Processor,Yes,"Wireless Mouse, Laptop Bag, Keyboard, External Hard Drive / SSD",Combo bundle (Laptop + Accessories),"Battery drains quickly, No major issues, Low storage space",Never,RAM capacity,32 GB,"Mouse, External Storage, Cooling Pad",Maybe,User_0211,"Wireless Mouse, External Storage, Cooling Pad"
10-03-2026 09:40,18–22,Student,HP,Studying,Very satisfied,Storage,No,"Laptop Bag, Keyboard",Extended warranty,"Battery drains quickly, Overheating issues, No major issues, Low storage space",Rarely,RAM capacity,64 GB,None,Maybe,User_0212,"Wireless Mouse, Laptop Bag, Laptop Stand, Cooling Pad"
10-03-2026 13:46,18–22,Student,HP,Studying,Very satisfied,Processor,No,"Wireless Mouse, Laptop Bag, Keyboard, Cooling Pad",Extended warranty,"Overheating issues, No major issues",Never,RAM capacity,64 GB,"Laptop Bag, Mouse",No,User_0213,External Storage
10-03-2026 20:04,Less than 18,Student,HP,Office Work,Very satisfied,Graphics,Yes,"Wireless Mouse, Laptop Bag, Keyboard, External Hard Drive / SSD",Combo bundle (Laptop + Accessories),Battery drains quickly,Rarely,Battery life,16 GB,"Laptop Bag, Keyboard",Maybe,User_0214,"Wireless Mouse, Laptop Stand, Cooling Pad"
10-03-2026 09:25,23–30,Working Professional,HP,Studying,Satisfied,Price,Yes,Laptop Bag,Combo bundle (Laptop + Accessories),"Overheating issues, Slow performance",Rarely,Battery life,32 GB,"Laptop Bag, Mouse, Cooling Pad",Maybe,User_0215,Wireless Mouse
10-03-2026 15:16,18–22,Student,Lenovo,Multimedia / Entertainment,Neutral,Processor,Yes,"Laptop Bag, USB Hub",Free accessories,Slow performance,Never,Processor performance,64 GB,"Laptop Bag, Keyboard, External Storage",Maybe,User_0216,"Wireless Mouse, Laptop Bag, External Storage, Cooling Pad"
10-03-2026 20:14,18–22,Student,Lenovo,Multimedia / Entertainment,Neutral,Processor,Yes,None,Combo bundle (Laptop + Accessories),"Battery drains quickly, Overheating issues, Slow performance",Sometimes,Storage capacity,64 GB,Laptop Bag,No,User_0217,"Laptop Bag, External Storage"
10-03-2026 14:03,18–22,Student,HP,Office Work,Satisfied,Processor,Yes,"Wireless Mouse, Keyboard, USB Hub, Cooling Pad",Free accessories,Overheating issues,Rarely,Processor performance,64 GB,External Storage,Maybe,User_0218,"Wireless Mouse, External Storage, Laptop Stand"
10-03-2026 21:03,18–22,Student,HP,Multimedia / Entertainment,Neutral,Processor,Yes,"Wireless Mouse, Laptop Bag, Laptop Stand",Combo bundle (Laptop + Accessories),"Battery drains quickly, Overheating issues",Never,Battery life,64 GB,"Mouse, Keyboard, Cooling Pad",Yes,User_0219,"Wireless Mouse, Laptop Bag, External Storage, Cooling Pad"
10-03-2026 18:09,18–22,Student,HP,Studying,Very satisfied,Processor,Yes,"Wireless Mouse, Cooling Pad",Free accessories,Battery drains quickly,Never,Storage capacity,8 GB,Cooling Pad,Maybe,User_0220,Cooling Pad
10-03-2026 17:41,18–22,Student,Apple,Programming,Satisfied,Processor,Yes,"Wireless Mouse, Laptop Bag, Keyboard, Cooling Pad",Combo bundle (Laptop + Accessories),"Battery drains quickly, Overheating issues",Sometimes,RAM capacity,64 GB,Laptop Bag,Yes,User_0221,"Laptop Bag, External Storage, Laptop Stand, Cooling Pad"
10-03-2026 20:47,18–22,Student,HP,Studying,Very satisfied,RAM,Yes,"Laptop Bag, Laptop Stand",Combo bundle (Laptop + Accessories),"Battery drains quickly, Overheating issues, Slow performance, Insufficient RAM",Rarely,Storage capacity,16 GB,Laptop Bag,Maybe,User_0222,Laptop Bag
10-03-2026 10:40,Above 40,Business,HP,Office Work,Very satisfied,Processor,Yes,Wireless Mouse,Extended warranty,Low storage space,Sometimes,Processor performance,64 GB,"Laptop Bag, External Storage",Maybe,User_0223,"Wireless Mouse, External Storage, Laptop Stand, Cooling Pad"
10-03-2026 12:07,18–22,Student,HP,Studying,Very satisfied,Storage,Yes,"Wireless Mouse, Laptop Bag, Keyboard, Laptop Stand",Combo bundle (Laptop + Accessories),No major issues,Sometimes,RAM capacity,64 GB,"Laptop Bag, Keyboard",Maybe,User_0224,"Laptop Bag, Cooling Pad"
10-03-2026 10:34,18–22,Student,Lenovo,Studying,Satisfied,Storage,Yes,"Wireless Mouse, Laptop Bag, External Hard Drive / SSD",Extended warranty,Battery drains quickly,Sometimes,Processor performance,32 GB,"Laptop Bag, Mouse",Maybe,User_0225,"Laptop Bag, Cooling Pad"
10-03-2026 12:50,18–22,Student,Apple,Programming,Very satisfied,Graphics,No,"Wireless Mouse, Laptop Bag",Combo bundle (Laptop + Accessories),"Overheating issues, Slow performance, Insufficient RAM",Rarely,Processor performance,64 GB,"Laptop Bag, Mouse, Keyboard",Maybe,User_0226,"Wireless Mouse, External Storage, Cooling Pad"
10-03-2026 09:15,18–22,Working Professional,HP,Programming,Very satisfied,RAM,No,"Keyboard, Laptop Stand",Extended warranty,Slow performance,Very often,Processor performance,64 GB,"Laptop Bag, Mouse",Maybe,User_0227,"Laptop Bag, External Storage, Cooling Pad"
10-03-2026 13:06,18–22,Student,Dell,Studying,Neutral,Processor,Yes,Cooling Pad,Combo bundle (Laptop + Accessories),Insufficient RAM,Sometimes,RAM capacity,16 GB,"Laptop Bag, Mouse",Yes,User_0228,"Wireless Mouse, Laptop Stand"
10-03-2026 14:06,18–22,Student,Lenovo,Studying,Very satisfied,Price,Yes,"Wireless Mouse, Keyboard",Combo bundle (Laptop + Accessories),No major issues,Rarely,Battery life,16 GB,Keyboard,Yes,User_0229,"Wireless Mouse, Laptop Bag, Cooling Pad"
10-03-2026 12:08,18–22,Student,Dell,Programming,Very satisfied,Storage,No,"Laptop Bag, Keyboard",Discount on accessories,"Battery drains quickly, No major issues, Low storage space",Never,Storage capacity,64 GB,"Laptop Bag, Mouse",Maybe,User_0230,"Laptop Bag, External Storage"
10-03-2026 11:46,Above 40,Working Professional,Lenovo,Office Work,Neutral,Processor,Yes,"Wireless Mouse, Keyboard",Free accessories,"Battery drains quickly, Overheating issues, Low storage space, Insufficient RAM",Sometimes,Graphics performance,64 GB,"Laptop Bag, Keyboard",Maybe,User_0231,"Wireless Mouse, Laptop Stand, Cooling Pad"
10-03-2026 11:18,18–22,Student,Lenovo,Office Work,Very satisfied,Price,Yes,"Wireless Mouse, Laptop Bag, USB Hub",Combo bundle (Laptop + Accessories),"Battery drains quickly, No major issues",Rarely,Processor performance,64 GB,"Mouse, External Storage",Maybe,User_0232,"Wireless Mouse, External Storage, Laptop Stand"
10-03-2026 12:54,18–22,Business,HP,Studying,Satisfied,Processor,Yes,"Wireless Mouse, Laptop Bag, Keyboard, Laptop Stand",Extended warranty,"Battery drains quickly, Overheating issues, No major issues, Slow performance",Sometimes,Processor performance,32 GB,None,No,User_0233,"Laptop Bag, External Storage, Laptop Stand"
10-03-2026 10:43,Above 40,Working Professional,HP,Office Work,Satisfied,Graphics,Yes,Wireless Mouse,Combo bundle (Laptop + Accessories),Slow performance,Sometimes,Storage capacity,64 GB,"Laptop Bag, Mouse, Cooling Pad",Yes,User_0234,"Wireless Mouse, External Storage, Laptop Stand, Cooling Pad"
10-03-2026 11:04,18–22,Student,HP,Studying,Very satisfied,Processor,Yes,"Wireless Mouse, External Hard Drive / SSD",Combo bundle (Laptop + Accessories),Slow performance,Sometimes,Battery life,64 GB,"Laptop Bag, Mouse",Yes,User_0235,"Laptop Bag, Laptop Stand, Cooling Pad"
10-03-2026 11:46,18–22,Working Professional,Lenovo,Office Work,Very satisfied,Processor,Yes,"Laptop Bag, Keyboard, Cooling Pad",Extended warranty,"Battery drains quickly, Slow performance",Rarely,Storage capacity,64 GB,"Mouse, Keyboard, External Storage",Maybe,User_0236,"Wireless Mouse, Cooling Pad"
10-03-2026 16:39,Above 40,Working Professional,Dell,Studying,Satisfied,Processor,Yes,"Keyboard, Laptop Stand",Combo bundle (Laptop + Accessories),Battery drains quickly,Sometimes,Processor performance,64 GB,"Laptop Bag, Mouse, Cooling Pad",Maybe,User_0237,"Wireless Mouse, Laptop Bag, Laptop Stand"
10-03-2026 15:58,18–22,Student,Dell,Programming,Very satisfied,Processor,Yes,"Wireless Mouse, USB Hub",Combo bundle (Laptop + Accessories),"Overheating issues, No major issues",Rarely,Battery life,64 GB,Laptop Bag,Yes,User_0238,"Wireless Mouse, Laptop Bag"
10-03-2026 09:22,18–22,Student,Lenovo,Studying,Satisfied,Processor,Yes,"Wireless Mouse, Laptop Bag, Laptop Stand, USB Hub",Combo bundle (Laptop + Accessories),"Battery drains quickly, No major issues, Low storage space",Rarely,RAM capacity,64 GB,None,Yes,User_0239,"Wireless Mouse, External Storage, Laptop Stand, Cooling Pad"
10-03-2026 12:39,23–30,Working Professional,HP,Office Work,Satisfied,RAM,No,"Wireless Mouse, Laptop Bag",Extended warranty,"Battery drains quickly, No major issues",Sometimes,RAM capacity,64 GB,"Laptop Bag, Keyboard",No,User_0240,"Laptop Stand, Cooling Pad"
10-03-2026 14:29,Above 40,Working Professional,HP,Studying,Very satisfied,RAM,Yes,"Wireless Mouse, Laptop Bag",Extended warranty,Slow performance,Rarely,Battery life,32 GB,"Laptop Bag, Keyboard",Maybe,User_0241,"Laptop Bag, Laptop Stand, Cooling Pad"
10-03-2026 09:56,23–30,Working Professional,Dell,Programming,Satisfied,RAM,Yes,"Wireless Mouse, Laptop Bag, Laptop Stand, Cooling Pad",Discount on accessories,"Slow performance, Low storage space",Sometimes,RAM capacity,64 GB,"Laptop Bag, Mouse",No,User_0242,"Wireless Mouse, Laptop Bag, External Storage, Laptop Stand"
10-03-2026 18:33,18–22,Student,Asus,Studying,Satisfied,Price,No,"Wireless Mouse, Laptop Bag",Discount on accessories,No major issues,Sometimes,Storage capacity,64 GB,"Laptop Bag, Mouse",Maybe,User_0243,Wireless Mouse
10-03-2026 17:12,18–22,Working Professional,Acer,Programming,Satisfied,Processor,Yes,"Wireless Mouse, External Hard Drive / SSD",Extended warranty,"No major issues, Slow performance",Very often,Storage capacity,64 GB,"Laptop Bag, Mouse",Yes,User_0244,External Storage
10-03-2026 15:44,18–22,Student,Asus,Programming,Very satisfied,Storage,Yes,Laptop Bag,Discount on accessories,Overheating issues,Rarely,RAM capacity,64 GB,"Laptop Bag, Mouse",Maybe,User_0245,"Wireless Mouse, Laptop Bag, External Storage, Laptop Stand"
10-03-2026 10:13,Above 40,Working Professional,Dell,Studying,Neutral,Price,No,"Wireless Mouse, Laptop Bag, Keyboard, USB Hub, Cooling Pad",Combo bundle (Laptop + Accessories),"Battery drains quickly, Overheating issues, Low storage space",Sometimes,Processor performance,32 GB,External Storage,Maybe,User_0246,Laptop Bag
10-03-2026 11:45,Above 40,Student,Lenovo,Multimedia / Entertainment,Very satisfied,Storage,Yes,Laptop Bag,Free accessories,"Battery drains quickly, No major issues",Never,Processor performance,64 GB,None,Yes,User_0247,"Laptop Bag, Laptop Stand, Cooling Pad"
10-03-2026 18:23,18–22,Other,Lenovo,Studying,Satisfied,Storage,Yes,Wireless Mouse,Combo bundle (Laptop + Accessories),"Battery drains quickly, Overheating issues, No major issues",Never,Battery life,64 GB,"Laptop Bag, Keyboard",Maybe,User_0248,"External Storage, Laptop Stand, Cooling Pad"
10-03-2026 13:06,18–22,Student,Dell,Studying,Very satisfied,Processor,Yes,"Wireless Mouse, Laptop Bag, Keyboard, Cooling Pad",Discount on accessories,Insufficient RAM,Sometimes,RAM capacity,32 GB,"Keyboard, Cooling Pad",Yes,User_0249,"Laptop Bag, External Storage, Laptop Stand, Cooling Pad"
10-03-2026 15:42,18–22,Working Professional,HP,Studying,Very satisfied,Storage,No,"Wireless Mouse, Laptop Bag",Extended warranty,No major issues,Never,Battery life,64 GB,Keyboard,Yes,User_0250,"Wireless Mouse, External Storage"
10-03-2026 19:35,18–22,Student,Acer,Studying,Satisfied,Storage,Yes,"Wireless Mouse, Keyboard, Cooling Pad",Extended warranty,"Battery drains quickly, Overheating issues, Low storage space, Insufficient RAM",Never,Storage capacity,64 GB,"Mouse, Cooling Pad",Maybe,User_0251,"Wireless Mouse, Cooling Pad"
10-03-2026 15:00,18–22,Student,Lenovo,Studying,Neutral,Price,Yes,"Wireless Mouse, Laptop Bag, Laptop Stand",Extended warranty,Overheating issues,Sometimes,Battery life,64 GB,"Laptop Bag, Mouse, Keyboard, Cooling Pad",Maybe,User_0252,"Wireless Mouse, Laptop Bag, External Storage"
10-03-2026 15:04,18–22,Working Professional,HP,Office Work,Satisfied,Graphics,Yes,External Hard Drive / SSD,Extended warranty,Overheating issues,Sometimes,Battery life,32 GB,"Laptop Bag, Keyboard",Yes,User_0253,"Wireless Mouse, Laptop Stand, Cooling Pad"
10-03-2026 13:26,18–22,Student,Dell,Studying,Very satisfied,Processor,Yes,Wireless Mouse,Combo bundle (Laptop + Accessories),No major issues,Never,Processor performance,64 GB,"Laptop Bag, Mouse",Maybe,User_0254,"Wireless Mouse, Laptop Bag, External Storage, Laptop Stand"
10-03-2026 19:04,18–22,Student,Lenovo,Studying,Satisfied,Storage,Yes,"Wireless Mouse, USB Hub, Cooling Pad",Combo bundle (Laptop + Accessories),"Overheating issues, Slow performance",Sometimes,Processor performance,32 GB,"Laptop Bag, Mouse",Maybe,User_0255,"Wireless Mouse, Laptop Bag, External Storage, Cooling Pad"
10-03-2026 12:44,Above 40,Student,HP,Studying,Satisfied,RAM,Yes,"Wireless Mouse, Laptop Bag, Keyboard, External Hard Drive / SSD, Cooling Pad",Combo bundle (Laptop + Accessories),"Battery drains quickly, Low storage space",Sometimes,Battery life,16 GB,Laptop Bag,No,User_0256,External Storage
10-03-2026 09:58,18–22,Student,HP,Programming,Satisfied,Processor,Yes,"Wireless Mouse, Keyboard, External Hard Drive / SSD, Laptop Stand",Combo bundle (Laptop + Accessories),"Battery drains quickly, Overheating issues, Slow performance",Never,RAM capacity,32 GB,"Laptop Bag, External Storage",Yes,User_0257,"Wireless Mouse, Laptop Bag"
10-03-2026 10:03,18–22,Student,Lenovo,Studying,Very satisfied,RAM,Yes,Laptop Bag,Combo bundle (Laptop + Accessories),Overheating issues,Rarely,Storage capacity,64 GB,"Laptop Bag, Mouse, External Storage",Yes,User_0258,"Wireless Mouse, External Storage, Laptop Stand, Cooling Pad"
10-03-2026 20:22,18–22,Student,Lenovo,Office Work,Neutral,Storage,Yes,"Wireless Mouse, Laptop Bag, Keyboard, External Hard Drive / SSD",Free accessories,Battery drains quickly,Sometimes,Battery life,32 GB,"Laptop Bag, Mouse",Maybe,User_0259,"Wireless Mouse, Laptop Bag, External Storage"
10-03-2026 15:12,18–22,Student,HP,Studying,Neutral,Storage,Yes,"Wireless Mouse, Laptop Bag, Keyboard",Discount on accessories,No major issues,Never,Processor performance,32 GB,"Mouse, Keyboard, External Storage",Yes,User_0260,"Wireless Mouse, Laptop Bag, Laptop Stand, Cooling Pad"
10-03-2026 12:06,18–22,Student,HP,Office Work,Very satisfied,Storage,Yes,"Laptop Bag, Laptop Stand, USB Hub, Cooling Pad",Combo bundle (Laptop + Accessories),Low storage space,Rarely,Battery life,32 GB,"Laptop Bag, Mouse",Yes,User_0261,Laptop Bag
10-03-2026 20:18,18–22,Student,HP,Personal use,Satisfied,Storage,No,Wireless Mouse,Free accessories,"Battery drains quickly, Slow performance",Sometimes,RAM capacity,8 GB,Laptop Bag,No,User_0262,"Wireless Mouse, External Storage, Laptop Stand"
10-03-2026 10:31,18–22,Student,HP,Office Work,Very satisfied,Graphics,Yes,"Wireless Mouse, External Hard Drive / SSD, Laptop Stand",Discount on accessories,Low storage space,Sometimes,Storage capacity,16 GB,None,Maybe,User_0263,External Storage
10-03-2026 10:55,Above 40,Student,HP,Office Work,Very satisfied,Graphics,Yes,"Wireless Mouse, Keyboard, External Hard Drive / SSD",Discount on accessories,"Slow performance, Insufficient RAM",Sometimes,Storage capacity,32 GB,None,Yes,User_0264,"Wireless Mouse, Laptop Bag, External Storage"
10-03-2026 13:13,Above 40,Business,HP,Studying,Satisfied,RAM,Yes,Keyboard,Extended warranty,Low storage space,Never,Storage capacity,64 GB,"Laptop Bag, Keyboard",Maybe,User_0265,"Wireless Mouse, Cooling Pad"
10-03-2026 13:57,18–22,Student,Asus,Studying,Neutral,Processor,Yes,"Wireless Mouse, Laptop Bag, External Hard Drive / SSD",Combo bundle (Laptop + Accessories),"Battery drains quickly, Overheating issues, Slow performance",Rarely,RAM capacity,64 GB,Laptop Bag,Yes,User_0266,"Wireless Mouse, Laptop Bag, External Storage, Laptop Stand"
10-03-2026 09:11,Above 40,Working Professional,HP,Studying,Very satisfied,Processor,Yes,"Wireless Mouse, Laptop Bag",Combo bundle (Laptop + Accessories),Battery drains quickly,Rarely,RAM capacity,32 GB,"Laptop Bag, Mouse, Cooling Pad",Maybe,User_0267,"Wireless Mouse, Laptop Bag, Cooling Pad"
10-03-2026 13:21,18–22,Student,Asus,Office Work,Satisfied,Storage,Yes,USB Hub,Combo bundle (Laptop + Accessories),"Battery drains quickly, Slow performance",Very often,Battery life,64 GB,"Laptop Bag, Mouse, Keyboard",Maybe,User_0268,Wireless Mouse
10-03-2026 19:55,Above 40,Working Professional,HP,Studying,Satisfied,Processor,Yes,"Wireless Mouse, Keyboard, Laptop Stand",Extended warranty,Overheating issues,Sometimes,Storage capacity,64 GB,"Laptop Bag, Mouse, External Storage",Maybe,User_0269,"External Storage, Laptop Stand"
10-03-2026 12:50,Above 40,Business,Asus,Studying,Very satisfied,Storage,Yes,"Laptop Bag, Keyboard, External Hard Drive / SSD, Laptop Stand",Combo bundle (Laptop + Accessories),Low storage space,Sometimes,Processor performance,64 GB,"Laptop Bag, Mouse",No,User_0270,"Wireless Mouse, Laptop Bag, Cooling Pad"
10-03-2026 09:15,18–22,Student,HP,Studying,Satisfied,Price,Yes,"Wireless Mouse, External Hard Drive / SSD, Laptop Stand",Free accessories,"Battery drains quickly, No major issues, Slow performance",Sometimes,Processor performance,64 GB,"Mouse, Keyboard, External Storage, Cooling Pad",Maybe,User_0271,"Wireless Mouse, External Storage, Laptop Stand"
10-03-2026 16:01,18–22,Working Professional,Acer,Office Work,Very satisfied,Graphics,Yes,"Wireless Mouse, Laptop Bag, Keyboard, External Hard Drive / SSD, Laptop Stand",Extended warranty,Battery drains quickly,Never,Battery life,16 GB,"Laptop Bag, Keyboard, Cooling Pad",Maybe,User_0272,"Wireless Mouse, Laptop Bag, External Storage"
10-03-2026 19:55,23–30,Working Professional,HP,Office Work,Satisfied,Storage,Yes,"Wireless Mouse, Laptop Bag, External Hard Drive / SSD, Laptop Stand, USB Hub",Combo bundle (Laptop + Accessories),Slow performance,Sometimes,Processor performance,64 GB,"Laptop Bag, Mouse, Keyboard",Yes,User_0273,"Wireless Mouse, Cooling Pad"
10-03-2026 13:51,Above 40,Working Professional,HP,Programming,Satisfied,Processor,Yes,"Laptop Bag, Keyboard",Combo bundle (Laptop + Accessories),Overheating issues,Sometimes,RAM capacity,32 GB,Mouse,Maybe,User_0274,"Wireless Mouse, Cooling Pad"
10-03-2026 20:42,23–30,Working Professional,HP,Studying,Unsatisfied,Processor,Yes,"Laptop Bag, External Hard Drive / SSD, Laptop Stand",Combo bundle (Laptop + Accessories),Slow performance,Rarely,Graphics performance,16 GB,"Laptop Bag, Mouse",Yes,User_0275,"Wireless Mouse, External Storage"
10-03-2026 18:57,Above 40,Working Professional,Lenovo,Multimedia / Entertainment,Neutral,Processor,Yes,"Wireless Mouse, Laptop Bag, External Hard Drive / SSD, USB Hub",Extended warranty,Low storage space,Very often,Storage capacity,64 GB,Mouse,No,User_0276,"Wireless Mouse, External Storage, Cooling Pad"
10-03-2026 09:22,23–30,Working Professional,Lenovo,Programming,Satisfied,Storage,Yes,Laptop Bag,Combo bundle (Laptop + Accessories),"Battery drains quickly, Overheating issues, No major issues",Sometimes,Battery life,32 GB,Mouse,Yes,User_0277,"Wireless Mouse, Laptop Bag, Laptop Stand, Cooling Pad"
10-03-2026 14:25,Above 40,Working Professional,Dell,Studying,Very satisfied,Storage,Yes,"Laptop Bag, Keyboard",Combo bundle (Laptop + Accessories),"No major issues, Slow performance",Sometimes,Processor performance,16 GB,Laptop Bag,Yes,User_0278,"Laptop Bag, External Storage, Cooling Pad"
10-03-2026 20:51,18–22,Student,Acer,Studying,Satisfied,Storage,Yes,Wireless Mouse,Extended warranty,"Battery drains quickly, Overheating issues, Insufficient RAM",Sometimes,Processor performance,32 GB,"Laptop Bag, Mouse",Maybe,User_0279,"Laptop Bag, External Storage, Laptop Stand"
10-03-2026 17:13,Above 40,Working Professional,Lenovo,Programming,Satisfied,Processor,Yes,"Wireless Mouse, Laptop Bag",Extended warranty,Battery drains quickly,Never,Storage capacity,16 GB,"Laptop Bag, Mouse, External Storage",Maybe,User_0280,"Wireless Mouse, Laptop Stand, Cooling Pad"
10-03-2026 10:13,18–22,Student,Lenovo,Programming,Neutral,Processor,Yes,"Wireless Mouse, Laptop Bag, Keyboard",Extended warranty,"Battery drains quickly, Overheating issues, Slow performance",Sometimes,Processor performance,64 GB,"Laptop Bag, Mouse, External Storage",Maybe,User_0281,"Wireless Mouse, Laptop Bag, External Storage, Laptop Stand"
10-03-2026 17:45,18–22,Student,Lenovo,Office Work,Satisfied,Processor,Yes,"Wireless Mouse, Laptop Bag",Extended warranty,No major issues,Sometimes,RAM capacity,16 GB,Laptop Bag,Maybe,User_0282,"Wireless Mouse, Laptop Bag"
10-03-2026 18:02,23–30,Working Professional,Dell,Office Work,Very satisfied,Processor,Yes,"Wireless Mouse, Laptop Bag, Keyboard, Laptop Stand",Combo bundle (Laptop + Accessories),"Overheating issues, No major issues, Slow performance",Very often,Battery life,32 GB,"Laptop Bag, Mouse",Yes,User_0283,"Wireless Mouse, Laptop Bag, External Storage"
10-03-2026 16:08,18–22,Student,HP,Office Work,Very satisfied,Processor,Yes,Wireless Mouse,Combo bundle (Laptop + Accessories),"Battery drains quickly, Overheating issues, Slow performance",Very often,Battery life,64 GB,"Mouse, External Storage",Maybe,User_0284,Laptop Bag
10-03-2026 10:24,18–22,Student,Lenovo,Studying,Satisfied,Storage,Yes,"Wireless Mouse, Laptop Bag, External Hard Drive / SSD",Combo bundle (Laptop + Accessories),Battery drains quickly,Never,Processor performance,64 GB,"Laptop Bag, Mouse",Maybe,User_0285,"Wireless Mouse, External Storage, Laptop Stand, Cooling Pad"
10-03-2026 12:51,18–22,Other,Lenovo,Studying,Very satisfied,Price,Yes,"Laptop Bag, Cooling Pad",Combo bundle (Laptop + Accessories),"Overheating issues, Slow performance",Sometimes,RAM capacity,32 GB,Keyboard,No,User_0286,"Wireless Mouse, Laptop Bag, External Storage, Cooling Pad"
10-03-2026 10:01,18–22,Business,HP,Programming,Neutral,Processor,Yes,"Laptop Bag, Keyboard, External Hard Drive / SSD, Laptop Stand, Cooling Pad",Combo bundle (Laptop + Accessories),"Overheating issues, Slow performance",Rarely,Processor performance,16 GB,"Laptop Bag, Mouse",No,User_0287,"Wireless Mouse, Laptop Bag, Laptop Stand"
10-03-2026 09:03,18–22,Student,Lenovo,Studying,Very satisfied,Processor,Yes,"Laptop Bag, External Hard Drive / SSD",Combo bundle (Laptop + Accessories),"Overheating issues, Slow performance",Rarely,Processor performance,32 GB,"Laptop Bag, Cooling Pad",Yes,User_0288,"Wireless Mouse, Laptop Bag, External Storage"
10-03-2026 13:56,Above 40,Working Professional,Asus,Studying,Unsatisfied,Storage,Yes,"Wireless Mouse, Keyboard, USB Hub",Extended warranty,"Battery drains quickly, No major issues",Sometimes,Storage capacity,16 GB,"Laptop Bag, Mouse",Yes,User_0289,"Laptop Bag, External Storage"
10-03-2026 15:54,Above 40,Student,HP,Studying,Satisfied,Price,Yes,Keyboard,Extended warranty,"Battery drains quickly, Slow performance, Insufficient RAM",Rarely,Battery life,64 GB,External Storage,Yes,User_0290,"Wireless Mouse, Laptop Bag"
10-03-2026 09:31,18–22,Working Professional,Acer,Studying,Satisfied,Price,Yes,Keyboard,Combo bundle (Laptop + Accessories),No major issues,Sometimes,Processor performance,32 GB,"Laptop Bag, Keyboard",Yes,User_0291,"Wireless Mouse, Laptop Stand"
10-03-2026 14:13,18–22,Student,Asus,Studying,Satisfied,Processor,Yes,"Wireless Mouse, Keyboard, USB Hub",Combo bundle (Laptop + Accessories),"Slow performance, Low storage space",Sometimes,Battery life,32 GB,None,Maybe,User_0292,"Wireless Mouse, External Storage, Laptop Stand"
10-03-2026 20:43,23–30,Student,HP,Office Work,Very satisfied,Processor,Yes,"Wireless Mouse, Laptop Bag, Keyboard",Extended warranty,Slow performance,Sometimes,Storage capacity,64 GB,"Laptop Bag, Mouse",Yes,User_0293,"Wireless Mouse, External Storage, Cooling Pad"
10-03-2026 20:31,18–22,Business,HP,Studying,Neutral,Price,Yes,None,Discount on accessories,"Battery drains quickly, Overheating issues",Very often,Processor performance,32 GB,Mouse,Maybe,User_0294,"Laptop Stand, Cooling Pad"
10-03-2026 17:24,18–22,Student,Dell,Office Work,Very satisfied,Price,Yes,Laptop Bag,Combo bundle (Laptop + Accessories),"Overheating issues, No major issues",Rarely,Battery life,32 GB,None,Maybe,User_0295,"Laptop Bag, Cooling Pad"
10-03-2026 13:52,18–22,Other,Lenovo,Studying,Very satisfied,Price,Yes,"Wireless Mouse, Laptop Bag, Keyboard",Combo bundle (Laptop + Accessories),Overheating issues,Sometimes,Battery life,32 GB,Mouse,Maybe,User_0296,"Wireless Mouse, External Storage, Laptop Stand, Cooling Pad"
10-03-2026 20:37,18–22,Student,Dell,Studying,Very satisfied,Processor,Yes,"Wireless Mouse, Laptop Bag",Discount on accessories,"Battery drains quickly, Slow performance, Low storage space",Sometimes,Battery life,64 GB,"Laptop Bag, Mouse, External Storage",Maybe,User_0297,"External Storage, Laptop Stand"
10-03-2026 13:50,Above 40,Business,Apple,Studying,Neutral,RAM,Yes,Laptop Bag,Combo bundle (Laptop + Accessories),Battery drains quickly,Rarely,Battery life,32 GB,"Laptop Bag, Mouse, External Storage",Maybe,User_0298,"Wireless Mouse, Laptop Bag, Cooling Pad"
10-03-2026 12:20,18–22,Student,HP,Programming,Very satisfied,Graphics,Yes,"Laptop Bag, External Hard Drive / SSD",Discount on accessories,Overheating issues,Sometimes,Graphics performance,64 GB,None,Maybe,User_0299,"Wireless Mouse, External Storage, Laptop Stand"
10-03-2026 15:11,18–22,Student,Dell,Multimedia / Entertainment,Very satisfied,Storage,No,Laptop Bag,Free accessories,"Battery drains quickly, No major issues",Sometimes,RAM capacity,64 GB,Laptop Bag,Yes,User_0300,Wireless Mouse
10-03-2026 13:11,23–30,Working Professional,Dell,Office Work,Satisfied,Price,Yes,"Wireless Mouse, Laptop Stand",Free accessories,Battery drains quickly,Never,RAM capacity,64 GB,Mouse,Maybe,User_0301,"Wireless Mouse, Laptop Bag, Laptop Stand, Cooling Pad"
10-03-2026 13:26,18–22,Student,HP,Programming,Very satisfied,RAM,No,"Laptop Bag, External Hard Drive / SSD",Combo bundle (Laptop + Accessories),Battery drains quickly,Sometimes,Graphics performance,64 GB,"Laptop Bag, Mouse, External Storage",Yes,User_0302,"Wireless Mouse, Cooling Pad"
10-03-2026 16:31,18–22,Student,HP,Multimedia / Entertainment,Satisfied,Storage,Yes,"Wireless Mouse, Laptop Bag, Laptop Stand, USB Hub",Combo bundle (Laptop + Accessories),"Overheating issues, Slow performance, Insufficient RAM",Sometimes,Processor performance,16 GB,"Laptop Bag, Keyboard, External Storage",Maybe,User_0303,Cooling Pad
10-03-2026 21:36,Above 40,Working Professional,HP,Office Work,Very satisfied,Processor,Yes,"Wireless Mouse, Keyboard",Combo bundle (Laptop + Accessories),Battery drains quickly,Rarely,Storage capacity,32 GB,"Laptop Bag, Mouse",Yes,User_0304,"Laptop Bag, Laptop Stand, Cooling Pad"
10-03-2026 18:17,23–30,Working Professional,HP,Studying,Very satisfied,Graphics,Yes,"Wireless Mouse, Laptop Bag, Keyboard, External Hard Drive / SSD, USB Hub",Combo bundle (Laptop + Accessories),"Battery drains quickly, Overheating issues",Sometimes,Battery life,64 GB,Mouse,No,User_0305,"Wireless Mouse, External Storage, Cooling Pad"
10-03-2026 15:19,18–22,Working Professional,Lenovo,Programming,Unsatisfied,Storage,Yes,Wireless Mouse,Discount on accessories,"Battery drains quickly, Slow performance",Rarely,Battery life,64 GB,"Mouse, Cooling Pad",Maybe,User_0306,"Wireless Mouse, External Storage, Laptop Stand, Cooling Pad"
10-03-2026 09:53,18–22,Working Professional,Acer,Office Work,Satisfied,Graphics,Yes,"Wireless Mouse, Laptop Bag",Extended warranty,"Battery drains quickly, No major issues, Slow performance",Rarely,Battery life,64 GB,"Laptop Bag, Keyboard",Yes,User_0307,"Wireless Mouse, Laptop Stand"
10-03-2026 20:40,18–22,Working Professional,Lenovo,Office Work,Satisfied,RAM,Yes,"Wireless Mouse, Cooling Pad",Combo bundle (Laptop + Accessories),Battery drains quickly,Sometimes,Storage capacity,32 GB,"Laptop Bag, Mouse",Yes,User_0308,External Storage
10-03-2026 17:58,18–22,Other,HP,Studying,Very satisfied,Price,Yes,"Keyboard, External Hard Drive / SSD",Combo bundle (Laptop + Accessories),"Battery drains quickly, Overheating issues, Low storage space",Rarely,RAM capacity,8 GB,"Laptop Bag, Keyboard",No,User_0309,"Wireless Mouse, Cooling Pad"
10-03-2026 13:18,Above 40,Working Professional,HP,Programming,Very satisfied,RAM,Yes,"Wireless Mouse, External Hard Drive / SSD",Combo bundle (Laptop + Accessories),"Battery drains quickly, Overheating issues, No major issues, Slow performance, Low storage space",Rarely,Processor performance,16 GB,"Mouse, Cooling Pad",No,User_0310,"Wireless Mouse, Laptop Stand"
10-03-2026 13:34,18–22,Student,Lenovo,Studying,Satisfied,Price,Yes,"Wireless Mouse, Keyboard",Combo bundle (Laptop + Accessories),"Overheating issues, Slow performance, Insufficient RAM",Rarely,Storage capacity,32 GB,"Mouse, Keyboard",Maybe,User_0311,"Laptop Bag, External Storage, Cooling Pad"
10-03-2026 09:24,18–22,Student,HP,Studying,Satisfied,Processor,Yes,"Wireless Mouse, Laptop Bag, Keyboard",Combo bundle (Laptop + Accessories),Battery drains quickly,Never,Battery life,32 GB,"Laptop Bag, Mouse, Cooling Pad",Maybe,User_0312,"Wireless Mouse, External Storage, Laptop Stand"
10-03-2026 13:40,23–30,Working Professional,HP,Programming,Unsatisfied,RAM,Yes,"Laptop Bag, USB Hub",Combo bundle (Laptop + Accessories),"Battery drains quickly, No major issues, Slow performance",Rarely,Processor performance,64 GB,"Laptop Bag, Mouse",Yes,User_0313,"Laptop Bag, Laptop Stand"
10-03-2026 11:19,23–30,Working Professional,HP,Personal use,Very satisfied,Storage,No,"Wireless Mouse, Keyboard, USB Hub",Combo bundle (Laptop + Accessories),Battery drains quickly,Sometimes,Battery life,32 GB,"Laptop Bag, External Storage, Cooling Pad",No,User_0314,"Wireless Mouse, Laptop Stand, Cooling Pad"
10-03-2026 10:20,18–22,Student,Dell,Studying,Neutral,Price,No,"Wireless Mouse, USB Hub, Cooling Pad",Discount on accessories,"Battery drains quickly, Slow performance",Rarely,Graphics performance,16 GB,"Laptop Bag, Mouse, Cooling Pad",Maybe,User_0315,External Storage
10-03-2026 19:04,23–30,Other,Dell,Personal use,Satisfied,Processor,No,"Wireless Mouse, Laptop Bag, Keyboard",Extended warranty,Overheating issues,Sometimes,Storage capacity,32 GB,Cooling Pad,Maybe,User_0316,"External Storage, Laptop Stand"
10-03-2026 21:18,Above 40,Other,HP,Office Work,Very satisfied,Graphics,Yes,Laptop Bag,Extended warranty,Battery drains quickly,Sometimes,Processor performance,64 GB,Mouse,Maybe,User_0317,Cooling Pad
10-03-2026 17:47,18–22,Student,HP,Office Work,Satisfied,Graphics,No,Laptop Bag,Extended warranty,Overheating issues,Rarely,Graphics performance,32 GB,None,Maybe,User_0318,"Wireless Mouse, Laptop Bag, External Storage, Laptop Stand"
10-03-2026 17:43,18–22,Student,HP,Office Work,Satisfied,Price,No,"Laptop Bag, Cooling Pad",Discount on accessories,Battery drains quickly,Rarely,Battery life,64 GB,Laptop Bag,Yes,User_0319,Wireless Mouse
10-03-2026 20:22,18–22,Student,Dell,Programming,Satisfied,Processor,No,"Wireless Mouse, Keyboard, External Hard Drive / SSD",Extended warranty,"Battery drains quickly, Overheating issues, Slow performance",Sometimes,Battery life,64 GB,"Laptop Bag, Mouse",Yes,User_0320,"Wireless Mouse, Cooling Pad"
10-03-2026 12:53,Above 40,Student,Dell,Multimedia / Entertainment,Very satisfied,Graphics,No,"Laptop Bag, Keyboard, Cooling Pad",Combo bundle (Laptop + Accessories),Overheating issues,Never,Battery life,16 GB,"Laptop Bag, Mouse, Keyboard, External Storage",Yes,User_0321,"Wireless Mouse, External Storage, Laptop Stand"
10-03-2026 21:14,18–22,Business,Asus,Studying,Unsatisfied,Processor,No,"Wireless Mouse, Keyboard, Laptop Stand",Extended warranty,Insufficient RAM,Never,Processor performance,16 GB,"Laptop Bag, Mouse",Yes,User_0322,Laptop Stand
10-03-2026 10:30,Above 40,Working Professional,Asus,Studying,Neutral,Processor,Yes,"Wireless Mouse, External Hard Drive / SSD, Laptop Stand",Discount on accessories,Battery drains quickly,Sometimes,RAM capacity,32 GB,None,Yes,User_0323,"Wireless Mouse, External Storage, Laptop Stand, Cooling Pad"
10-03-2026 11:17,18–22,Student,Lenovo,Office Work,Unsatisfied,Processor,Yes,"Wireless Mouse, Laptop Bag",Combo bundle (Laptop + Accessories),"Slow performance, Insufficient RAM",Sometimes,Battery life,64 GB,None,Maybe,User_0324,"Wireless Mouse, Laptop Bag, Laptop Stand, Cooling Pad"
10-03-2026 10:50,18–22,Student,Dell,Studying,Neutral,Storage,No,None,Extended warranty,Overheating issues,Very often,Processor performance,8 GB,Mouse,Yes,User_0325,"Wireless Mouse, Laptop Bag, Cooling Pad"
10-03-2026 10:57,Above 40,Working Professional,HP,Office Work,Very satisfied,Processor,Yes,"Wireless Mouse, Laptop Bag, Laptop Stand",Combo bundle (Laptop + Accessories),"Battery drains quickly, Overheating issues, Slow performance",Rarely,Processor performance,64 GB,None,Yes,User_0326,Laptop Bag
10-03-2026 16:03,18–22,Student,Acer,Office Work,Very satisfied,Storage,Yes,"External Hard Drive / SSD, USB Hub",Combo bundle (Laptop + Accessories),No major issues,Sometimes,Storage capacity,64 GB,"Mouse, Keyboard",Yes,User_0327,Wireless Mouse
10-03-2026 09:29,Above 40,Working Professional,HP,Studying,Satisfied,Processor,Yes,"Laptop Bag, Keyboard, External Hard Drive / SSD",Free accessories,"Battery drains quickly, Overheating issues",Sometimes,Graphics performance,64 GB,"Laptop Bag, External Storage",Yes,User_0328,"Wireless Mouse, Laptop Bag"
10-03-2026 14:29,Above 40,Working Professional,Lenovo,Multimedia / Entertainment,Satisfied,Graphics,Yes,"Wireless Mouse, Laptop Bag, Laptop Stand, USB Hub",Extended warranty,"Overheating issues, Low storage space, Insufficient RAM",Never,Storage capacity,32 GB,Keyboard,No,User_0329,"Wireless Mouse, Laptop Stand, Cooling Pad"
10-03-2026 21:52,18–22,Other,Acer,Studying,Unsatisfied,RAM,Yes,"Wireless Mouse, Keyboard",Free accessories,"Overheating issues, Low storage space",Never,Storage capacity,64 GB,"Laptop Bag, Mouse",No,User_0330,"External Storage, Cooling Pad"
10-03-2026 13:28,18–22,Student,Lenovo,Personal use,Neutral,Graphics,Yes,"Wireless Mouse, Laptop Bag, Laptop Stand",Combo bundle (Laptop + Accessories),"Slow performance, Insufficient RAM",Sometimes,RAM capacity,16 GB,"Laptop Bag, Mouse, External Storage",Maybe,User_0331,"Wireless Mouse, Laptop Bag, Laptop Stand"
10-03-2026 16:32,18–22,Student,HP,Studying,Neutral,Processor,Yes,"Wireless Mouse, Laptop Bag, Laptop Stand",Discount on accessories,Battery drains quickly,Never,Battery life,16 GB,Laptop Bag,Maybe,User_0332,"Wireless Mouse, External Storage, Cooling Pad"
10-03-2026 12:14,23–30,Working Professional,HP,Studying,Satisfied,Graphics,No,"Keyboard, Laptop Stand, USB Hub, Cooling Pad",Extended warranty,No major issues,Rarely,Battery life,32 GB,"Laptop Bag, External Storage, Cooling Pad",Yes,User_0333,"Wireless Mouse, Laptop Bag, External Storage, Laptop Stand"
10-03-2026 12:22,18–22,Student,HP,Office Work,Satisfied,Storage,Yes,"Wireless Mouse, Laptop Bag",Extended warranty,"Battery drains quickly, Overheating issues",Never,RAM capacity,32 GB,Laptop Bag,Maybe,User_0334,"Wireless Mouse, Laptop Bag"
10-03-2026 16:14,18–22,Student,Dell,Studying,Satisfied,Processor,Yes,Wireless Mouse,Extended warranty,Battery drains quickly,Rarely,RAM capacity,64 GB,Laptop Bag,Maybe,User_0335,"Wireless Mouse, Laptop Bag, External Storage, Laptop Stand, Cooling Pad"
10-03-2026 15:52,18–22,Student,HP,Programming,Very satisfied,Graphics,Yes,"Wireless Mouse, Keyboard",Combo bundle (Laptop + Accessories),Battery drains quickly,Sometimes,RAM capacity,16 GB,Laptop Bag,Yes,User_0336,"Wireless Mouse, External Storage, Laptop Stand, Cooling Pad"
10-03-2026 12:14,23–30,Working Professional,HP,Office Work,Very satisfied,Price,Yes,"Laptop Bag, Keyboard",Combo bundle (Laptop + Accessories),Overheating issues,Rarely,Processor performance,64 GB,"Laptop Bag, Keyboard, External Storage, Cooling Pad",Yes,User_0337,External Storage
10-03-2026 21:25,Above 40,Working Professional,Lenovo,Office Work,Satisfied,Storage,Yes,USB Hub,Extended warranty,"Slow performance, Insufficient RAM",Rarely,RAM capacity,8 GB,Laptop Bag,Maybe,User_0338,"Wireless Mouse, External Storage, Laptop Stand, Cooling Pad"
10-03-2026 11:07,18–22,Student,HP,Office Work,Satisfied,Processor,Yes,"Wireless Mouse, Keyboard",Combo bundle (Laptop + Accessories),"Battery drains quickly, Overheating issues, Slow performance",Rarely,Processor performance,64 GB,Laptop Bag,Maybe,User_0339,"Wireless Mouse, Laptop Bag, Cooling Pad"
10-03-2026 21:41,Above 40,Working Professional,Lenovo,Studying,Very satisfied,Storage,Yes,"External Hard Drive / SSD, USB Hub",Combo bundle (Laptop + Accessories),No major issues,Rarely,Processor performance,32 GB,Laptop Bag,Yes,User_0340,"Wireless Mouse, Laptop Bag, External Storage, Cooling Pad"
10-03-2026 19:49,Above 40,Working Professional,Lenovo,Studying,Very satisfied,Storage,Yes,"Laptop Bag, Keyboard, USB Hub",Combo bundle (Laptop + Accessories),"No major issues, Slow performance, Low storage space",Rarely,Processor performance,64 GB,"Laptop Bag, Mouse",No,User_0341,Cooling Pad
10-03-2026 09:57,18–22,Student,Lenovo,Office Work,Very satisfied,Processor,Yes,"Wireless Mouse, Laptop Bag",Extended warranty,Low storage space,Rarely,Storage capacity,32 GB,None,Maybe,User_0342,"Wireless Mouse, Laptop Bag, External Storage, Laptop Stand, Cooling Pad"
10-03-2026 13:55,Above 40,Other,Dell,Programming,Satisfied,Processor,Yes,"Laptop Bag, Cooling Pad",Discount on accessories,No major issues,Sometimes,Battery life,32 GB,Keyboard,Yes,User_0343,"Wireless Mouse, Laptop Stand, Cooling Pad"
10-03-2026 12:48,18–22,Student,HP,Studying,Very satisfied,Processor,Yes,"Keyboard, External Hard Drive / SSD, Cooling Pad",Free accessories,Battery drains quickly,Very often,Battery life,32 GB,Laptop Bag,No,User_0344,"Wireless Mouse, Laptop Bag"
10-03-2026 14:14,23–30,Working Professional,HP,Studying,Very satisfied,Price,No,Keyboard,Discount on accessories,"Overheating issues, Slow performance",Rarely,Storage capacity,32 GB,"Laptop Bag, Mouse",No,User_0345,"Wireless Mouse, Laptop Bag, External Storage, Cooling Pad"
10-03-2026 20:37,18–22,Student,Lenovo,Office Work,Satisfied,Price,Yes,"Wireless Mouse, Laptop Bag, Keyboard, Laptop Stand",Discount on accessories,Overheating issues,Never,Processor performance,16 GB,Laptop Bag,Maybe,User_0346,"Laptop Bag, Laptop Stand, Cooling Pad"
10-03-2026 15:30,18–22,Student,Lenovo,Studying,Satisfied,Processor,Yes,"Wireless Mouse, Laptop Bag",Combo bundle (Laptop + Accessories),"Slow performance, Insufficient RAM",Sometimes,Battery life,32 GB,"Laptop Bag, Mouse",Maybe,User_0347,"Laptop Bag, External Storage, Cooling Pad"
10-03-2026 15:46,Above 40,Working Professional,Asus,Studying,Neutral,Processor,Yes,"Laptop Bag, External Hard Drive / SSD, Cooling Pad",Combo bundle (Laptop + Accessories),"No major issues, Insufficient RAM",Sometimes,Storage capacity,32 GB,Mouse,Yes,User_0348,Laptop Bag
10-03-2026 11:10,Above 40,Working Professional,Lenovo,Personal use,Very satisfied,Processor,Yes,"Wireless Mouse, Laptop Bag, Keyboard",Extended warranty,Overheating issues,Sometimes,Processor performance,64 GB,"Laptop Bag, Mouse, External Storage, Cooling Pad",Maybe,User_0349,"Wireless Mouse, Laptop Bag, Cooling Pad"
10-03-2026 13:11,23–30,Working Professional,Dell,Studying,Very satisfied,Graphics,Yes,"Laptop Bag, Laptop Stand",Combo bundle (Laptop + Accessories),Overheating issues,Sometimes,RAM capacity,32 GB,Laptop Bag,Yes,User_0350,Wireless Mouse
10-03-2026 20:14,23–30,Working Professional,HP,Programming,Satisfied,Processor,Yes,"Wireless Mouse, Laptop Bag, Keyboard, Cooling Pad",Extended warranty,"Battery drains quickly, No major issues",Never,Battery life,32 GB,"Mouse, Cooling Pad",Yes,User_0351,"Wireless Mouse, Laptop Bag, External Storage"
10-03-2026 15:06,18–22,Student,HP,Studying,Very satisfied,Processor,Yes,"Wireless Mouse, External Hard Drive / SSD, USB Hub",Combo bundle (Laptop + Accessories),"Slow performance, Insufficient RAM",Very often,Processor performance,64 GB,"Laptop Bag, Mouse",Maybe,User_0352,"Laptop Bag, External Storage, Laptop Stand, Cooling Pad"
10-03-2026 16:05,18–22,Student,Asus,Studying,Very satisfied,Storage,Yes,"Wireless Mouse, Laptop Bag, Keyboard, Laptop Stand",Extended warranty,Slow performance,Sometimes,Battery life,32 GB,"Laptop Bag, Mouse, Keyboard, External Storage",Maybe,User_0353,Wireless Mouse
10-03-2026 14:00,18–22,Student,Acer,Personal use,Very satisfied,Processor,Yes,"Wireless Mouse, Laptop Bag",Discount on accessories,"Battery drains quickly, Slow performance",Sometimes,Battery life,64 GB,None,Maybe,User_0354,"Laptop Bag, External Storage, Laptop Stand"
10-03-2026 10:41,18–22,Student,Dell,Studying,Very satisfied,Graphics,Yes,"External Hard Drive / SSD, Laptop Stand, USB Hub",Extended warranty,"Overheating issues, No major issues",Sometimes,Battery life,64 GB,"Laptop Bag, Mouse, Keyboard, Cooling Pad",Yes,User_0355,Laptop Bag
10-03-2026 21:09,18–22,Business,Asus,Programming,Satisfied,Processor,Yes,"Wireless Mouse, Keyboard",Extended warranty,"Battery drains quickly, No major issues",Sometimes,Battery life,64 GB,"Laptop Bag, Mouse, External Storage",Yes,User_0356,"External Storage, Laptop Stand"
10-03-2026 14:45,Above 40,Student,Dell,Studying,Very satisfied,Processor,Yes,"Keyboard, External Hard Drive / SSD, Laptop Stand, Cooling Pad",Combo bundle (Laptop + Accessories),No major issues,Sometimes,RAM capacity,64 GB,None,Yes,User_0357,Wireless Mouse
10-03-2026 16:40,18–22,Student,Dell,Personal use,Neutral,Storage,Yes,"Wireless Mouse, Laptop Bag, Cooling Pad",Combo bundle (Laptop + Accessories),Overheating issues,Sometimes,Storage capacity,64 GB,External Storage,Maybe,User_0358,"Wireless Mouse, Cooling Pad"
10-03-2026 19:36,18–22,Working Professional,HP,Office Work,Very satisfied,Processor,Yes,Wireless Mouse,Combo bundle (Laptop + Accessories),Battery drains quickly,Sometimes,Graphics performance,32 GB,"Laptop Bag, Mouse",No,User_0359,"Wireless Mouse, External Storage, Laptop Stand, Cooling Pad"
10-03-2026 13:58,18–22,Student,Asus,Programming,Very satisfied,Graphics,Yes,None,Combo bundle (Laptop + Accessories),"Battery drains quickly, No major issues",Sometimes,Storage capacity,16 GB,"Laptop Bag, Mouse",Yes,User_0360,"Laptop Bag, Cooling Pad"
10-03-2026 21:14,Above 40,Working Professional,HP,Office Work,Very satisfied,Storage,Yes,"Wireless Mouse, Laptop Bag, Keyboard",Combo bundle (Laptop + Accessories),"Battery drains quickly, Overheating issues",Sometimes,Battery life,64 GB,"Keyboard, Cooling Pad",No,User_0361,"External Storage, Laptop Stand, Cooling Pad"
10-03-2026 13:49,18–22,Student,HP,Office Work,Very satisfied,Processor,No,"Wireless Mouse, Laptop Bag, External Hard Drive / SSD, USB Hub, Cooling Pad",Combo bundle (Laptop + Accessories),No major issues,Sometimes,Processor performance,64 GB,"Laptop Bag, Mouse",Yes,User_0362,External Storage
10-03-2026 21:24,23–30,Working Professional,Lenovo,Studying,Satisfied,Storage,Yes,"Wireless Mouse, Cooling Pad",Discount on accessories,"Battery drains quickly, Insufficient RAM",Sometimes,RAM capacity,16 GB,"Laptop Bag, External Storage",Yes,User_0363,"Wireless Mouse, Laptop Bag, External Storage"
10-03-2026 16:19,18–22,Student,Asus,Studying,Very satisfied,RAM,Yes,External Hard Drive / SSD,Discount on accessories,No major issues,Sometimes,Storage capacity,16 GB,"Mouse, Keyboard, External Storage",Maybe,User_0364,"Wireless Mouse, Laptop Bag, Cooling Pad"
10-03-2026 09:14,18–22,Other,Acer,Office Work,Satisfied,Processor,No,Wireless Mouse,Combo bundle (Laptop + Accessories),"Battery drains quickly, Overheating issues, No major issues",Never,RAM capacity,32 GB,"Laptop Bag, Cooling Pad",No,User_0365,Cooling Pad
10-03-2026 14:47,18–22,Student,Lenovo,Studying,Satisfied,Processor,Yes,"Wireless Mouse, External Hard Drive / SSD",Extended warranty,Insufficient RAM,Rarely,RAM capacity,32 GB,Mouse,Yes,User_0366,"Wireless Mouse, Laptop Bag, External Storage"
10-03-2026 18:01,18–22,Student,Asus,Programming,Neutral,Storage,Yes,"Wireless Mouse, Cooling Pad",Extended warranty,"Battery drains quickly, No major issues",Sometimes,Graphics performance,32 GB,"Mouse, External Storage",Yes,User_0367,"External Storage, Laptop Stand"
10-03-2026 16:58,18–22,Student,Dell,Studying,Satisfied,Storage,Yes,"Wireless Mouse, Laptop Bag, Cooling Pad",Combo bundle (Laptop + Accessories),"Battery drains quickly, Overheating issues",Very often,Storage capacity,64 GB,"Mouse, Keyboard",Yes,User_0368,"Wireless Mouse, Cooling Pad"
10-03-2026 09:42,18–22,Student,HP,Office Work,Satisfied,Price,Yes,"Wireless Mouse, Laptop Bag, External Hard Drive / SSD",Combo bundle (Laptop + Accessories),No major issues,Never,Storage capacity,16 GB,Laptop Bag,Yes,User_0369,"Wireless Mouse, Laptop Bag, External Storage, Laptop Stand"
10-03-2026 18:30,18–22,Student,HP,Office Work,Very satisfied,Price,No,USB Hub,Extended warranty,"Overheating issues, Slow performance, Insufficient RAM",Never,Processor performance,64 GB,Laptop Bag,Maybe,User_0370,"Wireless Mouse, Laptop Bag, External Storage, Cooling Pad"
10-03-2026 14:27,23–30,Working Professional,Lenovo,Studying,Satisfied,RAM,No,"Wireless Mouse, Cooling Pad",Extended warranty,"Battery drains quickly, Overheating issues, Slow performance",Rarely,Processor performance,64 GB,Keyboard,Yes,User_0371,"Laptop Bag, External Storage, Laptop Stand, Cooling Pad"
10-03-2026 21:28,18–22,Student,Dell,Studying,Very satisfied,Storage,Yes,"Wireless Mouse, Laptop Stand",Extended warranty,Low storage space,Very often,RAM capacity,64 GB,Laptop Bag,No,User_0372,"Wireless Mouse, Laptop Stand"
10-03-2026 13:23,18–22,Student,Dell,Office Work,Satisfied,Graphics,Yes,"Laptop Bag, External Hard Drive / SSD",Extended warranty,Insufficient RAM,Sometimes,Processor performance,32 GB,"Laptop Bag, Mouse, Keyboard",Yes,User_0373,"Laptop Bag, Cooling Pad"
10-03-2026 19:36,Above 40,Working Professional,HP,Studying,Satisfied,Processor,No,"Wireless Mouse, Laptop Bag",Discount on accessories,No major issues,Sometimes,RAM capacity,16 GB,Laptop Bag,Maybe,User_0374,"Wireless Mouse, Laptop Bag"
10-03-2026 19:13,23–30,Working Professional,HP,Studying,Neutral,Processor,Yes,"Laptop Bag, Keyboard, Laptop Stand, USB Hub, Cooling Pad",Extended warranty,Battery drains quickly,Sometimes,Storage capacity,64 GB,Laptop Bag,Yes,User_0375,"Wireless Mouse, Laptop Bag"
10-03-2026 17:22,18–22,Student,Asus,Studying,Unsatisfied,Processor,Yes,"Wireless Mouse, Laptop Bag, Keyboard, Cooling Pad",Combo bundle (Laptop + Accessories),Battery drains quickly,Never,Battery life,64 GB,"Laptop Bag, Mouse, Keyboard, External Storage",Yes,User_0376,"Wireless Mouse, Laptop Bag, External Storage, Laptop Stand"
10-03-2026 21:32,18–22,Student,Lenovo,Studying,Neutral,Storage,Yes,Wireless Mouse,Discount on accessories,"Overheating issues, Slow performance",Sometimes,Graphics performance,64 GB,Keyboard,Yes,User_0377,"External Storage, Laptop Stand"
10-03-2026 20:23,Above 40,Working Professional,Lenovo,Studying,Satisfied,Storage,Yes,Cooling Pad,Combo bundle (Laptop + Accessories),"Overheating issues, No major issues",Rarely,Battery life,64 GB,"Mouse, External Storage",Yes,User_0378,"Wireless Mouse, Laptop Bag, External Storage, Cooling Pad"
10-03-2026 17:16,18–22,Business,HP,Office Work,Very satisfied,Storage,Yes,"Wireless Mouse, Keyboard, Laptop Stand, Cooling Pad",Discount on accessories,No major issues,Sometimes,Graphics performance,32 GB,"Mouse, Keyboard, External Storage",Yes,User_0379,Laptop Stand
10-03-2026 09:01,18–22,Student,Lenovo,Studying,Neutral,Processor,Yes,Laptop Bag,Extended warranty,"Battery drains quickly, Overheating issues, No major issues",Rarely,Battery life,32 GB,"Mouse, Cooling Pad",Maybe,User_0380,"Laptop Bag, External Storage, Laptop Stand"
10-03-2026 14:22,Above 40,Working Professional,HP,Studying,Satisfied,Processor,Yes,"Laptop Bag, External Hard Drive / SSD",Combo bundle (Laptop + Accessories),No major issues,Rarely,Storage capacity,32 GB,None,Maybe,User_0381,"Wireless Mouse, Laptop Bag, Cooling Pad"
10-03-2026 20:47,23–30,Working Professional,Acer,Studying,Satisfied,Storage,Yes,"Wireless Mouse, Laptop Bag",Combo bundle (Laptop + Accessories),"Battery drains quickly, No major issues, Low storage space, Insufficient RAM",Never,RAM capacity,32 GB,"Laptop Bag, Mouse",Yes,User_0382,Wireless Mouse
10-03-2026 18:40,18–22,Student,HP,Multimedia / Entertainment,Satisfied,Processor,Yes,"Laptop Bag, Keyboard, Cooling Pad",Combo bundle (Laptop + Accessories),"Battery drains quickly, Overheating issues, No major issues, Slow performance",Never,Processor performance,64 GB,"Laptop Bag, Mouse",Maybe,User_0383,Laptop Bag
10-03-2026 12:18,18–22,Student,HP,Programming,Satisfied,Processor,Yes,Wireless Mouse,Combo bundle (Laptop + Accessories),"Battery drains quickly, Overheating issues, No major issues, Slow performance",Rarely,Graphics performance,64 GB,"Laptop Bag, Mouse, Keyboard, External Storage",No,User_0384,"Wireless Mouse, Laptop Bag, External Storage, Laptop Stand, Cooling Pad"
10-03-2026 19:18,18–22,Student,HP,Office Work,Unsatisfied,Processor,No,USB Hub,Free accessories,Insufficient RAM,Very often,Storage capacity,16 GB,"Mouse, Keyboard",Yes,User_0385,Wireless Mouse
10-03-2026 15:06,18–22,Student,Dell,Studying,Satisfied,RAM,No,"Wireless Mouse, Keyboard",Combo bundle (Laptop + Accessories),"Battery drains quickly, Overheating issues, Insufficient RAM",Rarely,Battery life,64 GB,"Laptop Bag, Mouse",Yes,User_0386,"Wireless Mouse, Laptop Bag, Laptop Stand, Cooling Pad"
10-03-2026 16:47,18–22,Student,HP,Office Work,Satisfied,RAM,Yes,"Wireless Mouse, Laptop Bag, Keyboard",Discount on accessories,Overheating issues,Sometimes,Battery life,32 GB,Laptop Bag,Maybe,User_0387,"Wireless Mouse, External Storage, Laptop Stand"
10-03-2026 13:54,Above 40,Business,Lenovo,Programming,Satisfied,RAM,Yes,"Wireless Mouse, Laptop Bag, Laptop Stand, Cooling Pad",Combo bundle (Laptop + Accessories),Slow performance,Very often,RAM capacity,64 GB,"Laptop Bag, Mouse",Maybe,User_0388,Wireless Mouse
10-03-2026 17:52,23–30,Working Professional,Lenovo,Programming,Satisfied,Graphics,Yes,"Keyboard, External Hard Drive / SSD, USB Hub",Combo bundle (Laptop + Accessories),Low storage space,Sometimes,Battery life,32 GB,Laptop Bag,Maybe,User_0389,Laptop Stand
10-03-2026 15:13,18–22,Student,Lenovo,Programming,Satisfied,Storage,Yes,Laptop Bag,Extended warranty,No major issues,Never,RAM capacity,64 GB,"Laptop Bag, Mouse",Yes,User_0390,"Laptop Stand, Cooling Pad"
10-03-2026 19:17,18–22,Student,HP,Studying,Satisfied,RAM,No,"Laptop Bag, Laptop Stand",Free accessories,"Slow performance, Low storage space",Sometimes,Processor performance,64 GB,Mouse,Yes,User_0391,Laptop Stand
10-03-2026 18:11,23–30,Working Professional,HP,Programming,Satisfied,Storage,Yes,"Wireless Mouse, Laptop Bag, Keyboard, External Hard Drive / SSD, USB Hub",Combo bundle (Laptop + Accessories),Battery drains quickly,Never,Battery life,64 GB,Mouse,No,User_0392,"Laptop Bag, Laptop Stand, Cooling Pad"
10-03-2026 15:43,18–22,Business,Lenovo,Programming,Very satisfied,RAM,Yes,USB Hub,Combo bundle (Laptop + Accessories),Insufficient RAM,Never,Processor performance,64 GB,Laptop Bag,Yes,User_0393,"Laptop Bag, Laptop Stand, Cooling Pad"
10-03-2026 11:06,Above 40,Working Professional,Dell,Programming,Very satisfied,Processor,Yes,"Wireless Mouse, Keyboard",Extended warranty,"Battery drains quickly, Overheating issues",Never,RAM capacity,32 GB,"Mouse, Keyboard",Yes,User_0394,"Laptop Bag, External Storage, Cooling Pad"
10-03-2026 10:52,Above 40,Working Professional,HP,Personal use,Very satisfied,Processor,Yes,"Laptop Bag, Keyboard, External Hard Drive / SSD",Free accessories,Battery drains quickly,Rarely,Battery life,32 GB,"Mouse, Keyboard, External Storage",Maybe,User_0395,"Wireless Mouse, Laptop Bag, Laptop Stand"
10-03-2026 21:01,18–22,Student,HP,Programming,Neutral,Storage,Yes,"Keyboard, External Hard Drive / SSD",Free accessories,Insufficient RAM,Rarely,Battery life,32 GB,"Mouse, Keyboard",No,User_0396,"Wireless Mouse, External Storage, Laptop Stand"
10-03-2026 15:36,23–30,Working Professional,HP,Studying,Very satisfied,Processor,Yes,"Wireless Mouse, Keyboard",Extended warranty,Overheating issues,Never,Battery life,16 GB,Laptop Bag,Maybe,User_0397,Laptop Stand
10-03-2026 21:44,18–22,Student,HP,Studying,Very satisfied,Processor,Yes,Laptop Bag,Discount on accessories,"Battery drains quickly, No major issues, Slow performance",Very often,Storage capacity,64 GB,Mouse,No,User_0398,"Wireless Mouse, External Storage, Laptop Stand"
10-03-2026 16:25,23–30,Working Professional,Acer,Office Work,Satisfied,Graphics,No,"Laptop Bag, Keyboard, Laptop Stand, USB Hub",Combo bundle (Laptop + Accessories),"Battery drains quickly, No major issues, Slow performance, Low storage space",Rarely,Storage capacity,32 GB,"Laptop Bag, Mouse, Keyboard",Maybe,User_0399,"Wireless Mouse, Laptop Bag, External Storage, Cooling Pad"
10-03-2026 16:36,Above 40,Working Professional,HP,Studying,Very satisfied,Processor,Yes,"Wireless Mouse, Laptop Bag",Extended warranty,Battery drains quickly,Very often,RAM capacity,16 GB,Mouse,Yes,User_0400,"Wireless Mouse, External Storage, Cooling Pad"
10-03-2026 10:11,18–22,Student,Dell,Programming,Satisfied,Processor,Yes,"Wireless Mouse, Laptop Bag, Keyboard",Combo bundle (Laptop + Accessories),"Battery drains quickly, Slow performance",Sometimes,Battery life,8 GB,Laptop Bag,Maybe,User_0401,"Laptop Stand, Cooling Pad"
10-03-2026 14:33,23–30,Working Professional,HP,Office Work,Very satisfied,Storage,Yes,"Wireless Mouse, Laptop Bag, Keyboard, Cooling Pad",Combo bundle (Laptop + Accessories),Battery drains quickly,Rarely,Processor performance,16 GB,"Laptop Bag, Keyboard",Maybe,User_0402,"Wireless Mouse, Laptop Bag, Cooling Pad"
10-03-2026 19:37,Above 40,Other,Lenovo,Office Work,Neutral,Storage,Yes,"Wireless Mouse, Laptop Bag, USB Hub",Combo bundle (Laptop + Accessories),Slow performance,Rarely,Processor performance,32 GB,"Laptop Bag, Mouse, Keyboard, External Storage, Cooling Pad",Yes,User_0403,"Wireless Mouse, External Storage, Cooling Pad"
10-03-2026 15:52,23–30,Business,Lenovo,Studying,Neutral,Storage,Yes,"Wireless Mouse, Laptop Bag, Keyboard, Cooling Pad",Combo bundle (Laptop + Accessories),"Battery drains quickly, No major issues",Rarely,Battery life,64 GB,Mouse,Yes,User_0404,"Wireless Mouse, Laptop Bag, External Storage"
10-03-2026 20:22,18–22,Other,Lenovo,Studying,Very satisfied,RAM,No,"Wireless Mouse, Laptop Bag, USB Hub",Extended warranty,"Battery drains quickly, Slow performance",Sometimes,Storage capacity,64 GB,"Laptop Bag, External Storage",Yes,User_0405,"Wireless Mouse, Laptop Bag, External Storage"
10-03-2026 17:47,Above 40,Business,Dell,Personal use,Very satisfied,RAM,No,Wireless Mouse,Combo bundle (Laptop + Accessories),Overheating issues,Rarely,Battery life,64 GB,"Laptop Bag, Mouse",Yes,User_0406,"Laptop Bag, Cooling Pad"
10-03-2026 16:24,18–22,Student,HP,Programming,Very satisfied,Processor,Yes,"Wireless Mouse, Laptop Bag, Keyboard, USB Hub",Combo bundle (Laptop + Accessories),Battery drains quickly,Rarely,Battery life,32 GB,"Laptop Bag, Mouse",Yes,User_0407,"Wireless Mouse, Cooling Pad"
10-03-2026 12:09,Above 40,Student,Lenovo,Programming,Neutral,Graphics,No,"Wireless Mouse, Laptop Bag, Keyboard, Cooling Pad",Extended warranty,No major issues,Sometimes,Processor performance,8 GB,"Laptop Bag, Mouse, External Storage",Maybe,User_0408,"Wireless Mouse, External Storage, Laptop Stand"
10-03-2026 10:33,18–22,Student,Dell,Studying,Neutral,RAM,Yes,USB Hub,Combo bundle (Laptop + Accessories),"Battery drains quickly, Overheating issues",Rarely,Battery life,32 GB,Laptop Bag,Maybe,User_0409,Wireless Mouse
10-03-2026 14:53,18–22,Business,Dell,Office Work,Satisfied,Price,No,"Wireless Mouse, Keyboard",Extended warranty,"Battery drains quickly, Low storage space",Rarely,Processor performance,64 GB,"Laptop Bag, Keyboard",Maybe,User_0410,"External Storage, Cooling Pad"
10-03-2026 10:24,Above 40,Working Professional,Asus,Office Work,Very satisfied,Storage,Yes,"Wireless Mouse, Laptop Bag, External Hard Drive / SSD",Combo bundle (Laptop + Accessories),Battery drains quickly,Sometimes,RAM capacity,64 GB,External Storage,Maybe,User_0411,"Wireless Mouse, Laptop Bag"
10-03-2026 13:45,18–22,Working Professional,Dell,Studying,Very satisfied,Price,Yes,Keyboard,Extended warranty,Insufficient RAM,Sometimes,Storage capacity,64 GB,Mouse,Yes,User_0412,"Laptop Bag, Cooling Pad"
10-03-2026 09:57,18–22,Working Professional,Dell,Studying,Satisfied,Processor,Yes,"Wireless Mouse, Keyboard, USB Hub",Extended warranty,"Battery drains quickly, Overheating issues, Slow performance",Rarely,RAM capacity,64 GB,Mouse,Maybe,User_0413,"Wireless Mouse, Laptop Bag, Laptop Stand"
10-03-2026 20:37,18–22,Student,Lenovo,Office Work,Satisfied,Storage,Yes,"Wireless Mouse, Laptop Bag, External Hard Drive / SSD",Extended warranty,Overheating issues,Sometimes,Battery life,16 GB,None,Yes,User_0414,"External Storage, Cooling Pad"
10-03-2026 17:11,Above 40,Working Professional,Lenovo,Studying,Very satisfied,RAM,Yes,Keyboard,Extended warranty,"Battery drains quickly, Low storage space, Insufficient RAM",Never,Graphics performance,32 GB,Laptop Bag,Yes,User_0415,"Wireless Mouse, Laptop Bag, External Storage"
10-03-2026 17:46,23–30,Working Professional,Lenovo,Office Work,Satisfied,Graphics,Yes,"Laptop Bag, Keyboard",Combo bundle (Laptop + Accessories),"No major issues, Slow performance",Rarely,RAM capacity,32 GB,"Laptop Bag, Mouse, Keyboard",Maybe,User_0416,"Laptop Bag, External Storage"
10-03-2026 09:11,18–22,Student,Lenovo,Studying,Very satisfied,Price,Yes,"Wireless Mouse, Laptop Bag, Keyboard, USB Hub, Cooling Pad",Free accessories,No major issues,Very often,Processor performance,32 GB,"Laptop Bag, Mouse",Maybe,User_0417,"Laptop Stand, Cooling Pad"
10-03-2026 17:46,18–22,Student,Dell,Studying,Satisfied,Processor,Yes,"Laptop Bag, Keyboard",Combo bundle (Laptop + Accessories),Overheating issues,Rarely,Graphics performance,8 GB,"Laptop Bag, Mouse",Yes,User_0418,"Laptop Bag, Laptop Stand"
10-03-2026 21:03,18–22,Student,Lenovo,Personal use,Very satisfied,Storage,Yes,"Wireless Mouse, Laptop Bag",Combo bundle (Laptop + Accessories),Battery drains quickly,Sometimes,Processor performance,32 GB,Laptop Bag,Yes,User_0419,"Wireless Mouse, Laptop Bag, External Storage, Laptop Stand, Cooling Pad"
10-03-2026 18:06,23–30,Working Professional,HP,Office Work,Very satisfied,Processor,Yes,Keyboard,Combo bundle (Laptop + Accessories),"Battery drains quickly, Insufficient RAM",Sometimes,Storage capacity,64 GB,Keyboard,Maybe,User_0420,"Laptop Stand, Cooling Pad"
10-03-2026 11:23,18–22,Student,Lenovo,Studying,Very satisfied,Storage,Yes,"Laptop Bag, External Hard Drive / SSD, USB Hub",Combo bundle (Laptop + Accessories),"No major issues, Low storage space",Sometimes,Battery life,32 GB,"Laptop Bag, Mouse",Yes,User_0421,"Wireless Mouse, Laptop Bag, External Storage, Cooling Pad"
10-03-2026 12:46,18–22,Student,Dell,Office Work,Neutral,RAM,Yes,"Wireless Mouse, Laptop Bag",Discount on accessories,"Overheating issues, No major issues, Slow performance, Low storage space",Rarely,Processor performance,64 GB,Laptop Bag,Yes,User_0422,"Wireless Mouse, Laptop Bag"
10-03-2026 14:13,Above 40,Other,Apple,Studying,Very satisfied,Processor,Yes,"Laptop Bag, Keyboard",Combo bundle (Laptop + Accessories),"Battery drains quickly, No major issues, Slow performance",Sometimes,Processor performance,32 GB,Laptop Bag,Yes,User_0423,"External Storage, Laptop Stand, Cooling Pad"
10-03-2026 10:53,Above 40,Working Professional,Asus,Studying,Satisfied,Processor,No,Keyboard,Combo bundle (Laptop + Accessories),"Overheating issues, Slow performance",Never,Battery life,16 GB,None,Yes,User_0424,"Wireless Mouse, Laptop Stand, Cooling Pad"
10-03-2026 16:30,18–22,Student,HP,Studying,Neutral,Storage,Yes,"Wireless Mouse, Laptop Bag, Cooling Pad",Discount on accessories,Low storage space,Rarely,Battery life,16 GB,"Laptop Bag, Mouse, Keyboard, External Storage, Cooling Pad",Maybe,User_0425,"Wireless Mouse, Laptop Bag, Laptop Stand"
10-03-2026 15:18,Above 40,Student,Lenovo,Programming,Very satisfied,Processor,Yes,"Keyboard, External Hard Drive / SSD",Combo bundle (Laptop + Accessories),"Battery drains quickly, Overheating issues, Slow performance",Very often,Storage capacity,32 GB,Laptop Bag,Maybe,User_0426,"Laptop Stand, Cooling Pad"
10-03-2026 18:34,18–22,Student,HP,Studying,Satisfied,Processor,No,"Wireless Mouse, Laptop Bag, Keyboard, Laptop Stand",Combo bundle (Laptop + Accessories),"Battery drains quickly, No major issues, Slow performance",Rarely,Battery life,32 GB,Mouse,Maybe,User_0427,"Laptop Bag, Laptop Stand"
10-03-2026 13:43,Above 40,Working Professional,Lenovo,Office Work,Satisfied,RAM,No,Wireless Mouse,Combo bundle (Laptop + Accessories),Battery drains quickly,Sometimes,Graphics performance,64 GB,None,Maybe,User_0428,Laptop Bag
10-03-2026 15:03,18–22,Other,Lenovo,Studying,Unsatisfied,Processor,Yes,"Wireless Mouse, Laptop Bag, Keyboard, External Hard Drive / SSD",Combo bundle (Laptop + Accessories),Overheating issues,Rarely,Processor performance,32 GB,Keyboard,No,User_0429,"Wireless Mouse, Laptop Bag"
10-03-2026 10:27,18–22,Business,HP,Studying,Very satisfied,Processor,Yes,"Wireless Mouse, Laptop Bag, External Hard Drive / SSD",Combo bundle (Laptop + Accessories),"Overheating issues, Slow performance",Sometimes,Storage capacity,64 GB,None,No,User_0430,"Wireless Mouse, External Storage, Laptop Stand, Cooling Pad"
10-03-2026 16:37,Above 40,Working Professional,Lenovo,Programming,Satisfied,Processor,Yes,"Keyboard, External Hard Drive / SSD",Free accessories,No major issues,Sometimes,Battery life,16 GB,"Mouse, External Storage",Yes,User_0431,"Wireless Mouse, External Storage, Laptop Stand, Cooling Pad"
10-03-2026 17:19,18–22,Student,Acer,Multimedia / Entertainment,Satisfied,Processor,Yes,Keyboard,Combo bundle (Laptop + Accessories),Insufficient RAM,Sometimes,Battery life,64 GB,Keyboard,No,User_0432,"Laptop Bag, External Storage"
10-03-2026 11:53,23–30,Student,Lenovo,Studying,Very satisfied,Storage,Yes,"Wireless Mouse, Laptop Bag, Keyboard",Combo bundle (Laptop + Accessories),Insufficient RAM,Rarely,Storage capacity,16 GB,Mouse,Yes,User_0433,"External Storage, Laptop Stand, Cooling Pad"
10-03-2026 17:41,18–22,Working Professional,Lenovo,Studying,Neutral,RAM,No,"Wireless Mouse, Keyboard",Combo bundle (Laptop + Accessories),No major issues,Sometimes,Graphics performance,64 GB,"Laptop Bag, Mouse",Maybe,User_0434,"Laptop Stand, Cooling Pad"
10-03-2026 10:25,18–22,Student,Acer,Studying,Neutral,Processor,Yes,"Laptop Bag, Laptop Stand",Extended warranty,"No major issues, Slow performance",Sometimes,RAM capacity,32 GB,"Laptop Bag, Mouse, External Storage",Yes,User_0435,"External Storage, Laptop Stand"
10-03-2026 09:47,Above 40,Student,HP,Programming,Neutral,Storage,Yes,"Wireless Mouse, Laptop Bag, Cooling Pad",Combo bundle (Laptop + Accessories),Overheating issues,Sometimes,Processor performance,32 GB,"Keyboard, External Storage",Yes,User_0436,"External Storage, Laptop Stand, Cooling Pad"
10-03-2026 10:38,18–22,Other,Lenovo,Office Work,Satisfied,Processor,Yes,"Wireless Mouse, Laptop Bag, Keyboard",Combo bundle (Laptop + Accessories),"Battery drains quickly, Overheating issues",Rarely,Storage capacity,16 GB,None,Yes,User_0437,External Storage
10-03-2026 14:03,Above 40,Other,HP,Studying,Very satisfied,Processor,Yes,Cooling Pad,Extended warranty,"Battery drains quickly, Overheating issues, Slow performance",Very often,Processor performance,32 GB,Laptop Bag,Yes,User_0438,"Wireless Mouse, Laptop Bag, Laptop Stand, Cooling Pad"
10-03-2026 18:32,Above 40,Student,Lenovo,Studying,Satisfied,Processor,Yes,"Wireless Mouse, Keyboard",Combo bundle (Laptop + Accessories),"Battery drains quickly, Slow performance",Rarely,Processor performance,64 GB,"Laptop Bag, Mouse, External Storage",Maybe,User_0439,"Laptop Bag, External Storage"
10-03-2026 14:24,18–22,Student,HP,Office Work,Very satisfied,Price,Yes,Wireless Mouse,Combo bundle (Laptop + Accessories),Slow performance,Rarely,Battery life,32 GB,Mouse,Maybe,User_0440,"Laptop Bag, External Storage, Laptop Stand, Cooling Pad"
10-03-2026 20:05,18–22,Working Professional,HP,Studying,Neutral,Processor,Yes,"Wireless Mouse, Keyboard, Cooling Pad",Combo bundle (Laptop + Accessories),Slow performance,Rarely,Storage capacity,32 GB,"Laptop Bag, Mouse, External Storage, Cooling Pad",Maybe,User_0441,"Wireless Mouse, External Storage, Cooling Pad"
10-03-2026 19:49,23–30,Working Professional,HP,Office Work,Satisfied,Processor,Yes,"Laptop Bag, Cooling Pad",Extended warranty,"Battery drains quickly, Low storage space",Rarely,Storage capacity,32 GB,"Laptop Bag, External Storage",Maybe,User_0442,"Laptop Bag, Laptop Stand, Cooling Pad"
10-03-2026 12:06,18–22,Student,Lenovo,Multimedia / Entertainment,Very satisfied,Storage,No,Keyboard,Combo bundle (Laptop + Accessories),Insufficient RAM,Very often,Battery life,32 GB,Mouse,Yes,User_0443,"Laptop Stand, Cooling Pad"
10-03-2026 21:10,18–22,Student,HP,Studying,Very satisfied,Processor,Yes,"Laptop Bag, Keyboard, Cooling Pad",Combo bundle (Laptop + Accessories),"Battery drains quickly, Overheating issues, Slow performance",Never,Processor performance,64 GB,Mouse,Maybe,User_0444,External Storage
10-03-2026 17:20,18–22,Student,Dell,Studying,Very satisfied,RAM,No,"Wireless Mouse, Laptop Stand",Extended warranty,"Battery drains quickly, Overheating issues",Sometimes,Graphics performance,32 GB,Mouse,Maybe,User_0445,"External Storage, Laptop Stand"
10-03-2026 12:53,18–22,Student,Dell,Studying,Satisfied,Price,Yes,Wireless Mouse,Combo bundle (Laptop + Accessories),"Battery drains quickly, Overheating issues, No major issues",Rarely,RAM capacity,64 GB,"Laptop Bag, Mouse, External Storage",Maybe,User_0446,"Wireless Mouse, Laptop Bag"
10-03-2026 09:14,18–22,Student,Lenovo,Programming,Very satisfied,Graphics,Yes,"Wireless Mouse, USB Hub",Extended warranty,Insufficient RAM,Sometimes,Battery life,64 GB,"Laptop Bag, Mouse",Yes,User_0447,"Wireless Mouse, Laptop Bag, External Storage"
10-03-2026 21:14,18–22,Student,HP,Office Work,Neutral,Graphics,No,"Wireless Mouse, Laptop Bag, Keyboard",Extended warranty,"No major issues, Slow performance",Rarely,Processor performance,64 GB,None,Maybe,User_0448,"Wireless Mouse, Laptop Bag"
10-03-2026 20:12,Above 40,Student,Dell,Studying,Neutral,RAM,Yes,Wireless Mouse,Combo bundle (Laptop + Accessories),Overheating issues,Sometimes,Storage capacity,32 GB,None,Yes,User_0449,"External Storage, Laptop Stand, Cooling Pad"
10-03-2026 20:45,18–22,Student,Lenovo,Studying,Very satisfied,Price,No,"Wireless Mouse, Laptop Bag, USB Hub, Cooling Pad",Combo bundle (Laptop + Accessories),Battery drains quickly,Never,Graphics performance,32 GB,Keyboard,No,User_0450,"Wireless Mouse, External Storage, Laptop Stand, Cooling Pad"
10-03-2026 13:11,18–22,Student,HP,Studying,Very satisfied,Processor,Yes,"Wireless Mouse, Laptop Bag, Laptop Stand",Extended warranty,"Battery drains quickly, Slow performance",Never,Storage capacity,32 GB,None,Yes,User_0451,Laptop Bag
10-03-2026 09:16,Above 40,Business,Dell,Studying,Very satisfied,Processor,Yes,"Wireless Mouse, Laptop Bag",Extended warranty,"Overheating issues, Insufficient RAM",Sometimes,Processor performance,64 GB,Laptop Bag,Yes,User_0452,"External Storage, Laptop Stand"
10-03-2026 12:19,18–22,Student,Dell,Studying,Satisfied,Graphics,No,"Wireless Mouse, Laptop Bag",Combo bundle (Laptop + Accessories),Overheating issues,Sometimes,Battery life,32 GB,Laptop Bag,Maybe,User_0453,"Laptop Bag, Laptop Stand, Cooling Pad"
10-03-2026 09:08,18–22,Student,HP,Studying,Satisfied,Storage,Yes,"Wireless Mouse, Laptop Stand",Combo bundle (Laptop + Accessories),"Battery drains quickly, Slow performance",Sometimes,RAM capacity,8 GB,"Mouse, Keyboard, External Storage",No,User_0454,Wireless Mouse
10-03-2026 11:50,Above 40,Working Professional,HP,Programming,Very satisfied,Graphics,Yes,"Laptop Bag, External Hard Drive / SSD",Free accessories,"Overheating issues, No major issues",Very often,Processor performance,32 GB,"Laptop Bag, Mouse",Maybe,User_0455,Laptop Bag
10-03-2026 18:52,23–30,Student,Dell,Studying,Neutral,Storage,Yes,Laptop Bag,Combo bundle (Laptop + Accessories),"No major issues, Low storage space",Never,RAM capacity,64 GB,Laptop Bag,Yes,User_0456,Wireless Mouse
10-03-2026 14:03,18–22,Student,Dell,Studying,Satisfied,Processor,Yes,Laptop Bag,Combo bundle (Laptop + Accessories),"No major issues, Insufficient RAM",Very often,Processor performance,32 GB,"Mouse, External Storage, Cooling Pad",Yes,User_0457,Laptop Stand
10-03-2026 18:09,23–30,Working Professional,Asus,Office Work,Neutral,Price,Yes,"Wireless Mouse, Keyboard",Free accessories,"Overheating issues, Slow performance",Rarely,Battery life,64 GB,None,Maybe,User_0458,"Laptop Bag, Cooling Pad"
10-03-2026 11:02,18–22,Student,HP,Office Work,Satisfied,Price,Yes,"Wireless Mouse, Laptop Bag, Keyboard",Extended warranty,Battery drains quickly,Rarely,RAM capacity,16 GB,None,Yes,User_0459,"Wireless Mouse, Laptop Bag, Laptop Stand"
10-03-2026 20:46,Above 40,Working Professional,HP,Studying,Satisfied,Processor,No,"Wireless Mouse, Laptop Bag, Keyboard",Combo bundle (Laptop + Accessories),No major issues,Never,Storage capacity,8 GB,"Mouse, External Storage",Yes,User_0460,"Laptop Bag, External Storage, Laptop Stand"
10-03-2026 21:15,18–22,Student,HP,Office Work,Satisfied,Price,Yes,"Laptop Bag, Keyboard, External Hard Drive / SSD",Extended warranty,"No major issues, Low storage space",Sometimes,Processor performance,16 GB,"Mouse, Keyboard",Maybe,User_0461,Laptop Bag
10-03-2026 19:16,18–22,Student,Dell,Programming,Very satisfied,Processor,Yes,Keyboard,Extended warranty,Battery drains quickly,Sometimes,Battery life,32 GB,Mouse,Maybe,User_0462,"Wireless Mouse, External Storage, Cooling Pad"
10-03-2026 16:15,18–22,Student,Lenovo,Programming,Very satisfied,Processor,Yes,"Wireless Mouse, Laptop Bag, External Hard Drive / SSD",Combo bundle (Laptop + Accessories),Overheating issues,Rarely,Battery life,16 GB,Laptop Bag,Maybe,User_0463,"Wireless Mouse, External Storage, Cooling Pad"
10-03-2026 11:21,18–22,Student,Dell,Studying,Satisfied,Storage,Yes,Laptop Bag,Combo bundle (Laptop + Accessories),"Battery drains quickly, Overheating issues, Slow performance",Rarely,Processor performance,32 GB,"Laptop Bag, External Storage",Yes,User_0464,"Laptop Bag, External Storage, Laptop Stand, Cooling Pad"
10-03-2026 09:49,Above 40,Working Professional,Lenovo,Office Work,Very satisfied,RAM,Yes,"Wireless Mouse, Laptop Stand",Combo bundle (Laptop + Accessories),Battery drains quickly,Sometimes,Storage capacity,8 GB,External Storage,Yes,User_0465,"Wireless Mouse, External Storage, Cooling Pad"
10-03-2026 20:54,18–22,Student,Dell,Studying,Very satisfied,Processor,Yes,"Wireless Mouse, Laptop Bag, External Hard Drive / SSD",Discount on accessories,Battery drains quickly,Rarely,Storage capacity,64 GB,None,Yes,User_0466,"Wireless Mouse, Laptop Bag, External Storage, Laptop Stand, Cooling Pad"
10-03-2026 15:55,18–22,Student,Lenovo,Office Work,Neutral,Processor,Yes,"Laptop Bag, Keyboard, External Hard Drive / SSD, Laptop Stand",Free accessories,"No major issues, Slow performance",Rarely,Battery life,16 GB,"Laptop Bag, External Storage",Yes,User_0467,"Wireless Mouse, Laptop Bag, External Storage, Laptop Stand"
10-03-2026 15:07,18–22,Student,Lenovo,Multimedia / Entertainment,Satisfied,Processor,Yes,"Wireless Mouse, Laptop Bag, External Hard Drive / SSD",Combo bundle (Laptop + Accessories),Battery drains quickly,Sometimes,Processor performance,64 GB,Mouse,Maybe,User_0468,"Wireless Mouse, External Storage, Laptop Stand"
10-03-2026 16:22,18–22,Student,HP,Studying,Satisfied,Price,Yes,"Wireless Mouse, Laptop Bag, Cooling Pad",Extended warranty,"Slow performance, Low storage space",Rarely,Processor performance,64 GB,"Mouse, External Storage",Yes,User_0469,"Laptop Bag, External Storage"
10-03-2026 10:56,Above 40,Student,Dell,Studying,Very satisfied,Graphics,No,Laptop Bag,Extended warranty,Low storage space,Sometimes,RAM capacity,32 GB,"Laptop Bag, Mouse, Keyboard, Cooling Pad",Maybe,User_0470,"Wireless Mouse, Laptop Bag"
10-03-2026 20:08,18–22,Working Professional,Dell,Office Work,Neutral,Graphics,Yes,"Wireless Mouse, Laptop Bag, Keyboard, Laptop Stand",Extended warranty,Battery drains quickly,Sometimes,Graphics performance,16 GB,Mouse,Maybe,User_0471,"Wireless Mouse, Laptop Bag"
10-03-2026 10:57,18–22,Student,HP,Programming,Very satisfied,Graphics,Yes,"Wireless Mouse, Laptop Bag, Laptop Stand",Combo bundle (Laptop + Accessories),"Battery drains quickly, Slow performance",Sometimes,Processor performance,32 GB,External Storage,Maybe,User_0472,"Wireless Mouse, Laptop Bag, External Storage, Laptop Stand, Cooling Pad"
10-03-2026 13:26,18–22,Student,HP,Studying,Satisfied,Processor,Yes,"Laptop Bag, Keyboard, Cooling Pad",Combo bundle (Laptop + Accessories),"No major issues, Low storage space",Very often,Processor performance,16 GB,Laptop Bag,Maybe,User_0473,Laptop Stand
10-03-2026 11:57,Above 40,Working Professional,Lenovo,Studying,Satisfied,Price,No,"External Hard Drive / SSD, Laptop Stand, USB Hub, Cooling Pad",Discount on accessories,Slow performance,Rarely,Processor performance,64 GB,"Mouse, Keyboard",Yes,User_0474,"Wireless Mouse, External Storage"
10-03-2026 19:07,18–22,Student,Lenovo,Programming,Satisfied,Processor,Yes,"Keyboard, External Hard Drive / SSD",Extended warranty,Battery drains quickly,Sometimes,Battery life,64 GB,"Laptop Bag, Cooling Pad",No,User_0475,"Wireless Mouse, Laptop Bag, External Storage, Cooling Pad"
10-03-2026 17:30,23–30,Working Professional,Lenovo,Studying,Satisfied,RAM,Yes,"Wireless Mouse, Keyboard, Laptop Stand",Discount on accessories,"No major issues, Slow performance",Never,Processor performance,64 GB,"Mouse, Cooling Pad",Yes,User_0476,"Wireless Mouse, Laptop Bag, Laptop Stand, Cooling Pad"
10-03-2026 13:35,18–22,Other,Dell,Programming,Satisfied,Storage,Yes,Wireless Mouse,Combo bundle (Laptop + Accessories),"Battery drains quickly, No major issues, Slow performance",Sometimes,Processor performance,32 GB,"Laptop Bag, Mouse",Maybe,User_0477,"Wireless Mouse, External Storage, Laptop Stand"
10-03-2026 13:47,18–22,Student,HP,Studying,Satisfied,Storage,Yes,"Wireless Mouse, Laptop Bag, Cooling Pad",Free accessories,"Battery drains quickly, No major issues",Never,Storage capacity,8 GB,"Mouse, Keyboard",Maybe,User_0478,"Wireless Mouse, Laptop Stand, Cooling Pad"
10-03-2026 21:20,18–22,Student,Lenovo,Studying,Satisfied,Graphics,No,"Wireless Mouse, External Hard Drive / SSD",Combo bundle (Laptop + Accessories),Slow performance,Rarely,Storage capacity,32 GB,Laptop Bag,Maybe,User_0479,"Wireless Mouse, Laptop Stand, Cooling Pad"
10-03-2026 10:20,18–22,Student,Asus,Studying,Satisfied,Storage,Yes,"Wireless Mouse, Laptop Bag, Laptop Stand",Discount on accessories,"Battery drains quickly, No major issues",Sometimes,Storage capacity,64 GB,"Laptop Bag, Mouse",Maybe,User_0480,Wireless Mouse
10-03-2026 09:41,Above 40,Business,Lenovo,Office Work,Satisfied,Processor,Yes,"Wireless Mouse, Laptop Bag, Keyboard, USB Hub",Discount on accessories,"Overheating issues, Slow performance",Sometimes,Battery life,64 GB,Laptop Bag,Yes,User_0481,"Wireless Mouse, External Storage"
10-03-2026 17:39,18–22,Student,Dell,Office Work,Satisfied,RAM,Yes,"Laptop Bag, USB Hub",Discount on accessories,Battery drains quickly,Rarely,Storage capacity,32 GB,"Laptop Bag, Mouse",Yes,User_0482,External Storage
10-03-2026 18:06,Above 40,Working Professional,Acer,Studying,Satisfied,Storage,Yes,None,Extended warranty,Slow performance,Sometimes,RAM capacity,32 GB,Cooling Pad,Maybe,User_0483,"External Storage, Laptop Stand"
10-03-2026 15:39,Above 40,Student,HP,Office Work,Neutral,Storage,Yes,"Wireless Mouse, Laptop Bag",Combo bundle (Laptop + Accessories),Insufficient RAM,Never,Processor performance,64 GB,None,Maybe,User_0484,"Laptop Bag, External Storage, Cooling Pad"
10-03-2026 13:55,18–22,Working Professional,Lenovo,Programming,Unsatisfied,Graphics,Yes,"Wireless Mouse, Laptop Bag, Keyboard, Laptop Stand",Discount on accessories,"Overheating issues, Insufficient RAM",Never,Processor performance,16 GB,Mouse,Maybe,User_0485,"Wireless Mouse, Laptop Stand"
10-03-2026 21:19,18–22,Student,Dell,Office Work,Neutral,RAM,Yes,"Wireless Mouse, Laptop Bag, Keyboard, External Hard Drive / SSD, Cooling Pad",Combo bundle (Laptop + Accessories),Battery drains quickly,Sometimes,Processor performance,64 GB,"Laptop Bag, External Storage",Yes,User_0486,"Wireless Mouse, Laptop Stand"
10-03-2026 12:32,18–22,Working Professional,Apple,Personal use,Satisfied,Storage,Yes,"Wireless Mouse, Laptop Bag",Extended warranty,"Battery drains quickly, Slow performance",Rarely,Battery life,64 GB,"Laptop Bag, Mouse, Keyboard",Maybe,User_0487,"Laptop Bag, Laptop Stand, Cooling Pad"
10-03-2026 20:03,18–22,Business,Lenovo,Office Work,Satisfied,Processor,Yes,"Wireless Mouse, Laptop Bag, Keyboard, External Hard Drive / SSD",Combo bundle (Laptop + Accessories),"Battery drains quickly, Overheating issues, No major issues, Slow performance",Rarely,Battery life,64 GB,"Laptop Bag, Mouse",Yes,User_0488,"Wireless Mouse, Laptop Stand"
10-03-2026 20:12,18–22,Student,HP,Personal use,Very satisfied,Processor,Yes,Laptop Stand,Free accessories,No major issues,Sometimes,RAM capacity,32 GB,"Mouse, Keyboard",Maybe,User_0489,"Wireless Mouse, Laptop Stand, Cooling Pad"
10-03-2026 19:15,18–22,Student,Lenovo,Office Work,Satisfied,RAM,No,"Wireless Mouse, Laptop Bag, Keyboard, External Hard Drive / SSD, Laptop Stand",Extended warranty,"Battery drains quickly, Overheating issues, Slow performance",Never,Processor performance,32 GB,Laptop Bag,Yes,User_0490,"Wireless Mouse, Laptop Bag"
10-03-2026 10:07,23–30,Working Professional,Lenovo,Programming,Satisfied,RAM,Yes,"Wireless Mouse, Keyboard, External Hard Drive / SSD",Discount on accessories,"Battery drains quickly, Overheating issues, No major issues",Rarely,Battery life,8 GB,"Laptop Bag, Keyboard, External Storage",Maybe,User_0491,"Laptop Bag, Laptop Stand, Cooling Pad"
10-03-2026 09:26,18–22,Student,HP,Studying,Satisfied,Storage,Yes,Keyboard,Free accessories,"Overheating issues, No major issues",Sometimes,RAM capacity,32 GB,"Laptop Bag, Mouse",Maybe,User_0492,"Wireless Mouse, Laptop Bag, Laptop Stand"
10-03-2026 11:36,Above 40,Working Professional,Lenovo,Studying,Neutral,Storage,Yes,"Wireless Mouse, Laptop Bag, Keyboard",Extended warranty,"Battery drains quickly, Overheating issues",Sometimes,Processor performance,16 GB,Mouse,Yes,User_0493,"Wireless Mouse, Laptop Bag, External Storage"
10-03-2026 11:28,Above 40,Working Professional,Lenovo,Studying,Very satisfied,Processor,Yes,"Wireless Mouse, Laptop Bag, External Hard Drive / SSD, USB Hub",Discount on accessories,"Battery drains quickly, No major issues",Never,Battery life,64 GB,"Mouse, Keyboard",Maybe,User_0494,"Wireless Mouse, Cooling Pad"
10-03-2026 11:52,Above 40,Working Professional,HP,Programming,Unsatisfied,Processor,Yes,USB Hub,Combo bundle (Laptop + Accessories),Slow performance,Rarely,Battery life,64 GB,Laptop Bag,Maybe,User_0495,"Laptop Bag, Cooling Pad"
10-03-2026 11:28,18–22,Student,Dell,Studying,Very satisfied,RAM,Yes,"Wireless Mouse, Laptop Bag, Keyboard",Discount on accessories,"Battery drains quickly, Slow performance, Insufficient RAM",Sometimes,Battery life,16 GB,"Laptop Bag, Keyboard, External Storage",Maybe,User_0496,"Wireless Mouse, Laptop Bag, External Storage, Laptop Stand"
10-03-2026 16:55,18–22,Student,Dell,Programming,Unsatisfied,Storage,Yes,"Wireless Mouse, USB Hub",Discount on accessories,Low storage space,Rarely,Graphics performance,32 GB,"Mouse, External Storage",Maybe,User_0497,"Laptop Stand, Cooling Pad"
10-03-2026 13:24,18–22,Student,Dell,Office Work,Satisfied,Processor,Yes,"Laptop Bag, Laptop Stand",Extended warranty,"Battery drains quickly, Overheating issues, No major issues",Very often,Processor performance,64 GB,"Mouse, Cooling Pad",Maybe,User_0498,"Wireless Mouse, Laptop Stand"
10-03-2026 10:28,Above 40,Working Professional,Dell,Office Work,Very satisfied,Graphics,Yes,Wireless Mouse,Combo bundle (Laptop + Accessories),Battery drains quickly,Rarely,Battery life,32 GB,Mouse,Maybe,User_0499,"Wireless Mouse, Laptop Bag, Cooling Pad"
10-03-2026 14:12,18–22,Student,Asus,Programming,Neutral,RAM,Yes,External Hard Drive / SSD,Combo bundle (Laptop + Accessories),Overheating issues,Sometimes,RAM capacity,64 GB,Mouse,Maybe,User_0500,"Wireless Mouse, External Storage"
